pilL_1	0	0	.	.	pilL_1
pilL_2	0	0	.	.	pilL_2
pilL_3	0	0	.	.	pilL_3
pilL_4	0	0	.	.	pilL_4
pilL_5	0	0	.	.	pilL_5
pilL_6	0	0	.	.	pilL_6
pilL_7	0	0	.	.	pilL_7
pilL_8	0	0	.	.	pilL_8
pilL_9	0	0	.	.	pilL_9
pilL_10	0	0	.	.	pilL_10
pilL_11	0	0	.	.	pilL_11
pilL_12	0	0	.	.	pilL_12
pilL_13	0	0	.	.	pilL_13
pilL_14	0	0	.	.	pilL_14
pilL_15	0	0	.	.	pilL_15
pilL_16	0	0	.	.	pilL_16
pilL_17	0	0	.	.	pilL_17
pilL_18	0	0	.	.	pilL_18
pilL_19	0	0	.	.	pilL_19
pilL_20	0	0	.	.	pilL_20
pilL_21	0	0	.	.	pilL_21
pilL_22	0	0	.	.	pilL_22
pilL_23	0	0	.	.	pilL_23
pilL_24	0	0	.	.	pilL_24
pilL_25	0	0	.	.	pilL_25
pilL_26	0	0	.	.	pilL_26
pilL_27	0	0	.	.	pilL_27
