dinB.1	0	0	.	.	.
dinB.10	0	0	.	.	.
dinB.100	0	0	.	.	.
dinB.101	0	0	.	.	.
dinB.102	0	0	.	.	.
dinB.103	0	0	.	.	.
dinB.104	0	0	.	.	.
dinB.105	0	0	.	.	.
dinB.106	0	0	.	.	.
dinB.107	0	0	.	.	.
dinB.108	0	0	.	.	.
dinB.109	0	0	.	.	.
dinB.11	0	0	.	.	.
dinB.110	0	0	.	.	.
dinB.111	0	0	.	.	.
dinB.112	0	0	.	.	.
dinB.113	0	0	.	.	.
dinB.114	0	0	.	.	.
dinB.115	0	0	.	.	.
dinB.116	0	0	.	.	.
dinB.117	0	0	.	.	.
dinB.118	0	0	.	.	.
dinB.119	0	0	.	.	.
dinB.12	0	0	.	.	.
dinB.120	0	0	.	.	.
dinB.121	0	0	.	.	.
dinB.122	0	0	.	.	.
dinB.123	0	0	.	.	.
dinB.124	0	0	.	.	.
dinB.125	0	0	.	.	.
dinB.126	0	0	.	.	.
dinB.127	0	0	.	.	.
dinB.128	0	0	.	.	.
dinB.129	0	0	.	.	.
dinB.13	0	0	.	.	.
dinB.130	0	0	.	.	.
dinB.131	0	0	.	.	.
dinB.132	0	0	.	.	.
dinB.133	0	0	.	.	.
dinB.134	0	0	.	.	.
dinB.135	0	0	.	.	.
dinB.136	0	0	.	.	.
dinB.137	0	0	.	.	.
dinB.138	0	0	.	.	.
dinB.139	0	0	.	.	.
dinB.14	0	0	.	.	.
dinB.15	0	0	.	.	.
dinB.16	0	0	.	.	.
dinB.17	0	0	.	.	.
dinB.18	0	0	.	.	.
dinB.19	0	0	.	.	.
dinB.2	0	0	.	.	.
dinB.20	0	0	.	.	.
dinB.21	0	0	.	.	.
dinB.22	0	0	.	.	.
dinB.23	0	0	.	.	.
dinB.24	0	0	.	.	.
dinB.25	0	0	.	.	.
dinB.26	0	0	.	.	.
dinB.27	0	0	.	.	.
dinB.28	0	0	.	.	.
dinB.29	0	0	.	.	.
dinB.3	0	0	.	.	.
dinB.30	0	0	.	.	.
dinB.31	0	0	.	.	.
dinB.32	0	0	.	.	.
dinB.33	0	0	.	.	.
dinB.34	0	0	.	.	.
dinB.35	0	0	.	.	.
dinB.36	0	0	.	.	.
dinB.37	0	0	.	.	.
dinB.38	0	0	.	.	.
dinB.39	0	0	.	.	.
dinB.4	0	0	.	.	.
dinB.40	0	0	.	.	.
dinB.41	0	0	.	.	.
dinB.42	0	0	.	.	.
dinB.43	0	0	.	.	.
dinB.44	0	0	.	.	.
dinB.45	0	0	.	.	.
dinB.46	0	0	.	.	.
dinB.47	0	0	.	.	.
dinB.48	0	0	.	.	.
dinB.49	0	0	.	.	.
dinB.5	0	0	.	.	.
dinB.50	0	0	.	.	.
dinB.51	0	0	.	.	.
dinB.52	0	0	.	.	.
dinB.53	0	0	.	.	.
dinB.54	0	0	.	.	.
dinB.55	0	0	.	.	.
dinB.56	0	0	.	.	.
dinB.57	0	0	.	.	.
dinB.58	0	0	.	.	.
dinB.59	0	0	.	.	.
dinB.6	0	0	.	.	.
dinB.60	0	0	.	.	.
dinB.61	0	0	.	.	.
dinB.62	0	0	.	.	.
dinB.63	0	0	.	.	.
dinB.64	0	0	.	.	.
dinB.65	0	0	.	.	.
dinB.66	0	0	.	.	.
dinB.67	0	0	.	.	.
dinB.68	0	0	.	.	.
dinB.69	0	0	.	.	.
dinB.7	0	0	.	.	.
dinB.70	0	0	.	.	.
dinB.71	0	0	.	.	.
dinB.72	0	0	.	.	.
dinB.73	0	0	.	.	.
dinB.74	0	0	.	.	.
dinB.75	0	0	.	.	.
dinB.76	0	0	.	.	.
dinB.77	0	0	.	.	.
dinB.78	0	0	.	.	.
dinB.79	0	0	.	.	.
dinB.8	0	0	.	.	.
dinB.80	0	0	.	.	.
dinB.81	0	0	.	.	.
dinB.82	0	0	.	.	.
dinB.83	0	0	.	.	.
dinB.84	0	0	.	.	.
dinB.85	0	0	.	.	.
dinB.86	0	0	.	.	.
dinB.87	0	0	.	.	.
dinB.88	0	0	.	.	.
dinB.89	0	0	.	.	.
dinB.9	0	0	.	.	.
dinB.90	0	0	.	.	.
dinB.91	0	0	.	.	.
dinB.92	0	0	.	.	.
dinB.93	0	0	.	.	.
dinB.94	0	0	.	.	.
dinB.95	0	0	.	.	.
dinB.96	0	0	.	.	.
dinB.97	0	0	.	.	.
dinB.98	0	0	.	.	.
dinB.99	0	0	.	.	.
icdA.1	0	0	.	.	.
icdA.10	0	0	.	.	.
icdA.100	0	0	.	.	.
icdA.101	0	0	.	.	.
icdA.102	0	0	.	.	.
icdA.103	0	0	.	.	.
icdA.104	0	0	.	.	.
icdA.105	0	0	.	.	.
icdA.106	0	0	.	.	.
icdA.107	0	0	.	.	.
icdA.108	0	0	.	.	.
icdA.109	0	0	.	.	.
icdA.11	0	0	.	.	.
icdA.110	0	0	.	.	.
icdA.111	0	0	.	.	.
icdA.112	0	0	.	.	.
icdA.113	0	0	.	.	.
icdA.114	0	0	.	.	.
icdA.115	0	0	.	.	.
icdA.116	0	0	.	.	.
icdA.117	0	0	.	.	.
icdA.118	0	0	.	.	.
icdA.119	0	0	.	.	.
icdA.12	0	0	.	.	.
icdA.120	0	0	.	.	.
icdA.121	0	0	.	.	.
icdA.122	0	0	.	.	.
icdA.123	0	0	.	.	.
icdA.124	0	0	.	.	.
icdA.125	0	0	.	.	.
icdA.126	0	0	.	.	.
icdA.127	0	0	.	.	.
icdA.128	0	0	.	.	.
icdA.129	0	0	.	.	.
icdA.13	0	0	.	.	.
icdA.130	0	0	.	.	.
icdA.131	0	0	.	.	.
icdA.132	0	0	.	.	.
icdA.133	0	0	.	.	.
icdA.134	0	0	.	.	.
icdA.135	0	0	.	.	.
icdA.136	0	0	.	.	.
icdA.137	0	0	.	.	.
icdA.138	0	0	.	.	.
icdA.139	0	0	.	.	.
icdA.14	0	0	.	.	.
icdA.140	0	0	.	.	.
icdA.141	0	0	.	.	.
icdA.142	0	0	.	.	.
icdA.143	0	0	.	.	.
icdA.144	0	0	.	.	.
icdA.145	0	0	.	.	.
icdA.146	0	0	.	.	.
icdA.147	0	0	.	.	.
icdA.148	0	0	.	.	.
icdA.149	0	0	.	.	.
icdA.15	0	0	.	.	.
icdA.150	0	0	.	.	.
icdA.151	0	0	.	.	.
icdA.152	0	0	.	.	.
icdA.153	0	0	.	.	.
icdA.154	0	0	.	.	.
icdA.155	0	0	.	.	.
icdA.156	0	0	.	.	.
icdA.157	0	0	.	.	.
icdA.158	0	0	.	.	.
icdA.159	0	0	.	.	.
icdA.16	0	0	.	.	.
icdA.160	0	0	.	.	.
icdA.161	0	0	.	.	.
icdA.162	0	0	.	.	.
icdA.163	0	0	.	.	.
icdA.164	0	0	.	.	.
icdA.165	0	0	.	.	.
icdA.166	0	0	.	.	.
icdA.167	0	0	.	.	.
icdA.168	0	0	.	.	.
icdA.169	0	0	.	.	.
icdA.17	0	0	.	.	.
icdA.170	0	0	.	.	.
icdA.171	0	0	.	.	.
icdA.172	0	0	.	.	.
icdA.173	0	0	.	.	.
icdA.174	0	0	.	.	.
icdA.175	0	0	.	.	.
icdA.176	0	0	.	.	.
icdA.177	0	0	.	.	.
icdA.178	0	0	.	.	.
icdA.179	0	0	.	.	.
icdA.18	0	0	.	.	.
icdA.180	0	0	.	.	.
icdA.181	0	0	.	.	.
icdA.182	0	0	.	.	.
icdA.183	0	0	.	.	.
icdA.184	0	0	.	.	.
icdA.185	0	0	.	.	.
icdA.186	0	0	.	.	.
icdA.187	0	0	.	.	.
icdA.188	0	0	.	.	.
icdA.189	0	0	.	.	.
icdA.19	0	0	.	.	.
icdA.190	0	0	.	.	.
icdA.191	0	0	.	.	.
icdA.192	0	0	.	.	.
icdA.193	0	0	.	.	.
icdA.194	0	0	.	.	.
icdA.195	0	0	.	.	.
icdA.196	0	0	.	.	.
icdA.197	0	0	.	.	.
icdA.198	0	0	.	.	.
icdA.199	0	0	.	.	.
icdA.2	0	0	.	.	.
icdA.20	0	0	.	.	.
icdA.200	0	0	.	.	.
icdA.201	0	0	.	.	.
icdA.202	0	0	.	.	.
icdA.203	0	0	.	.	.
icdA.204	0	0	.	.	.
icdA.205	0	0	.	.	.
icdA.206	0	0	.	.	.
icdA.207	0	0	.	.	.
icdA.208	0	0	.	.	.
icdA.209	0	0	.	.	.
icdA.21	0	0	.	.	.
icdA.210	0	0	.	.	.
icdA.211	0	0	.	.	.
icdA.212	0	0	.	.	.
icdA.213	0	0	.	.	.
icdA.214	0	0	.	.	.
icdA.215	0	0	.	.	.
icdA.216	0	0	.	.	.
icdA.217	0	0	.	.	.
icdA.218	0	0	.	.	.
icdA.219	0	0	.	.	.
icdA.22	0	0	.	.	.
icdA.220	0	0	.	.	.
icdA.221	0	0	.	.	.
icdA.222	0	0	.	.	.
icdA.223	0	0	.	.	.
icdA.224	0	0	.	.	.
icdA.225	0	0	.	.	.
icdA.226	0	0	.	.	.
icdA.227	0	0	.	.	.
icdA.228	0	0	.	.	.
icdA.229	0	0	.	.	.
icdA.23	0	0	.	.	.
icdA.230	0	0	.	.	.
icdA.231	0	0	.	.	.
icdA.232	0	0	.	.	.
icdA.233	0	0	.	.	.
icdA.234	0	0	.	.	.
icdA.235	0	0	.	.	.
icdA.236	0	0	.	.	.
icdA.237	0	0	.	.	.
icdA.238	0	0	.	.	.
icdA.239	0	0	.	.	.
icdA.24	0	0	.	.	.
icdA.240	0	0	.	.	.
icdA.241	0	0	.	.	.
icdA.242	0	0	.	.	.
icdA.243	0	0	.	.	.
icdA.244	0	0	.	.	.
icdA.245	0	0	.	.	.
icdA.246	0	0	.	.	.
icdA.247	0	0	.	.	.
icdA.248	0	0	.	.	.
icdA.249	0	0	.	.	.
icdA.25	0	0	.	.	.
icdA.250	0	0	.	.	.
icdA.251	0	0	.	.	.
icdA.252	0	0	.	.	.
icdA.253	0	0	.	.	.
icdA.254	0	0	.	.	.
icdA.255	0	0	.	.	.
icdA.256	0	0	.	.	.
icdA.257	0	0	.	.	.
icdA.258	0	0	.	.	.
icdA.259	0	0	.	.	.
icdA.26	0	0	.	.	.
icdA.260	0	0	.	.	.
icdA.261	0	0	.	.	.
icdA.262	0	0	.	.	.
icdA.263	0	0	.	.	.
icdA.264	0	0	.	.	.
icdA.265	0	0	.	.	.
icdA.266	0	0	.	.	.
icdA.267	0	0	.	.	.
icdA.268	0	0	.	.	.
icdA.269	0	0	.	.	.
icdA.27	0	0	.	.	.
icdA.270	0	0	.	.	.
icdA.271	0	0	.	.	.
icdA.272	0	0	.	.	.
icdA.273	0	0	.	.	.
icdA.274	0	0	.	.	.
icdA.275	0	0	.	.	.
icdA.276	0	0	.	.	.
icdA.277	0	0	.	.	.
icdA.278	0	0	.	.	.
icdA.279	0	0	.	.	.
icdA.28	0	0	.	.	.
icdA.280	0	0	.	.	.
icdA.281	0	0	.	.	.
icdA.282	0	0	.	.	.
icdA.29	0	0	.	.	.
icdA.3	0	0	.	.	.
icdA.30	0	0	.	.	.
icdA.31	0	0	.	.	.
icdA.32	0	0	.	.	.
icdA.33	0	0	.	.	.
icdA.34	0	0	.	.	.
icdA.35	0	0	.	.	.
icdA.36	0	0	.	.	.
icdA.37	0	0	.	.	.
icdA.38	0	0	.	.	.
icdA.39	0	0	.	.	.
icdA.4	0	0	.	.	.
icdA.40	0	0	.	.	.
icdA.41	0	0	.	.	.
icdA.42	0	0	.	.	.
icdA.43	0	0	.	.	.
icdA.44	0	0	.	.	.
icdA.45	0	0	.	.	.
icdA.46	0	0	.	.	.
icdA.47	0	0	.	.	.
icdA.48	0	0	.	.	.
icdA.49	0	0	.	.	.
icdA.5	0	0	.	.	.
icdA.50	0	0	.	.	.
icdA.51	0	0	.	.	.
icdA.52	0	0	.	.	.
icdA.53	0	0	.	.	.
icdA.54	0	0	.	.	.
icdA.55	0	0	.	.	.
icdA.56	0	0	.	.	.
icdA.57	0	0	.	.	.
icdA.58	0	0	.	.	.
icdA.59	0	0	.	.	.
icdA.6	0	0	.	.	.
icdA.60	0	0	.	.	.
icdA.61	0	0	.	.	.
icdA.62	0	0	.	.	.
icdA.63	0	0	.	.	.
icdA.64	0	0	.	.	.
icdA.65	0	0	.	.	.
icdA.66	0	0	.	.	.
icdA.67	0	0	.	.	.
icdA.68	0	0	.	.	.
icdA.69	0	0	.	.	.
icdA.7	0	0	.	.	.
icdA.70	0	0	.	.	.
icdA.71	0	0	.	.	.
icdA.72	0	0	.	.	.
icdA.73	0	0	.	.	.
icdA.74	0	0	.	.	.
icdA.75	0	0	.	.	.
icdA.76	0	0	.	.	.
icdA.77	0	0	.	.	.
icdA.78	0	0	.	.	.
icdA.79	0	0	.	.	.
icdA.8	0	0	.	.	.
icdA.80	0	0	.	.	.
icdA.81	0	0	.	.	.
icdA.82	0	0	.	.	.
icdA.83	0	0	.	.	.
icdA.84	0	0	.	.	.
icdA.85	0	0	.	.	.
icdA.86	0	0	.	.	.
icdA.87	0	0	.	.	.
icdA.88	0	0	.	.	.
icdA.89	0	0	.	.	.
icdA.9	0	0	.	.	.
icdA.90	0	0	.	.	.
icdA.91	0	0	.	.	.
icdA.92	0	0	.	.	.
icdA.93	0	0	.	.	.
icdA.94	0	0	.	.	.
icdA.95	0	0	.	.	.
icdA.96	0	0	.	.	.
icdA.97	0	0	.	.	.
icdA.98	0	0	.	.	.
icdA.99	0	0	.	.	.
pabB.1	0	0	.	.	.
pabB.10	0	0	.	.	.
pabB.100	0	0	.	.	.
pabB.101	0	0	.	.	.
pabB.102	0	0	.	.	.
pabB.103	0	0	.	.	.
pabB.104	0	0	.	.	.
pabB.105	0	0	.	.	.
pabB.106	0	0	.	.	.
pabB.107	0	0	.	.	.
pabB.108	0	0	.	.	.
pabB.109	0	0	.	.	.
pabB.11	0	0	.	.	.
pabB.110	0	0	.	.	.
pabB.111	0	0	.	.	.
pabB.112	0	0	.	.	.
pabB.113	0	0	.	.	.
pabB.114	0	0	.	.	.
pabB.115	0	0	.	.	.
pabB.116	0	0	.	.	.
pabB.117	0	0	.	.	.
pabB.118	0	0	.	.	.
pabB.119	0	0	.	.	.
pabB.12	0	0	.	.	.
pabB.120	0	0	.	.	.
pabB.121	0	0	.	.	.
pabB.122	0	0	.	.	.
pabB.123	0	0	.	.	.
pabB.124	0	0	.	.	.
pabB.125	0	0	.	.	.
pabB.126	0	0	.	.	.
pabB.127	0	0	.	.	.
pabB.128	0	0	.	.	.
pabB.129	0	0	.	.	.
pabB.13	0	0	.	.	.
pabB.130	0	0	.	.	.
pabB.131	0	0	.	.	.
pabB.132	0	0	.	.	.
pabB.133	0	0	.	.	.
pabB.134	0	0	.	.	.
pabB.135	0	0	.	.	.
pabB.136	0	0	.	.	.
pabB.137	0	0	.	.	.
pabB.138	0	0	.	.	.
pabB.139	0	0	.	.	.
pabB.14	0	0	.	.	.
pabB.140	0	0	.	.	.
pabB.141	0	0	.	.	.
pabB.142	0	0	.	.	.
pabB.143	0	0	.	.	.
pabB.144	0	0	.	.	.
pabB.145	0	0	.	.	.
pabB.146	0	0	.	.	.
pabB.147	0	0	.	.	.
pabB.148	0	0	.	.	.
pabB.149	0	0	.	.	.
pabB.15	0	0	.	.	.
pabB.150	0	0	.	.	.
pabB.151	0	0	.	.	.
pabB.152	0	0	.	.	.
pabB.153	0	0	.	.	.
pabB.154	0	0	.	.	.
pabB.155	0	0	.	.	.
pabB.156	0	0	.	.	.
pabB.157	0	0	.	.	.
pabB.158	0	0	.	.	.
pabB.159	0	0	.	.	.
pabB.16	0	0	.	.	.
pabB.160	0	0	.	.	.
pabB.161	0	0	.	.	.
pabB.162	0	0	.	.	.
pabB.163	0	0	.	.	.
pabB.164	0	0	.	.	.
pabB.165	0	0	.	.	.
pabB.166	0	0	.	.	.
pabB.167	0	0	.	.	.
pabB.168	0	0	.	.	.
pabB.169	0	0	.	.	.
pabB.17	0	0	.	.	.
pabB.170	0	0	.	.	.
pabB.171	0	0	.	.	.
pabB.172	0	0	.	.	.
pabB.173	0	0	.	.	.
pabB.174	0	0	.	.	.
pabB.175	0	0	.	.	.
pabB.176	0	0	.	.	.
pabB.177	0	0	.	.	.
pabB.178	0	0	.	.	.
pabB.18	0	0	.	.	.
pabB.19	0	0	.	.	.
pabB.2	0	0	.	.	.
pabB.20	0	0	.	.	.
pabB.21	0	0	.	.	.
pabB.22	0	0	.	.	.
pabB.23	0	0	.	.	.
pabB.24	0	0	.	.	.
pabB.25	0	0	.	.	.
pabB.26	0	0	.	.	.
pabB.27	0	0	.	.	.
pabB.28	0	0	.	.	.
pabB.29	0	0	.	.	.
pabB.3	0	0	.	.	.
pabB.30	0	0	.	.	.
pabB.31	0	0	.	.	.
pabB.32	0	0	.	.	.
pabB.33	0	0	.	.	.
pabB.34	0	0	.	.	.
pabB.35	0	0	.	.	.
pabB.36	0	0	.	.	.
pabB.37	0	0	.	.	.
pabB.38	0	0	.	.	.
pabB.39	0	0	.	.	.
pabB.4	0	0	.	.	.
pabB.40	0	0	.	.	.
pabB.41	0	0	.	.	.
pabB.42	0	0	.	.	.
pabB.43	0	0	.	.	.
pabB.44	0	0	.	.	.
pabB.45	0	0	.	.	.
pabB.46	0	0	.	.	.
pabB.47	0	0	.	.	.
pabB.48	0	0	.	.	.
pabB.49	0	0	.	.	.
pabB.5	0	0	.	.	.
pabB.50	0	0	.	.	.
pabB.51	0	0	.	.	.
pabB.52	0	0	.	.	.
pabB.53	0	0	.	.	.
pabB.54	0	0	.	.	.
pabB.55	0	0	.	.	.
pabB.56	0	0	.	.	.
pabB.57	0	0	.	.	.
pabB.58	0	0	.	.	.
pabB.59	0	0	.	.	.
pabB.6	0	0	.	.	.
pabB.60	0	0	.	.	.
pabB.61	0	0	.	.	.
pabB.62	0	0	.	.	.
pabB.63	0	0	.	.	.
pabB.64	0	0	.	.	.
pabB.65	0	0	.	.	.
pabB.66	0	0	.	.	.
pabB.67	0	0	.	.	.
pabB.68	0	0	.	.	.
pabB.69	0	0	.	.	.
pabB.7	0	0	.	.	.
pabB.70	0	0	.	.	.
pabB.71	0	0	.	.	.
pabB.72	0	0	.	.	.
pabB.73	0	0	.	.	.
pabB.74	0	0	.	.	.
pabB.75	0	0	.	.	.
pabB.76	0	0	.	.	.
pabB.77	0	0	.	.	.
pabB.78	0	0	.	.	.
pabB.79	0	0	.	.	.
pabB.8	0	0	.	.	.
pabB.80	0	0	.	.	.
pabB.81	0	0	.	.	.
pabB.82	0	0	.	.	.
pabB.83	0	0	.	.	.
pabB.84	0	0	.	.	.
pabB.85	0	0	.	.	.
pabB.86	0	0	.	.	.
pabB.87	0	0	.	.	.
pabB.88	0	0	.	.	.
pabB.89	0	0	.	.	.
pabB.9	0	0	.	.	.
pabB.90	0	0	.	.	.
pabB.91	0	0	.	.	.
pabB.92	0	0	.	.	.
pabB.93	0	0	.	.	.
pabB.94	0	0	.	.	.
pabB.95	0	0	.	.	.
pabB.96	0	0	.	.	.
pabB.97	0	0	.	.	.
pabB.98	0	0	.	.	.
pabB.99	0	0	.	.	.
polB.1	0	0	.	.	.
polB.10	0	0	.	.	.
polB.100	0	0	.	.	.
polB.101	0	0	.	.	.
polB.102	0	0	.	.	.
polB.103	0	0	.	.	.
polB.104	0	0	.	.	.
polB.105	0	0	.	.	.
polB.106	0	0	.	.	.
polB.107	0	0	.	.	.
polB.108	0	0	.	.	.
polB.109	0	0	.	.	.
polB.11	0	0	.	.	.
polB.110	0	0	.	.	.
polB.111	0	0	.	.	.
polB.112	0	0	.	.	.
polB.113	0	0	.	.	.
polB.114	0	0	.	.	.
polB.115	0	0	.	.	.
polB.116	0	0	.	.	.
polB.117	0	0	.	.	.
polB.118	0	0	.	.	.
polB.119	0	0	.	.	.
polB.12	0	0	.	.	.
polB.120	0	0	.	.	.
polB.121	0	0	.	.	.
polB.122	0	0	.	.	.
polB.123	0	0	.	.	.
polB.124	0	0	.	.	.
polB.125	0	0	.	.	.
polB.126	0	0	.	.	.
polB.127	0	0	.	.	.
polB.128	0	0	.	.	.
polB.129	0	0	.	.	.
polB.13	0	0	.	.	.
polB.130	0	0	.	.	.
polB.131	0	0	.	.	.
polB.132	0	0	.	.	.
polB.133	0	0	.	.	.
polB.134	0	0	.	.	.
polB.135	0	0	.	.	.
polB.136	0	0	.	.	.
polB.137	0	0	.	.	.
polB.138	0	0	.	.	.
polB.139	0	0	.	.	.
polB.14	0	0	.	.	.
polB.140	0	0	.	.	.
polB.141	0	0	.	.	.
polB.142	0	0	.	.	.
polB.143	0	0	.	.	.
polB.144	0	0	.	.	.
polB.145	0	0	.	.	.
polB.146	0	0	.	.	.
polB.147	0	0	.	.	.
polB.148	0	0	.	.	.
polB.149	0	0	.	.	.
polB.15	0	0	.	.	.
polB.150	0	0	.	.	.
polB.151	0	0	.	.	.
polB.152	0	0	.	.	.
polB.153	0	0	.	.	.
polB.154	0	0	.	.	.
polB.155	0	0	.	.	.
polB.156	0	0	.	.	.
polB.157	0	0	.	.	.
polB.158	0	0	.	.	.
polB.159	0	0	.	.	.
polB.16	0	0	.	.	.
polB.160	0	0	.	.	.
polB.161	0	0	.	.	.
polB.162	0	0	.	.	.
polB.163	0	0	.	.	.
polB.164	0	0	.	.	.
polB.165	0	0	.	.	.
polB.166	0	0	.	.	.
polB.167	0	0	.	.	.
polB.168	0	0	.	.	.
polB.169	0	0	.	.	.
polB.17	0	0	.	.	.
polB.170	0	0	.	.	.
polB.171	0	0	.	.	.
polB.172	0	0	.	.	.
polB.173	0	0	.	.	.
polB.174	0	0	.	.	.
polB.175	0	0	.	.	.
polB.176	0	0	.	.	.
polB.177	0	0	.	.	.
polB.178	0	0	.	.	.
polB.179	0	0	.	.	.
polB.18	0	0	.	.	.
polB.180	0	0	.	.	.
polB.181	0	0	.	.	.
polB.182	0	0	.	.	.
polB.183	0	0	.	.	.
polB.184	0	0	.	.	.
polB.19	0	0	.	.	.
polB.2	0	0	.	.	.
polB.20	0	0	.	.	.
polB.21	0	0	.	.	.
polB.22	0	0	.	.	.
polB.23	0	0	.	.	.
polB.24	0	0	.	.	.
polB.25	0	0	.	.	.
polB.26	0	0	.	.	.
polB.27	0	0	.	.	.
polB.28	0	0	.	.	.
polB.29	0	0	.	.	.
polB.3	0	0	.	.	.
polB.30	0	0	.	.	.
polB.31	0	0	.	.	.
polB.32	0	0	.	.	.
polB.33	0	0	.	.	.
polB.34	0	0	.	.	.
polB.35	0	0	.	.	.
polB.36	0	0	.	.	.
polB.37	0	0	.	.	.
polB.38	0	0	.	.	.
polB.39	0	0	.	.	.
polB.4	0	0	.	.	.
polB.40	0	0	.	.	.
polB.41	0	0	.	.	.
polB.42	0	0	.	.	.
polB.43	0	0	.	.	.
polB.44	0	0	.	.	.
polB.45	0	0	.	.	.
polB.46	0	0	.	.	.
polB.47	0	0	.	.	.
polB.48	0	0	.	.	.
polB.49	0	0	.	.	.
polB.5	0	0	.	.	.
polB.50	0	0	.	.	.
polB.51	0	0	.	.	.
polB.52	0	0	.	.	.
polB.53	0	0	.	.	.
polB.54	0	0	.	.	.
polB.55	0	0	.	.	.
polB.56	0	0	.	.	.
polB.57	0	0	.	.	.
polB.58	0	0	.	.	.
polB.59	0	0	.	.	.
polB.6	0	0	.	.	.
polB.60	0	0	.	.	.
polB.61	0	0	.	.	.
polB.62	0	0	.	.	.
polB.63	0	0	.	.	.
polB.64	0	0	.	.	.
polB.65	0	0	.	.	.
polB.66	0	0	.	.	.
polB.67	0	0	.	.	.
polB.68	0	0	.	.	.
polB.69	0	0	.	.	.
polB.7	0	0	.	.	.
polB.70	0	0	.	.	.
polB.71	0	0	.	.	.
polB.72	0	0	.	.	.
polB.73	0	0	.	.	.
polB.74	0	0	.	.	.
polB.75	0	0	.	.	.
polB.76	0	0	.	.	.
polB.77	0	0	.	.	.
polB.78	0	0	.	.	.
polB.79	0	0	.	.	.
polB.8	0	0	.	.	.
polB.80	0	0	.	.	.
polB.81	0	0	.	.	.
polB.82	0	0	.	.	.
polB.83	0	0	.	.	.
polB.84	0	0	.	.	.
polB.85	0	0	.	.	.
polB.86	0	0	.	.	.
polB.87	0	0	.	.	.
polB.88	0	0	.	.	.
polB.89	0	0	.	.	.
polB.9	0	0	.	.	.
polB.90	0	0	.	.	.
polB.91	0	0	.	.	.
polB.92	0	0	.	.	.
polB.93	0	0	.	.	.
polB.94	0	0	.	.	.
polB.95	0	0	.	.	.
polB.96	0	0	.	.	.
polB.97	0	0	.	.	.
polB.98	0	0	.	.	.
polB.99	0	0	.	.	.
putP.1	0	0	.	.	.
putP.10	0	0	.	.	.
putP.100	0	0	.	.	.
putP.101	0	0	.	.	.
putP.102	0	0	.	.	.
putP.103	0	0	.	.	.
putP.104	0	0	.	.	.
putP.105	0	0	.	.	.
putP.106	0	0	.	.	.
putP.107	0	0	.	.	.
putP.108	0	0	.	.	.
putP.109	0	0	.	.	.
putP.11	0	0	.	.	.
putP.110	0	0	.	.	.
putP.111	0	0	.	.	.
putP.112	0	0	.	.	.
putP.113	0	0	.	.	.
putP.114	0	0	.	.	.
putP.115	0	0	.	.	.
putP.116	0	0	.	.	.
putP.117	0	0	.	.	.
putP.118	0	0	.	.	.
putP.119	0	0	.	.	.
putP.12	0	0	.	.	.
putP.120	0	0	.	.	.
putP.121	0	0	.	.	.
putP.122	0	0	.	.	.
putP.123	0	0	.	.	.
putP.124	0	0	.	.	.
putP.125	0	0	.	.	.
putP.126	0	0	.	.	.
putP.127	0	0	.	.	.
putP.128	0	0	.	.	.
putP.129	0	0	.	.	.
putP.13	0	0	.	.	.
putP.130	0	0	.	.	.
putP.131	0	0	.	.	.
putP.132	0	0	.	.	.
putP.133	0	0	.	.	.
putP.134	0	0	.	.	.
putP.135	0	0	.	.	.
putP.136	0	0	.	.	.
putP.137	0	0	.	.	.
putP.138	0	0	.	.	.
putP.139	0	0	.	.	.
putP.14	0	0	.	.	.
putP.140	0	0	.	.	.
putP.141	0	0	.	.	.
putP.142	0	0	.	.	.
putP.143	0	0	.	.	.
putP.144	0	0	.	.	.
putP.145	0	0	.	.	.
putP.146	0	0	.	.	.
putP.147	0	0	.	.	.
putP.148	0	0	.	.	.
putP.149	0	0	.	.	.
putP.15	0	0	.	.	.
putP.150	0	0	.	.	.
putP.151	0	0	.	.	.
putP.152	0	0	.	.	.
putP.153	0	0	.	.	.
putP.154	0	0	.	.	.
putP.155	0	0	.	.	.
putP.156	0	0	.	.	.
putP.157	0	0	.	.	.
putP.158	0	0	.	.	.
putP.159	0	0	.	.	.
putP.16	0	0	.	.	.
putP.160	0	0	.	.	.
putP.161	0	0	.	.	.
putP.162	0	0	.	.	.
putP.163	0	0	.	.	.
putP.164	0	0	.	.	.
putP.165	0	0	.	.	.
putP.166	0	0	.	.	.
putP.167	0	0	.	.	.
putP.168	0	0	.	.	.
putP.169	0	0	.	.	.
putP.17	0	0	.	.	.
putP.170	0	0	.	.	.
putP.171	0	0	.	.	.
putP.172	0	0	.	.	.
putP.173	0	0	.	.	.
putP.174	0	0	.	.	.
putP.175	0	0	.	.	.
putP.176	0	0	.	.	.
putP.177	0	0	.	.	.
putP.178	0	0	.	.	.
putP.179	0	0	.	.	.
putP.18	0	0	.	.	.
putP.180	0	0	.	.	.
putP.181	0	0	.	.	.
putP.182	0	0	.	.	.
putP.183	0	0	.	.	.
putP.184	0	0	.	.	.
putP.185	0	0	.	.	.
putP.186	0	0	.	.	.
putP.187	0	0	.	.	.
putP.188	0	0	.	.	.
putP.189	0	0	.	.	.
putP.19	0	0	.	.	.
putP.190	0	0	.	.	.
putP.191	0	0	.	.	.
putP.192	0	0	.	.	.
putP.2	0	0	.	.	.
putP.20	0	0	.	.	.
putP.21	0	0	.	.	.
putP.22	0	0	.	.	.
putP.23	0	0	.	.	.
putP.24	0	0	.	.	.
putP.25	0	0	.	.	.
putP.26	0	0	.	.	.
putP.27	0	0	.	.	.
putP.28	0	0	.	.	.
putP.29	0	0	.	.	.
putP.3	0	0	.	.	.
putP.30	0	0	.	.	.
putP.31	0	0	.	.	.
putP.32	0	0	.	.	.
putP.33	0	0	.	.	.
putP.34	0	0	.	.	.
putP.35	0	0	.	.	.
putP.36	0	0	.	.	.
putP.37	0	0	.	.	.
putP.38	0	0	.	.	.
putP.39	0	0	.	.	.
putP.4	0	0	.	.	.
putP.40	0	0	.	.	.
putP.41	0	0	.	.	.
putP.42	0	0	.	.	.
putP.43	0	0	.	.	.
putP.44	0	0	.	.	.
putP.45	0	0	.	.	.
putP.46	0	0	.	.	.
putP.47	0	0	.	.	.
putP.48	0	0	.	.	.
putP.49	0	0	.	.	.
putP.5	0	0	.	.	.
putP.50	0	0	.	.	.
putP.51	0	0	.	.	.
putP.52	0	0	.	.	.
putP.53	0	0	.	.	.
putP.54	0	0	.	.	.
putP.55	0	0	.	.	.
putP.56	0	0	.	.	.
putP.57	0	0	.	.	.
putP.58	0	0	.	.	.
putP.59	0	0	.	.	.
putP.6	0	0	.	.	.
putP.60	0	0	.	.	.
putP.61	0	0	.	.	.
putP.62	0	0	.	.	.
putP.63	0	0	.	.	.
putP.64	0	0	.	.	.
putP.65	0	0	.	.	.
putP.66	0	0	.	.	.
putP.67	0	0	.	.	.
putP.68	0	0	.	.	.
putP.69	0	0	.	.	.
putP.7	0	0	.	.	.
putP.70	0	0	.	.	.
putP.71	0	0	.	.	.
putP.72	0	0	.	.	.
putP.73	0	0	.	.	.
putP.74	0	0	.	.	.
putP.75	0	0	.	.	.
putP.76	0	0	.	.	.
putP.77	0	0	.	.	.
putP.78	0	0	.	.	.
putP.79	0	0	.	.	.
putP.8	0	0	.	.	.
putP.80	0	0	.	.	.
putP.81	0	0	.	.	.
putP.82	0	0	.	.	.
putP.83	0	0	.	.	.
putP.84	0	0	.	.	.
putP.85	0	0	.	.	.
putP.86	0	0	.	.	.
putP.87	0	0	.	.	.
putP.88	0	0	.	.	.
putP.89	0	0	.	.	.
putP.9	0	0	.	.	.
putP.90	0	0	.	.	.
putP.91	0	0	.	.	.
putP.92	0	0	.	.	.
putP.93	0	0	.	.	.
putP.94	0	0	.	.	.
putP.95	0	0	.	.	.
putP.96	0	0	.	.	.
putP.97	0	0	.	.	.
putP.98	0	0	.	.	.
putP.99	0	0	.	.	.
trpA.1	0	0	.	.	.
trpA.10	0	0	.	.	.
trpA.100	0	0	.	.	.
trpA.101	0	0	.	.	.
trpA.102	0	0	.	.	.
trpA.103	0	0	.	.	.
trpA.104	0	0	.	.	.
trpA.105	0	0	.	.	.
trpA.106	0	0	.	.	.
trpA.107	0	0	.	.	.
trpA.108	0	0	.	.	.
trpA.109	0	0	.	.	.
trpA.11	0	0	.	.	.
trpA.110	0	0	.	.	.
trpA.111	0	0	.	.	.
trpA.112	0	0	.	.	.
trpA.113	0	0	.	.	.
trpA.114	0	0	.	.	.
trpA.115	0	0	.	.	.
trpA.116	0	0	.	.	.
trpA.117	0	0	.	.	.
trpA.118	0	0	.	.	.
trpA.119	0	0	.	.	.
trpA.12	0	0	.	.	.
trpA.120	0	0	.	.	.
trpA.121	0	0	.	.	.
trpA.122	0	0	.	.	.
trpA.123	0	0	.	.	.
trpA.124	0	0	.	.	.
trpA.125	0	0	.	.	.
trpA.126	0	0	.	.	.
trpA.127	0	0	.	.	.
trpA.128	0	0	.	.	.
trpA.129	0	0	.	.	.
trpA.13	0	0	.	.	.
trpA.130	0	0	.	.	.
trpA.131	0	0	.	.	.
trpA.132	0	0	.	.	.
trpA.133	0	0	.	.	.
trpA.134	0	0	.	.	.
trpA.135	0	0	.	.	.
trpA.136	0	0	.	.	.
trpA.137	0	0	.	.	.
trpA.138	0	0	.	.	.
trpA.139	0	0	.	.	.
trpA.14	0	0	.	.	.
trpA.140	0	0	.	.	.
trpA.141	0	0	.	.	.
trpA.142	0	0	.	.	.
trpA.143	0	0	.	.	.
trpA.144	0	0	.	.	.
trpA.145	0	0	.	.	.
trpA.146	0	0	.	.	.
trpA.147	0	0	.	.	.
trpA.148	0	0	.	.	.
trpA.149	0	0	.	.	.
trpA.15	0	0	.	.	.
trpA.150	0	0	.	.	.
trpA.151	0	0	.	.	.
trpA.152	0	0	.	.	.
trpA.153	0	0	.	.	.
trpA.154	0	0	.	.	.
trpA.155	0	0	.	.	.
trpA.156	0	0	.	.	.
trpA.157	0	0	.	.	.
trpA.158	0	0	.	.	.
trpA.159	0	0	.	.	.
trpA.16	0	0	.	.	.
trpA.160	0	0	.	.	.
trpA.161	0	0	.	.	.
trpA.162	0	0	.	.	.
trpA.163	0	0	.	.	.
trpA.164	0	0	.	.	.
trpA.165	0	0	.	.	.
trpA.166	0	0	.	.	.
trpA.167	0	0	.	.	.
trpA.168	0	0	.	.	.
trpA.169	0	0	.	.	.
trpA.17	0	0	.	.	.
trpA.170	0	0	.	.	.
trpA.171	0	0	.	.	.
trpA.172	0	0	.	.	.
trpA.173	0	0	.	.	.
trpA.174	0	0	.	.	.
trpA.175	0	0	.	.	.
trpA.176	0	0	.	.	.
trpA.177	0	0	.	.	.
trpA.178	0	0	.	.	.
trpA.179	0	0	.	.	.
trpA.18	0	0	.	.	.
trpA.180	0	0	.	.	.
trpA.181	0	0	.	.	.
trpA.182	0	0	.	.	.
trpA.183	0	0	.	.	.
trpA.184	0	0	.	.	.
trpA.185	0	0	.	.	.
trpA.186	0	0	.	.	.
trpA.187	0	0	.	.	.
trpA.188	0	0	.	.	.
trpA.189	0	0	.	.	.
trpA.19	0	0	.	.	.
trpA.190	0	0	.	.	.
trpA.191	0	0	.	.	.
trpA.192	0	0	.	.	.
trpA.193	0	0	.	.	.
trpA.194	0	0	.	.	.
trpA.195	0	0	.	.	.
trpA.196	0	0	.	.	.
trpA.197	0	0	.	.	.
trpA.198	0	0	.	.	.
trpA.199	0	0	.	.	.
trpA.2	0	0	.	.	.
trpA.20	0	0	.	.	.
trpA.200	0	0	.	.	.
trpA.201	0	0	.	.	.
trpA.202	0	0	.	.	.
trpA.203	0	0	.	.	.
trpA.204	0	0	.	.	.
trpA.205	0	0	.	.	.
trpA.206	0	0	.	.	.
trpA.21	0	0	.	.	.
trpA.22	0	0	.	.	.
trpA.23	0	0	.	.	.
trpA.24	0	0	.	.	.
trpA.25	0	0	.	.	.
trpA.26	0	0	.	.	.
trpA.27	0	0	.	.	.
trpA.28	0	0	.	.	.
trpA.29	0	0	.	.	.
trpA.3	0	0	.	.	.
trpA.30	0	0	.	.	.
trpA.31	0	0	.	.	.
trpA.32	0	0	.	.	.
trpA.33	0	0	.	.	.
trpA.34	0	0	.	.	.
trpA.35	0	0	.	.	.
trpA.36	0	0	.	.	.
trpA.37	0	0	.	.	.
trpA.38	0	0	.	.	.
trpA.39	0	0	.	.	.
trpA.4	0	0	.	.	.
trpA.40	0	0	.	.	.
trpA.41	0	0	.	.	.
trpA.42	0	0	.	.	.
trpA.43	0	0	.	.	.
trpA.44	0	0	.	.	.
trpA.45	0	0	.	.	.
trpA.46	0	0	.	.	.
trpA.47	0	0	.	.	.
trpA.48	0	0	.	.	.
trpA.49	0	0	.	.	.
trpA.5	0	0	.	.	.
trpA.50	0	0	.	.	.
trpA.51	0	0	.	.	.
trpA.52	0	0	.	.	.
trpA.53	0	0	.	.	.
trpA.54	0	0	.	.	.
trpA.55	0	0	.	.	.
trpA.56	0	0	.	.	.
trpA.57	0	0	.	.	.
trpA.58	0	0	.	.	.
trpA.59	0	0	.	.	.
trpA.6	0	0	.	.	.
trpA.60	0	0	.	.	.
trpA.61	0	0	.	.	.
trpA.62	0	0	.	.	.
trpA.63	0	0	.	.	.
trpA.64	0	0	.	.	.
trpA.65	0	0	.	.	.
trpA.66	0	0	.	.	.
trpA.67	0	0	.	.	.
trpA.68	0	0	.	.	.
trpA.69	0	0	.	.	.
trpA.7	0	0	.	.	.
trpA.70	0	0	.	.	.
trpA.71	0	0	.	.	.
trpA.72	0	0	.	.	.
trpA.73	0	0	.	.	.
trpA.74	0	0	.	.	.
trpA.75	0	0	.	.	.
trpA.76	0	0	.	.	.
trpA.77	0	0	.	.	.
trpA.78	0	0	.	.	.
trpA.79	0	0	.	.	.
trpA.8	0	0	.	.	.
trpA.80	0	0	.	.	.
trpA.81	0	0	.	.	.
trpA.82	0	0	.	.	.
trpA.83	0	0	.	.	.
trpA.84	0	0	.	.	.
trpA.85	0	0	.	.	.
trpA.86	0	0	.	.	.
trpA.87	0	0	.	.	.
trpA.88	0	0	.	.	.
trpA.89	0	0	.	.	.
trpA.9	0	0	.	.	.
trpA.90	0	0	.	.	.
trpA.91	0	0	.	.	.
trpA.92	0	0	.	.	.
trpA.93	0	0	.	.	.
trpA.94	0	0	.	.	.
trpA.95	0	0	.	.	.
trpA.96	0	0	.	.	.
trpA.97	0	0	.	.	.
trpA.98	0	0	.	.	.
trpA.99	0	0	.	.	.
trpB.1	0	0	.	.	.
trpB.10	0	0	.	.	.
trpB.100	0	0	.	.	.
trpB.101	0	0	.	.	.
trpB.102	0	0	.	.	.
trpB.103	0	0	.	.	.
trpB.104	0	0	.	.	.
trpB.105	0	0	.	.	.
trpB.106	0	0	.	.	.
trpB.107	0	0	.	.	.
trpB.108	0	0	.	.	.
trpB.109	0	0	.	.	.
trpB.11	0	0	.	.	.
trpB.110	0	0	.	.	.
trpB.111	0	0	.	.	.
trpB.112	0	0	.	.	.
trpB.113	0	0	.	.	.
trpB.114	0	0	.	.	.
trpB.115	0	0	.	.	.
trpB.116	0	0	.	.	.
trpB.117	0	0	.	.	.
trpB.118	0	0	.	.	.
trpB.119	0	0	.	.	.
trpB.12	0	0	.	.	.
trpB.120	0	0	.	.	.
trpB.121	0	0	.	.	.
trpB.122	0	0	.	.	.
trpB.123	0	0	.	.	.
trpB.124	0	0	.	.	.
trpB.125	0	0	.	.	.
trpB.126	0	0	.	.	.
trpB.127	0	0	.	.	.
trpB.128	0	0	.	.	.
trpB.129	0	0	.	.	.
trpB.13	0	0	.	.	.
trpB.130	0	0	.	.	.
trpB.131	0	0	.	.	.
trpB.132	0	0	.	.	.
trpB.133	0	0	.	.	.
trpB.134	0	0	.	.	.
trpB.135	0	0	.	.	.
trpB.136	0	0	.	.	.
trpB.137	0	0	.	.	.
trpB.138	0	0	.	.	.
trpB.139	0	0	.	.	.
trpB.14	0	0	.	.	.
trpB.140	0	0	.	.	.
trpB.141	0	0	.	.	.
trpB.142	0	0	.	.	.
trpB.143	0	0	.	.	.
trpB.144	0	0	.	.	.
trpB.145	0	0	.	.	.
trpB.146	0	0	.	.	.
trpB.147	0	0	.	.	.
trpB.148	0	0	.	.	.
trpB.149	0	0	.	.	.
trpB.15	0	0	.	.	.
trpB.150	0	0	.	.	.
trpB.151	0	0	.	.	.
trpB.152	0	0	.	.	.
trpB.153	0	0	.	.	.
trpB.154	0	0	.	.	.
trpB.155	0	0	.	.	.
trpB.156	0	0	.	.	.
trpB.157	0	0	.	.	.
trpB.158	0	0	.	.	.
trpB.159	0	0	.	.	.
trpB.16	0	0	.	.	.
trpB.160	0	0	.	.	.
trpB.161	0	0	.	.	.
trpB.162	0	0	.	.	.
trpB.163	0	0	.	.	.
trpB.164	0	0	.	.	.
trpB.165	0	0	.	.	.
trpB.166	0	0	.	.	.
trpB.167	0	0	.	.	.
trpB.168	0	0	.	.	.
trpB.169	0	0	.	.	.
trpB.17	0	0	.	.	.
trpB.170	0	0	.	.	.
trpB.171	0	0	.	.	.
trpB.172	0	0	.	.	.
trpB.173	0	0	.	.	.
trpB.174	0	0	.	.	.
trpB.175	0	0	.	.	.
trpB.176	0	0	.	.	.
trpB.177	0	0	.	.	.
trpB.178	0	0	.	.	.
trpB.179	0	0	.	.	.
trpB.18	0	0	.	.	.
trpB.180	0	0	.	.	.
trpB.19	0	0	.	.	.
trpB.2	0	0	.	.	.
trpB.20	0	0	.	.	.
trpB.21	0	0	.	.	.
trpB.22	0	0	.	.	.
trpB.23	0	0	.	.	.
trpB.24	0	0	.	.	.
trpB.25	0	0	.	.	.
trpB.26	0	0	.	.	.
trpB.27	0	0	.	.	.
trpB.28	0	0	.	.	.
trpB.29	0	0	.	.	.
trpB.3	0	0	.	.	.
trpB.30	0	0	.	.	.
trpB.31	0	0	.	.	.
trpB.32	0	0	.	.	.
trpB.33	0	0	.	.	.
trpB.34	0	0	.	.	.
trpB.35	0	0	.	.	.
trpB.36	0	0	.	.	.
trpB.37	0	0	.	.	.
trpB.38	0	0	.	.	.
trpB.39	0	0	.	.	.
trpB.4	0	0	.	.	.
trpB.40	0	0	.	.	.
trpB.41	0	0	.	.	.
trpB.42	0	0	.	.	.
trpB.43	0	0	.	.	.
trpB.44	0	0	.	.	.
trpB.45	0	0	.	.	.
trpB.46	0	0	.	.	.
trpB.47	0	0	.	.	.
trpB.48	0	0	.	.	.
trpB.49	0	0	.	.	.
trpB.5	0	0	.	.	.
trpB.50	0	0	.	.	.
trpB.51	0	0	.	.	.
trpB.52	0	0	.	.	.
trpB.53	0	0	.	.	.
trpB.54	0	0	.	.	.
trpB.55	0	0	.	.	.
trpB.56	0	0	.	.	.
trpB.57	0	0	.	.	.
trpB.58	0	0	.	.	.
trpB.59	0	0	.	.	.
trpB.6	0	0	.	.	.
trpB.60	0	0	.	.	.
trpB.61	0	0	.	.	.
trpB.62	0	0	.	.	.
trpB.63	0	0	.	.	.
trpB.64	0	0	.	.	.
trpB.65	0	0	.	.	.
trpB.66	0	0	.	.	.
trpB.67	0	0	.	.	.
trpB.68	0	0	.	.	.
trpB.69	0	0	.	.	.
trpB.7	0	0	.	.	.
trpB.70	0	0	.	.	.
trpB.71	0	0	.	.	.
trpB.72	0	0	.	.	.
trpB.73	0	0	.	.	.
trpB.74	0	0	.	.	.
trpB.75	0	0	.	.	.
trpB.76	0	0	.	.	.
trpB.77	0	0	.	.	.
trpB.78	0	0	.	.	.
trpB.79	0	0	.	.	.
trpB.8	0	0	.	.	.
trpB.80	0	0	.	.	.
trpB.81	0	0	.	.	.
trpB.82	0	0	.	.	.
trpB.83	0	0	.	.	.
trpB.84	0	0	.	.	.
trpB.85	0	0	.	.	.
trpB.86	0	0	.	.	.
trpB.87	0	0	.	.	.
trpB.88	0	0	.	.	.
trpB.89	0	0	.	.	.
trpB.9	0	0	.	.	.
trpB.90	0	0	.	.	.
trpB.91	0	0	.	.	.
trpB.92	0	0	.	.	.
trpB.93	0	0	.	.	.
trpB.94	0	0	.	.	.
trpB.95	0	0	.	.	.
trpB.96	0	0	.	.	.
trpB.97	0	0	.	.	.
trpB.98	0	0	.	.	.
trpB.99	0	0	.	.	.
uidA.1	0	0	.	.	.
uidA.10	0	0	.	.	.
uidA.100	0	0	.	.	.
uidA.101	0	0	.	.	.
uidA.102	0	0	.	.	.
uidA.103	0	0	.	.	.
uidA.104	0	0	.	.	.
uidA.105	0	0	.	.	.
uidA.106	0	0	.	.	.
uidA.107	0	0	.	.	.
uidA.108	0	0	.	.	.
uidA.109	0	0	.	.	.
uidA.11	0	0	.	.	.
uidA.110	0	0	.	.	.
uidA.111	0	0	.	.	.
uidA.112	0	0	.	.	.
uidA.113	0	0	.	.	.
uidA.114	0	0	.	.	.
uidA.115	0	0	.	.	.
uidA.116	0	0	.	.	.
uidA.117	0	0	.	.	.
uidA.118	0	0	.	.	.
uidA.119	0	0	.	.	.
uidA.12	0	0	.	.	.
uidA.120	0	0	.	.	.
uidA.121	0	0	.	.	.
uidA.122	0	0	.	.	.
uidA.123	0	0	.	.	.
uidA.124	0	0	.	.	.
uidA.125	0	0	.	.	.
uidA.126	0	0	.	.	.
uidA.127	0	0	.	.	.
uidA.128	0	0	.	.	.
uidA.129	0	0	.	.	.
uidA.13	0	0	.	.	.
uidA.130	0	0	.	.	.
uidA.131	0	0	.	.	.
uidA.132	0	0	.	.	.
uidA.133	0	0	.	.	.
uidA.134	0	0	.	.	.
uidA.135	0	0	.	.	.
uidA.136	0	0	.	.	.
uidA.137	0	0	.	.	.
uidA.138	0	0	.	.	.
uidA.139	0	0	.	.	.
uidA.14	0	0	.	.	.
uidA.140	0	0	.	.	.
uidA.141	0	0	.	.	.
uidA.142	0	0	.	.	.
uidA.143	0	0	.	.	.
uidA.144	0	0	.	.	.
uidA.145	0	0	.	.	.
uidA.146	0	0	.	.	.
uidA.147	0	0	.	.	.
uidA.148	0	0	.	.	.
uidA.149	0	0	.	.	.
uidA.15	0	0	.	.	.
uidA.150	0	0	.	.	.
uidA.151	0	0	.	.	.
uidA.152	0	0	.	.	.
uidA.153	0	0	.	.	.
uidA.154	0	0	.	.	.
uidA.155	0	0	.	.	.
uidA.156	0	0	.	.	.
uidA.157	0	0	.	.	.
uidA.158	0	0	.	.	.
uidA.159	0	0	.	.	.
uidA.16	0	0	.	.	.
uidA.160	0	0	.	.	.
uidA.161	0	0	.	.	.
uidA.162	0	0	.	.	.
uidA.163	0	0	.	.	.
uidA.164	0	0	.	.	.
uidA.165	0	0	.	.	.
uidA.166	0	0	.	.	.
uidA.167	0	0	.	.	.
uidA.168	0	0	.	.	.
uidA.169	0	0	.	.	.
uidA.17	0	0	.	.	.
uidA.170	0	0	.	.	.
uidA.171	0	0	.	.	.
uidA.172	0	0	.	.	.
uidA.173	0	0	.	.	.
uidA.174	0	0	.	.	.
uidA.175	0	0	.	.	.
uidA.176	0	0	.	.	.
uidA.177	0	0	.	.	.
uidA.18	0	0	.	.	.
uidA.19	0	0	.	.	.
uidA.2	0	0	.	.	.
uidA.20	0	0	.	.	.
uidA.21	0	0	.	.	.
uidA.22	0	0	.	.	.
uidA.23	0	0	.	.	.
uidA.24	0	0	.	.	.
uidA.25	0	0	.	.	.
uidA.26	0	0	.	.	.
uidA.27	0	0	.	.	.
uidA.28	0	0	.	.	.
uidA.29	0	0	.	.	.
uidA.3	0	0	.	.	.
uidA.30	0	0	.	.	.
uidA.31	0	0	.	.	.
uidA.32	0	0	.	.	.
uidA.33	0	0	.	.	.
uidA.34	0	0	.	.	.
uidA.35	0	0	.	.	.
uidA.36	0	0	.	.	.
uidA.37	0	0	.	.	.
uidA.38	0	0	.	.	.
uidA.39	0	0	.	.	.
uidA.4	0	0	.	.	.
uidA.40	0	0	.	.	.
uidA.41	0	0	.	.	.
uidA.42	0	0	.	.	.
uidA.43	0	0	.	.	.
uidA.44	0	0	.	.	.
uidA.45	0	0	.	.	.
uidA.46	0	0	.	.	.
uidA.47	0	0	.	.	.
uidA.48	0	0	.	.	.
uidA.49	0	0	.	.	.
uidA.5	0	0	.	.	.
uidA.50	0	0	.	.	.
uidA.51	0	0	.	.	.
uidA.52	0	0	.	.	.
uidA.53	0	0	.	.	.
uidA.54	0	0	.	.	.
uidA.55	0	0	.	.	.
uidA.56	0	0	.	.	.
uidA.57	0	0	.	.	.
uidA.58	0	0	.	.	.
uidA.59	0	0	.	.	.
uidA.6	0	0	.	.	.
uidA.60	0	0	.	.	.
uidA.61	0	0	.	.	.
uidA.62	0	0	.	.	.
uidA.63	0	0	.	.	.
uidA.64	0	0	.	.	.
uidA.65	0	0	.	.	.
uidA.66	0	0	.	.	.
uidA.67	0	0	.	.	.
uidA.68	0	0	.	.	.
uidA.69	0	0	.	.	.
uidA.7	0	0	.	.	.
uidA.70	0	0	.	.	.
uidA.71	0	0	.	.	.
uidA.72	0	0	.	.	.
uidA.73	0	0	.	.	.
uidA.74	0	0	.	.	.
uidA.75	0	0	.	.	.
uidA.76	0	0	.	.	.
uidA.77	0	0	.	.	.
uidA.78	0	0	.	.	.
uidA.79	0	0	.	.	.
uidA.8	0	0	.	.	.
uidA.80	0	0	.	.	.
uidA.81	0	0	.	.	.
uidA.82	0	0	.	.	.
uidA.83	0	0	.	.	.
uidA.84	0	0	.	.	.
uidA.85	0	0	.	.	.
uidA.86	0	0	.	.	.
uidA.87	0	0	.	.	.
uidA.88	0	0	.	.	.
uidA.89	0	0	.	.	.
uidA.9	0	0	.	.	.
uidA.90	0	0	.	.	.
uidA.91	0	0	.	.	.
uidA.92	0	0	.	.	.
uidA.93	0	0	.	.	.
uidA.94	0	0	.	.	.
uidA.95	0	0	.	.	.
uidA.96	0	0	.	.	.
uidA.97	0	0	.	.	.
uidA.98	0	0	.	.	.
uidA.99	0	0	.	.	.
