arcC.1	0	0	.	.	.
arcC.10	0	0	.	.	.
arcC.100	0	0	.	.	.
arcC.101	0	0	.	.	.
arcC.102	0	0	.	.	.
arcC.103	0	0	.	.	.
arcC.104	0	0	.	.	.
arcC.105	0	0	.	.	.
arcC.106	0	0	.	.	.
arcC.107	0	0	.	.	.
arcC.108	0	0	.	.	.
arcC.109	0	0	.	.	.
arcC.11	0	0	.	.	.
arcC.110	0	0	.	.	.
arcC.111	0	0	.	.	.
arcC.112	0	0	.	.	.
arcC.113	0	0	.	.	.
arcC.114	0	0	.	.	.
arcC.115	0	0	.	.	.
arcC.116	0	0	.	.	.
arcC.117	0	0	.	.	.
arcC.118	0	0	.	.	.
arcC.119	0	0	.	.	.
arcC.12	0	0	.	.	.
arcC.120	0	0	.	.	.
arcC.121	0	0	.	.	.
arcC.122	0	0	.	.	.
arcC.123	0	0	.	.	.
arcC.124	0	0	.	.	.
arcC.125	0	0	.	.	.
arcC.126	0	0	.	.	.
arcC.127	0	0	.	.	.
arcC.128	0	0	.	.	.
arcC.129	0	0	.	.	.
arcC.13	0	0	.	.	.
arcC.130	0	0	.	.	.
arcC.131	0	0	.	.	.
arcC.132	0	0	.	.	.
arcC.133	0	0	.	.	.
arcC.134	0	0	.	.	.
arcC.135	0	0	.	.	.
arcC.136	0	0	.	.	.
arcC.137	0	0	.	.	.
arcC.138	0	0	.	.	.
arcC.139	0	0	.	.	.
arcC.14	0	0	.	.	.
arcC.140	0	0	.	.	.
arcC.141	0	0	.	.	.
arcC.142	0	0	.	.	.
arcC.143	0	0	.	.	.
arcC.144	0	0	.	.	.
arcC.145	0	0	.	.	.
arcC.146	0	0	.	.	.
arcC.147	0	0	.	.	.
arcC.148	0	0	.	.	.
arcC.149	0	0	.	.	.
arcC.15	0	0	.	.	.
arcC.150	0	0	.	.	.
arcC.151	0	0	.	.	.
arcC.152	0	0	.	.	.
arcC.153	0	0	.	.	.
arcC.154	0	0	.	.	.
arcC.155	0	0	.	.	.
arcC.156	0	0	.	.	.
arcC.157	0	0	.	.	.
arcC.158	0	0	.	.	.
arcC.159	0	0	.	.	.
arcC.16	0	0	.	.	.
arcC.160	0	0	.	.	.
arcC.161	0	0	.	.	.
arcC.162	0	0	.	.	.
arcC.163	0	0	.	.	.
arcC.164	0	0	.	.	.
arcC.165	0	0	.	.	.
arcC.166	0	0	.	.	.
arcC.167	0	0	.	.	.
arcC.168	0	0	.	.	.
arcC.169	0	0	.	.	.
arcC.17	0	0	.	.	.
arcC.170	0	0	.	.	.
arcC.171	0	0	.	.	.
arcC.172	0	0	.	.	.
arcC.173	0	0	.	.	.
arcC.174	0	0	.	.	.
arcC.175	0	0	.	.	.
arcC.176	0	0	.	.	.
arcC.177	0	0	.	.	.
arcC.178	0	0	.	.	.
arcC.179	0	0	.	.	.
arcC.18	0	0	.	.	.
arcC.180	0	0	.	.	.
arcC.181	0	0	.	.	.
arcC.182	0	0	.	.	.
arcC.183	0	0	.	.	.
arcC.184	0	0	.	.	.
arcC.185	0	0	.	.	.
arcC.186	0	0	.	.	.
arcC.187	0	0	.	.	.
arcC.188	0	0	.	.	.
arcC.189	0	0	.	.	.
arcC.19	0	0	.	.	.
arcC.190	0	0	.	.	.
arcC.191	0	0	.	.	.
arcC.192	0	0	.	.	.
arcC.193	0	0	.	.	.
arcC.194	0	0	.	.	.
arcC.195	0	0	.	.	.
arcC.196	0	0	.	.	.
arcC.197	0	0	.	.	.
arcC.198	0	0	.	.	.
arcC.199	0	0	.	.	.
arcC.2	0	0	.	.	.
arcC.20	0	0	.	.	.
arcC.200	0	0	.	.	.
arcC.201	0	0	.	.	.
arcC.202	0	0	.	.	.
arcC.203	0	0	.	.	.
arcC.204	0	0	.	.	.
arcC.205	0	0	.	.	.
arcC.206	0	0	.	.	.
arcC.207	0	0	.	.	.
arcC.208	0	0	.	.	.
arcC.209	0	0	.	.	.
arcC.21	0	0	.	.	.
arcC.210	0	0	.	.	.
arcC.211	0	0	.	.	.
arcC.212	0	0	.	.	.
arcC.213	0	0	.	.	.
arcC.214	0	0	.	.	.
arcC.215	0	0	.	.	.
arcC.216	0	0	.	.	.
arcC.217	0	0	.	.	.
arcC.218	0	0	.	.	.
arcC.219	0	0	.	.	.
arcC.22	0	0	.	.	.
arcC.220	0	0	.	.	.
arcC.221	0	0	.	.	.
arcC.222	0	0	.	.	.
arcC.223	0	0	.	.	.
arcC.224	0	0	.	.	.
arcC.225	0	0	.	.	.
arcC.226	0	0	.	.	.
arcC.227	0	0	.	.	.
arcC.228	0	0	.	.	.
arcC.229	0	0	.	.	.
arcC.23	0	0	.	.	.
arcC.230	0	0	.	.	.
arcC.231	0	0	.	.	.
arcC.232	0	0	.	.	.
arcC.233	0	0	.	.	.
arcC.234	0	0	.	.	.
arcC.235	0	0	.	.	.
arcC.236	0	0	.	.	.
arcC.237	0	0	.	.	.
arcC.238	0	0	.	.	.
arcC.239	0	0	.	.	.
arcC.24	0	0	.	.	.
arcC.240	0	0	.	.	.
arcC.241	0	0	.	.	.
arcC.242	0	0	.	.	.
arcC.243	0	0	.	.	.
arcC.244	0	0	.	.	.
arcC.245	0	0	.	.	.
arcC.246	0	0	.	.	.
arcC.247	0	0	.	.	.
arcC.248	0	0	.	.	.
arcC.249	0	0	.	.	.
arcC.25	0	0	.	.	.
arcC.250	0	0	.	.	.
arcC.251	0	0	.	.	.
arcC.252	0	0	.	.	.
arcC.253	0	0	.	.	.
arcC.254	0	0	.	.	.
arcC.255	0	0	.	.	.
arcC.256	0	0	.	.	.
arcC.257	0	0	.	.	.
arcC.258	0	0	.	.	.
arcC.259	0	0	.	.	.
arcC.26	0	0	.	.	.
arcC.260	0	0	.	.	.
arcC.261	0	0	.	.	.
arcC.262	0	0	.	.	.
arcC.263	0	0	.	.	.
arcC.264	0	0	.	.	.
arcC.265	0	0	.	.	.
arcC.266	0	0	.	.	.
arcC.267	0	0	.	.	.
arcC.268	0	0	.	.	.
arcC.269	0	0	.	.	.
arcC.27	0	0	.	.	.
arcC.270	0	0	.	.	.
arcC.271	0	0	.	.	.
arcC.272	0	0	.	.	.
arcC.273	0	0	.	.	.
arcC.274	0	0	.	.	.
arcC.275	0	0	.	.	.
arcC.276	0	0	.	.	.
arcC.277	0	0	.	.	.
arcC.278	0	0	.	.	.
arcC.279	0	0	.	.	.
arcC.28	0	0	.	.	.
arcC.280	0	0	.	.	.
arcC.281	0	0	.	.	.
arcC.282	0	0	.	.	.
arcC.283	0	0	.	.	.
arcC.284	0	0	.	.	.
arcC.285	0	0	.	.	.
arcC.286	0	0	.	.	.
arcC.287	0	0	.	.	.
arcC.288	0	0	.	.	.
arcC.289	0	0	.	.	.
arcC.29	0	0	.	.	.
arcC.290	0	0	.	.	.
arcC.291	0	0	.	.	.
arcC.292	0	0	.	.	.
arcC.293	0	0	.	.	.
arcC.294	0	0	.	.	.
arcC.295	0	0	.	.	.
arcC.296	0	0	.	.	.
arcC.297	0	0	.	.	.
arcC.298	0	0	.	.	.
arcC.299	0	0	.	.	.
arcC.3	0	0	.	.	.
arcC.30	0	0	.	.	.
arcC.300	0	0	.	.	.
arcC.301	0	0	.	.	.
arcC.302	0	0	.	.	.
arcC.303	0	0	.	.	.
arcC.304	0	0	.	.	.
arcC.305	0	0	.	.	.
arcC.306	0	0	.	.	.
arcC.307	0	0	.	.	.
arcC.308	0	0	.	.	.
arcC.309	0	0	.	.	.
arcC.31	0	0	.	.	.
arcC.310	0	0	.	.	.
arcC.311	0	0	.	.	.
arcC.312	0	0	.	.	.
arcC.313	0	0	.	.	.
arcC.314	0	0	.	.	.
arcC.315	0	0	.	.	.
arcC.316	0	0	.	.	.
arcC.317	0	0	.	.	.
arcC.318	0	0	.	.	.
arcC.319	0	0	.	.	.
arcC.32	0	0	.	.	.
arcC.320	0	0	.	.	.
arcC.321	0	0	.	.	.
arcC.322	0	0	.	.	.
arcC.323	0	0	.	.	.
arcC.324	0	0	.	.	.
arcC.325	0	0	.	.	.
arcC.326	0	0	.	.	.
arcC.327	0	0	.	.	.
arcC.328	0	0	.	.	.
arcC.329	0	0	.	.	.
arcC.33	0	0	.	.	.
arcC.330	0	0	.	.	.
arcC.331	0	0	.	.	.
arcC.332	0	0	.	.	.
arcC.333	0	0	.	.	.
arcC.334	0	0	.	.	.
arcC.335	0	0	.	.	.
arcC.336	0	0	.	.	.
arcC.337	0	0	.	.	.
arcC.338	0	0	.	.	.
arcC.339	0	0	.	.	.
arcC.34	0	0	.	.	.
arcC.340	0	0	.	.	.
arcC.341	0	0	.	.	.
arcC.342	0	0	.	.	.
arcC.343	0	0	.	.	.
arcC.344	0	0	.	.	.
arcC.345	0	0	.	.	.
arcC.346	0	0	.	.	.
arcC.347	0	0	.	.	.
arcC.348	0	0	.	.	.
arcC.349	0	0	.	.	.
arcC.35	0	0	.	.	.
arcC.350	0	0	.	.	.
arcC.351	0	0	.	.	.
arcC.352	0	0	.	.	.
arcC.353	0	0	.	.	.
arcC.354	0	0	.	.	.
arcC.355	0	0	.	.	.
arcC.356	0	0	.	.	.
arcC.357	0	0	.	.	.
arcC.358	0	0	.	.	.
arcC.359	0	0	.	.	.
arcC.36	0	0	.	.	.
arcC.360	0	0	.	.	.
arcC.361	0	0	.	.	.
arcC.362	0	0	.	.	.
arcC.363	0	0	.	.	.
arcC.364	0	0	.	.	.
arcC.365	0	0	.	.	.
arcC.366	0	0	.	.	.
arcC.367	0	0	.	.	.
arcC.368	0	0	.	.	.
arcC.369	0	0	.	.	.
arcC.37	0	0	.	.	.
arcC.370	0	0	.	.	.
arcC.371	0	0	.	.	.
arcC.372	0	0	.	.	.
arcC.373	0	0	.	.	.
arcC.374	0	0	.	.	.
arcC.375	0	0	.	.	.
arcC.376	0	0	.	.	.
arcC.377	0	0	.	.	.
arcC.378	0	0	.	.	.
arcC.379	0	0	.	.	.
arcC.38	0	0	.	.	.
arcC.380	0	0	.	.	.
arcC.381	0	0	.	.	.
arcC.382	0	0	.	.	.
arcC.383	0	0	.	.	.
arcC.384	0	0	.	.	.
arcC.385	0	0	.	.	.
arcC.386	0	0	.	.	.
arcC.387	0	0	.	.	.
arcC.388	0	0	.	.	.
arcC.389	0	0	.	.	.
arcC.39	0	0	.	.	.
arcC.390	0	0	.	.	.
arcC.391	0	0	.	.	.
arcC.392	0	0	.	.	.
arcC.393	0	0	.	.	.
arcC.394	0	0	.	.	.
arcC.395	0	0	.	.	.
arcC.396	0	0	.	.	.
arcC.397	0	0	.	.	.
arcC.398	0	0	.	.	.
arcC.399	0	0	.	.	.
arcC.4	0	0	.	.	.
arcC.40	0	0	.	.	.
arcC.400	0	0	.	.	.
arcC.401	0	0	.	.	.
arcC.402	0	0	.	.	.
arcC.403	0	0	.	.	.
arcC.404	0	0	.	.	.
arcC.405	0	0	.	.	.
arcC.406	0	0	.	.	.
arcC.407	0	0	.	.	.
arcC.408	0	0	.	.	.
arcC.409	0	0	.	.	.
arcC.41	0	0	.	.	.
arcC.410	0	0	.	.	.
arcC.411	0	0	.	.	.
arcC.412	0	0	.	.	.
arcC.413	0	0	.	.	.
arcC.414	0	0	.	.	.
arcC.415	0	0	.	.	.
arcC.416	0	0	.	.	.
arcC.417	0	0	.	.	.
arcC.418	0	0	.	.	.
arcC.419	0	0	.	.	.
arcC.42	0	0	.	.	.
arcC.420	0	0	.	.	.
arcC.421	0	0	.	.	.
arcC.422	0	0	.	.	.
arcC.423	0	0	.	.	.
arcC.424	0	0	.	.	.
arcC.425	0	0	.	.	.
arcC.426	0	0	.	.	.
arcC.427	0	0	.	.	.
arcC.428	0	0	.	.	.
arcC.429	0	0	.	.	.
arcC.43	0	0	.	.	.
arcC.430	0	0	.	.	.
arcC.431	0	0	.	.	.
arcC.432	0	0	.	.	.
arcC.433	0	0	.	.	.
arcC.434	0	0	.	.	.
arcC.435	0	0	.	.	.
arcC.436	0	0	.	.	.
arcC.437	0	0	.	.	.
arcC.438	0	0	.	.	.
arcC.439	0	0	.	.	.
arcC.44	0	0	.	.	.
arcC.440	0	0	.	.	.
arcC.441	0	0	.	.	.
arcC.442	0	0	.	.	.
arcC.443	0	0	.	.	.
arcC.444	0	0	.	.	.
arcC.445	0	0	.	.	.
arcC.446	0	0	.	.	.
arcC.447	0	0	.	.	.
arcC.448	0	0	.	.	.
arcC.449	0	0	.	.	.
arcC.45	0	0	.	.	.
arcC.450	0	0	.	.	.
arcC.451	0	0	.	.	.
arcC.452	0	0	.	.	.
arcC.453	0	0	.	.	.
arcC.454	0	0	.	.	.
arcC.455	0	0	.	.	.
arcC.456	0	0	.	.	.
arcC.457	0	0	.	.	.
arcC.458	0	0	.	.	.
arcC.459	0	0	.	.	.
arcC.46	0	0	.	.	.
arcC.460	0	0	.	.	.
arcC.461	0	0	.	.	.
arcC.462	0	0	.	.	.
arcC.463	0	0	.	.	.
arcC.464	0	0	.	.	.
arcC.465	0	0	.	.	.
arcC.466	0	0	.	.	.
arcC.467	0	0	.	.	.
arcC.468	0	0	.	.	.
arcC.469	0	0	.	.	.
arcC.47	0	0	.	.	.
arcC.470	0	0	.	.	.
arcC.471	0	0	.	.	.
arcC.472	0	0	.	.	.
arcC.473	0	0	.	.	.
arcC.474	0	0	.	.	.
arcC.475	0	0	.	.	.
arcC.476	0	0	.	.	.
arcC.477	0	0	.	.	.
arcC.478	0	0	.	.	.
arcC.479	0	0	.	.	.
arcC.48	0	0	.	.	.
arcC.480	0	0	.	.	.
arcC.481	0	0	.	.	.
arcC.482	0	0	.	.	.
arcC.483	0	0	.	.	.
arcC.484	0	0	.	.	.
arcC.485	0	0	.	.	.
arcC.486	0	0	.	.	.
arcC.487	0	0	.	.	.
arcC.488	0	0	.	.	.
arcC.489	0	0	.	.	.
arcC.49	0	0	.	.	.
arcC.490	0	0	.	.	.
arcC.491	0	0	.	.	.
arcC.492	0	0	.	.	.
arcC.5	0	0	.	.	.
arcC.50	0	0	.	.	.
arcC.51	0	0	.	.	.
arcC.52	0	0	.	.	.
arcC.53	0	0	.	.	.
arcC.54	0	0	.	.	.
arcC.55	0	0	.	.	.
arcC.56	0	0	.	.	.
arcC.57	0	0	.	.	.
arcC.58	0	0	.	.	.
arcC.59	0	0	.	.	.
arcC.6	0	0	.	.	.
arcC.60	0	0	.	.	.
arcC.61	0	0	.	.	.
arcC.62	0	0	.	.	.
arcC.63	0	0	.	.	.
arcC.64	0	0	.	.	.
arcC.65	0	0	.	.	.
arcC.66	0	0	.	.	.
arcC.67	0	0	.	.	.
arcC.68	0	0	.	.	.
arcC.69	0	0	.	.	.
arcC.7	0	0	.	.	.
arcC.70	0	0	.	.	.
arcC.71	0	0	.	.	.
arcC.72	0	0	.	.	.
arcC.73	0	0	.	.	.
arcC.74	0	0	.	.	.
arcC.75	0	0	.	.	.
arcC.76	0	0	.	.	.
arcC.77	0	0	.	.	.
arcC.78	0	0	.	.	.
arcC.79	0	0	.	.	.
arcC.8	0	0	.	.	.
arcC.80	0	0	.	.	.
arcC.81	0	0	.	.	.
arcC.82	0	0	.	.	.
arcC.83	0	0	.	.	.
arcC.84	0	0	.	.	.
arcC.85	0	0	.	.	.
arcC.86	0	0	.	.	.
arcC.87	0	0	.	.	.
arcC.88	0	0	.	.	.
arcC.89	0	0	.	.	.
arcC.9	0	0	.	.	.
arcC.90	0	0	.	.	.
arcC.91	0	0	.	.	.
arcC.92	0	0	.	.	.
arcC.93	0	0	.	.	.
arcC.94	0	0	.	.	.
arcC.95	0	0	.	.	.
arcC.96	0	0	.	.	.
arcC.97	0	0	.	.	.
arcC.98	0	0	.	.	.
arcC.99	0	0	.	.	.
aroE.1	0	0	.	.	.
aroE.10	0	0	.	.	.
aroE.100	0	0	.	.	.
aroE.101	0	0	.	.	.
aroE.102	0	0	.	.	.
aroE.103	0	0	.	.	.
aroE.104	0	0	.	.	.
aroE.105	0	0	.	.	.
aroE.106	0	0	.	.	.
aroE.107	0	0	.	.	.
aroE.108	0	0	.	.	.
aroE.109	0	0	.	.	.
aroE.11	0	0	.	.	.
aroE.110	0	0	.	.	.
aroE.111	0	0	.	.	.
aroE.112	0	0	.	.	.
aroE.113	0	0	.	.	.
aroE.114	0	0	.	.	.
aroE.115	0	0	.	.	.
aroE.116	0	0	.	.	.
aroE.117	0	0	.	.	.
aroE.118	0	0	.	.	.
aroE.119	0	0	.	.	.
aroE.12	0	0	.	.	.
aroE.120	0	0	.	.	.
aroE.121	0	0	.	.	.
aroE.122	0	0	.	.	.
aroE.123	0	0	.	.	.
aroE.124	0	0	.	.	.
aroE.125	0	0	.	.	.
aroE.126	0	0	.	.	.
aroE.127	0	0	.	.	.
aroE.128	0	0	.	.	.
aroE.129	0	0	.	.	.
aroE.13	0	0	.	.	.
aroE.130	0	0	.	.	.
aroE.131	0	0	.	.	.
aroE.132	0	0	.	.	.
aroE.133	0	0	.	.	.
aroE.134	0	0	.	.	.
aroE.135	0	0	.	.	.
aroE.136	0	0	.	.	.
aroE.137	0	0	.	.	.
aroE.138	0	0	.	.	.
aroE.139	0	0	.	.	.
aroE.14	0	0	.	.	.
aroE.140	0	0	.	.	.
aroE.141	0	0	.	.	.
aroE.142	0	0	.	.	.
aroE.143	0	0	.	.	.
aroE.144	0	0	.	.	.
aroE.145	0	0	.	.	.
aroE.146	0	0	.	.	.
aroE.147	0	0	.	.	.
aroE.148	0	0	.	.	.
aroE.149	0	0	.	.	.
aroE.15	0	0	.	.	.
aroE.150	0	0	.	.	.
aroE.151	0	0	.	.	.
aroE.152	0	0	.	.	.
aroE.153	0	0	.	.	.
aroE.154	0	0	.	.	.
aroE.155	0	0	.	.	.
aroE.156	0	0	.	.	.
aroE.157	0	0	.	.	.
aroE.158	0	0	.	.	.
aroE.159	0	0	.	.	.
aroE.16	0	0	.	.	.
aroE.160	0	0	.	.	.
aroE.161	0	0	.	.	.
aroE.162	0	0	.	.	.
aroE.163	0	0	.	.	.
aroE.164	0	0	.	.	.
aroE.165	0	0	.	.	.
aroE.166	0	0	.	.	.
aroE.167	0	0	.	.	.
aroE.168	0	0	.	.	.
aroE.169	0	0	.	.	.
aroE.17	0	0	.	.	.
aroE.170	0	0	.	.	.
aroE.171	0	0	.	.	.
aroE.172	0	0	.	.	.
aroE.173	0	0	.	.	.
aroE.174	0	0	.	.	.
aroE.175	0	0	.	.	.
aroE.176	0	0	.	.	.
aroE.177	0	0	.	.	.
aroE.178	0	0	.	.	.
aroE.179	0	0	.	.	.
aroE.18	0	0	.	.	.
aroE.180	0	0	.	.	.
aroE.181	0	0	.	.	.
aroE.182	0	0	.	.	.
aroE.183	0	0	.	.	.
aroE.184	0	0	.	.	.
aroE.185	0	0	.	.	.
aroE.186	0	0	.	.	.
aroE.187	0	0	.	.	.
aroE.188	0	0	.	.	.
aroE.189	0	0	.	.	.
aroE.19	0	0	.	.	.
aroE.190	0	0	.	.	.
aroE.191	0	0	.	.	.
aroE.192	0	0	.	.	.
aroE.193	0	0	.	.	.
aroE.194	0	0	.	.	.
aroE.195	0	0	.	.	.
aroE.196	0	0	.	.	.
aroE.197	0	0	.	.	.
aroE.198	0	0	.	.	.
aroE.199	0	0	.	.	.
aroE.2	0	0	.	.	.
aroE.20	0	0	.	.	.
aroE.200	0	0	.	.	.
aroE.201	0	0	.	.	.
aroE.202	0	0	.	.	.
aroE.203	0	0	.	.	.
aroE.204	0	0	.	.	.
aroE.205	0	0	.	.	.
aroE.206	0	0	.	.	.
aroE.207	0	0	.	.	.
aroE.208	0	0	.	.	.
aroE.209	0	0	.	.	.
aroE.21	0	0	.	.	.
aroE.210	0	0	.	.	.
aroE.211	0	0	.	.	.
aroE.212	0	0	.	.	.
aroE.213	0	0	.	.	.
aroE.214	0	0	.	.	.
aroE.215	0	0	.	.	.
aroE.216	0	0	.	.	.
aroE.217	0	0	.	.	.
aroE.218	0	0	.	.	.
aroE.219	0	0	.	.	.
aroE.22	0	0	.	.	.
aroE.220	0	0	.	.	.
aroE.221	0	0	.	.	.
aroE.222	0	0	.	.	.
aroE.223	0	0	.	.	.
aroE.224	0	0	.	.	.
aroE.225	0	0	.	.	.
aroE.226	0	0	.	.	.
aroE.227	0	0	.	.	.
aroE.228	0	0	.	.	.
aroE.229	0	0	.	.	.
aroE.23	0	0	.	.	.
aroE.230	0	0	.	.	.
aroE.231	0	0	.	.	.
aroE.232	0	0	.	.	.
aroE.233	0	0	.	.	.
aroE.234	0	0	.	.	.
aroE.235	0	0	.	.	.
aroE.236	0	0	.	.	.
aroE.237	0	0	.	.	.
aroE.238	0	0	.	.	.
aroE.239	0	0	.	.	.
aroE.24	0	0	.	.	.
aroE.240	0	0	.	.	.
aroE.241	0	0	.	.	.
aroE.242	0	0	.	.	.
aroE.243	0	0	.	.	.
aroE.244	0	0	.	.	.
aroE.245	0	0	.	.	.
aroE.246	0	0	.	.	.
aroE.247	0	0	.	.	.
aroE.248	0	0	.	.	.
aroE.249	0	0	.	.	.
aroE.25	0	0	.	.	.
aroE.250	0	0	.	.	.
aroE.251	0	0	.	.	.
aroE.252	0	0	.	.	.
aroE.253	0	0	.	.	.
aroE.254	0	0	.	.	.
aroE.255	0	0	.	.	.
aroE.256	0	0	.	.	.
aroE.257	0	0	.	.	.
aroE.258	0	0	.	.	.
aroE.259	0	0	.	.	.
aroE.26	0	0	.	.	.
aroE.260	0	0	.	.	.
aroE.261	0	0	.	.	.
aroE.262	0	0	.	.	.
aroE.263	0	0	.	.	.
aroE.264	0	0	.	.	.
aroE.265	0	0	.	.	.
aroE.266	0	0	.	.	.
aroE.267	0	0	.	.	.
aroE.268	0	0	.	.	.
aroE.269	0	0	.	.	.
aroE.27	0	0	.	.	.
aroE.270	0	0	.	.	.
aroE.271	0	0	.	.	.
aroE.272	0	0	.	.	.
aroE.273	0	0	.	.	.
aroE.274	0	0	.	.	.
aroE.275	0	0	.	.	.
aroE.276	0	0	.	.	.
aroE.277	0	0	.	.	.
aroE.278	0	0	.	.	.
aroE.279	0	0	.	.	.
aroE.28	0	0	.	.	.
aroE.280	0	0	.	.	.
aroE.281	0	0	.	.	.
aroE.282	0	0	.	.	.
aroE.283	0	0	.	.	.
aroE.284	0	0	.	.	.
aroE.285	0	0	.	.	.
aroE.286	0	0	.	.	.
aroE.287	0	0	.	.	.
aroE.288	0	0	.	.	.
aroE.289	0	0	.	.	.
aroE.29	0	0	.	.	.
aroE.290	0	0	.	.	.
aroE.291	0	0	.	.	.
aroE.292	0	0	.	.	.
aroE.293	0	0	.	.	.
aroE.294	0	0	.	.	.
aroE.295	0	0	.	.	.
aroE.296	0	0	.	.	.
aroE.297	0	0	.	.	.
aroE.298	0	0	.	.	.
aroE.299	0	0	.	.	.
aroE.3	0	0	.	.	.
aroE.30	0	0	.	.	.
aroE.300	0	0	.	.	.
aroE.301	0	0	.	.	.
aroE.302	0	0	.	.	.
aroE.303	0	0	.	.	.
aroE.304	0	0	.	.	.
aroE.305	0	0	.	.	.
aroE.306	0	0	.	.	.
aroE.307	0	0	.	.	.
aroE.308	0	0	.	.	.
aroE.309	0	0	.	.	.
aroE.31	0	0	.	.	.
aroE.310	0	0	.	.	.
aroE.311	0	0	.	.	.
aroE.312	0	0	.	.	.
aroE.313	0	0	.	.	.
aroE.314	0	0	.	.	.
aroE.315	0	0	.	.	.
aroE.316	0	0	.	.	.
aroE.317	0	0	.	.	.
aroE.318	0	0	.	.	.
aroE.319	0	0	.	.	.
aroE.32	0	0	.	.	.
aroE.320	0	0	.	.	.
aroE.321	0	0	.	.	.
aroE.322	0	0	.	.	.
aroE.323	0	0	.	.	.
aroE.324	0	0	.	.	.
aroE.325	0	0	.	.	.
aroE.326	0	0	.	.	.
aroE.327	0	0	.	.	.
aroE.328	0	0	.	.	.
aroE.329	0	0	.	.	.
aroE.33	0	0	.	.	.
aroE.330	0	0	.	.	.
aroE.331	0	0	.	.	.
aroE.332	0	0	.	.	.
aroE.333	0	0	.	.	.
aroE.334	0	0	.	.	.
aroE.335	0	0	.	.	.
aroE.336	0	0	.	.	.
aroE.337	0	0	.	.	.
aroE.338	0	0	.	.	.
aroE.339	0	0	.	.	.
aroE.34	0	0	.	.	.
aroE.340	0	0	.	.	.
aroE.341	0	0	.	.	.
aroE.342	0	0	.	.	.
aroE.343	0	0	.	.	.
aroE.344	0	0	.	.	.
aroE.345	0	0	.	.	.
aroE.346	0	0	.	.	.
aroE.347	0	0	.	.	.
aroE.348	0	0	.	.	.
aroE.349	0	0	.	.	.
aroE.35	0	0	.	.	.
aroE.350	0	0	.	.	.
aroE.351	0	0	.	.	.
aroE.352	0	0	.	.	.
aroE.353	0	0	.	.	.
aroE.354	0	0	.	.	.
aroE.355	0	0	.	.	.
aroE.356	0	0	.	.	.
aroE.357	0	0	.	.	.
aroE.358	0	0	.	.	.
aroE.359	0	0	.	.	.
aroE.36	0	0	.	.	.
aroE.360	0	0	.	.	.
aroE.361	0	0	.	.	.
aroE.362	0	0	.	.	.
aroE.363	0	0	.	.	.
aroE.364	0	0	.	.	.
aroE.365	0	0	.	.	.
aroE.366	0	0	.	.	.
aroE.367	0	0	.	.	.
aroE.368	0	0	.	.	.
aroE.369	0	0	.	.	.
aroE.37	0	0	.	.	.
aroE.370	0	0	.	.	.
aroE.371	0	0	.	.	.
aroE.372	0	0	.	.	.
aroE.373	0	0	.	.	.
aroE.374	0	0	.	.	.
aroE.375	0	0	.	.	.
aroE.376	0	0	.	.	.
aroE.377	0	0	.	.	.
aroE.378	0	0	.	.	.
aroE.379	0	0	.	.	.
aroE.38	0	0	.	.	.
aroE.380	0	0	.	.	.
aroE.381	0	0	.	.	.
aroE.382	0	0	.	.	.
aroE.383	0	0	.	.	.
aroE.384	0	0	.	.	.
aroE.385	0	0	.	.	.
aroE.386	0	0	.	.	.
aroE.387	0	0	.	.	.
aroE.388	0	0	.	.	.
aroE.389	0	0	.	.	.
aroE.39	0	0	.	.	.
aroE.390	0	0	.	.	.
aroE.391	0	0	.	.	.
aroE.392	0	0	.	.	.
aroE.393	0	0	.	.	.
aroE.394	0	0	.	.	.
aroE.395	0	0	.	.	.
aroE.396	0	0	.	.	.
aroE.397	0	0	.	.	.
aroE.398	0	0	.	.	.
aroE.399	0	0	.	.	.
aroE.4	0	0	.	.	.
aroE.40	0	0	.	.	.
aroE.400	0	0	.	.	.
aroE.401	0	0	.	.	.
aroE.402	0	0	.	.	.
aroE.403	0	0	.	.	.
aroE.404	0	0	.	.	.
aroE.405	0	0	.	.	.
aroE.406	0	0	.	.	.
aroE.407	0	0	.	.	.
aroE.408	0	0	.	.	.
aroE.409	0	0	.	.	.
aroE.41	0	0	.	.	.
aroE.410	0	0	.	.	.
aroE.411	0	0	.	.	.
aroE.412	0	0	.	.	.
aroE.413	0	0	.	.	.
aroE.414	0	0	.	.	.
aroE.415	0	0	.	.	.
aroE.416	0	0	.	.	.
aroE.417	0	0	.	.	.
aroE.418	0	0	.	.	.
aroE.419	0	0	.	.	.
aroE.42	0	0	.	.	.
aroE.420	0	0	.	.	.
aroE.421	0	0	.	.	.
aroE.422	0	0	.	.	.
aroE.423	0	0	.	.	.
aroE.424	0	0	.	.	.
aroE.425	0	0	.	.	.
aroE.426	0	0	.	.	.
aroE.427	0	0	.	.	.
aroE.428	0	0	.	.	.
aroE.429	0	0	.	.	.
aroE.43	0	0	.	.	.
aroE.430	0	0	.	.	.
aroE.431	0	0	.	.	.
aroE.432	0	0	.	.	.
aroE.433	0	0	.	.	.
aroE.434	0	0	.	.	.
aroE.435	0	0	.	.	.
aroE.436	0	0	.	.	.
aroE.437	0	0	.	.	.
aroE.438	0	0	.	.	.
aroE.439	0	0	.	.	.
aroE.44	0	0	.	.	.
aroE.440	0	0	.	.	.
aroE.441	0	0	.	.	.
aroE.442	0	0	.	.	.
aroE.443	0	0	.	.	.
aroE.444	0	0	.	.	.
aroE.445	0	0	.	.	.
aroE.446	0	0	.	.	.
aroE.447	0	0	.	.	.
aroE.448	0	0	.	.	.
aroE.449	0	0	.	.	.
aroE.45	0	0	.	.	.
aroE.450	0	0	.	.	.
aroE.451	0	0	.	.	.
aroE.452	0	0	.	.	.
aroE.453	0	0	.	.	.
aroE.454	0	0	.	.	.
aroE.455	0	0	.	.	.
aroE.456	0	0	.	.	.
aroE.457	0	0	.	.	.
aroE.458	0	0	.	.	.
aroE.459	0	0	.	.	.
aroE.46	0	0	.	.	.
aroE.460	0	0	.	.	.
aroE.461	0	0	.	.	.
aroE.462	0	0	.	.	.
aroE.463	0	0	.	.	.
aroE.464	0	0	.	.	.
aroE.465	0	0	.	.	.
aroE.466	0	0	.	.	.
aroE.467	0	0	.	.	.
aroE.468	0	0	.	.	.
aroE.469	0	0	.	.	.
aroE.47	0	0	.	.	.
aroE.470	0	0	.	.	.
aroE.471	0	0	.	.	.
aroE.472	0	0	.	.	.
aroE.473	0	0	.	.	.
aroE.474	0	0	.	.	.
aroE.475	0	0	.	.	.
aroE.476	0	0	.	.	.
aroE.477	0	0	.	.	.
aroE.478	0	0	.	.	.
aroE.479	0	0	.	.	.
aroE.48	0	0	.	.	.
aroE.480	0	0	.	.	.
aroE.481	0	0	.	.	.
aroE.482	0	0	.	.	.
aroE.483	0	0	.	.	.
aroE.484	0	0	.	.	.
aroE.485	0	0	.	.	.
aroE.486	0	0	.	.	.
aroE.487	0	0	.	.	.
aroE.488	0	0	.	.	.
aroE.489	0	0	.	.	.
aroE.49	0	0	.	.	.
aroE.490	0	0	.	.	.
aroE.491	0	0	.	.	.
aroE.492	0	0	.	.	.
aroE.493	0	0	.	.	.
aroE.494	0	0	.	.	.
aroE.495	0	0	.	.	.
aroE.496	0	0	.	.	.
aroE.497	0	0	.	.	.
aroE.498	0	0	.	.	.
aroE.499	0	0	.	.	.
aroE.5	0	0	.	.	.
aroE.50	0	0	.	.	.
aroE.500	0	0	.	.	.
aroE.501	0	0	.	.	.
aroE.502	0	0	.	.	.
aroE.503	0	0	.	.	.
aroE.504	0	0	.	.	.
aroE.505	0	0	.	.	.
aroE.506	0	0	.	.	.
aroE.507	0	0	.	.	.
aroE.508	0	0	.	.	.
aroE.509	0	0	.	.	.
aroE.51	0	0	.	.	.
aroE.510	0	0	.	.	.
aroE.511	0	0	.	.	.
aroE.512	0	0	.	.	.
aroE.513	0	0	.	.	.
aroE.514	0	0	.	.	.
aroE.515	0	0	.	.	.
aroE.516	0	0	.	.	.
aroE.517	0	0	.	.	.
aroE.518	0	0	.	.	.
aroE.519	0	0	.	.	.
aroE.52	0	0	.	.	.
aroE.520	0	0	.	.	.
aroE.521	0	0	.	.	.
aroE.522	0	0	.	.	.
aroE.523	0	0	.	.	.
aroE.524	0	0	.	.	.
aroE.525	0	0	.	.	.
aroE.526	0	0	.	.	.
aroE.527	0	0	.	.	.
aroE.528	0	0	.	.	.
aroE.529	0	0	.	.	.
aroE.53	0	0	.	.	.
aroE.530	0	0	.	.	.
aroE.531	0	0	.	.	.
aroE.532	0	0	.	.	.
aroE.533	0	0	.	.	.
aroE.534	0	0	.	.	.
aroE.535	0	0	.	.	.
aroE.536	0	0	.	.	.
aroE.537	0	0	.	.	.
aroE.538	0	0	.	.	.
aroE.539	0	0	.	.	.
aroE.54	0	0	.	.	.
aroE.540	0	0	.	.	.
aroE.541	0	0	.	.	.
aroE.542	0	0	.	.	.
aroE.543	0	0	.	.	.
aroE.544	0	0	.	.	.
aroE.545	0	0	.	.	.
aroE.546	0	0	.	.	.
aroE.547	0	0	.	.	.
aroE.548	0	0	.	.	.
aroE.549	0	0	.	.	.
aroE.55	0	0	.	.	.
aroE.550	0	0	.	.	.
aroE.551	0	0	.	.	.
aroE.552	0	0	.	.	.
aroE.553	0	0	.	.	.
aroE.554	0	0	.	.	.
aroE.555	0	0	.	.	.
aroE.556	0	0	.	.	.
aroE.557	0	0	.	.	.
aroE.558	0	0	.	.	.
aroE.559	0	0	.	.	.
aroE.56	0	0	.	.	.
aroE.560	0	0	.	.	.
aroE.561	0	0	.	.	.
aroE.562	0	0	.	.	.
aroE.563	0	0	.	.	.
aroE.564	0	0	.	.	.
aroE.565	0	0	.	.	.
aroE.566	0	0	.	.	.
aroE.567	0	0	.	.	.
aroE.568	0	0	.	.	.
aroE.569	0	0	.	.	.
aroE.57	0	0	.	.	.
aroE.570	0	0	.	.	.
aroE.571	0	0	.	.	.
aroE.572	0	0	.	.	.
aroE.573	0	0	.	.	.
aroE.574	0	0	.	.	.
aroE.575	0	0	.	.	.
aroE.576	0	0	.	.	.
aroE.577	0	0	.	.	.
aroE.578	0	0	.	.	.
aroE.579	0	0	.	.	.
aroE.58	0	0	.	.	.
aroE.580	0	0	.	.	.
aroE.581	0	0	.	.	.
aroE.582	0	0	.	.	.
aroE.583	0	0	.	.	.
aroE.584	0	0	.	.	.
aroE.585	0	0	.	.	.
aroE.586	0	0	.	.	.
aroE.587	0	0	.	.	.
aroE.588	0	0	.	.	.
aroE.589	0	0	.	.	.
aroE.59	0	0	.	.	.
aroE.590	0	0	.	.	.
aroE.591	0	0	.	.	.
aroE.592	0	0	.	.	.
aroE.593	0	0	.	.	.
aroE.594	0	0	.	.	.
aroE.595	0	0	.	.	.
aroE.596	0	0	.	.	.
aroE.597	0	0	.	.	.
aroE.598	0	0	.	.	.
aroE.599	0	0	.	.	.
aroE.6	0	0	.	.	.
aroE.60	0	0	.	.	.
aroE.600	0	0	.	.	.
aroE.601	0	0	.	.	.
aroE.602	0	0	.	.	.
aroE.603	0	0	.	.	.
aroE.604	0	0	.	.	.
aroE.605	0	0	.	.	.
aroE.606	0	0	.	.	.
aroE.607	0	0	.	.	.
aroE.608	0	0	.	.	.
aroE.609	0	0	.	.	.
aroE.61	0	0	.	.	.
aroE.610	0	0	.	.	.
aroE.611	0	0	.	.	.
aroE.612	0	0	.	.	.
aroE.613	0	0	.	.	.
aroE.614	0	0	.	.	.
aroE.615	0	0	.	.	.
aroE.616	0	0	.	.	.
aroE.617	0	0	.	.	.
aroE.618	0	0	.	.	.
aroE.619	0	0	.	.	.
aroE.62	0	0	.	.	.
aroE.620	0	0	.	.	.
aroE.621	0	0	.	.	.
aroE.622	0	0	.	.	.
aroE.623	0	0	.	.	.
aroE.624	0	0	.	.	.
aroE.625	0	0	.	.	.
aroE.626	0	0	.	.	.
aroE.627	0	0	.	.	.
aroE.628	0	0	.	.	.
aroE.629	0	0	.	.	.
aroE.63	0	0	.	.	.
aroE.630	0	0	.	.	.
aroE.631	0	0	.	.	.
aroE.632	0	0	.	.	.
aroE.633	0	0	.	.	.
aroE.634	0	0	.	.	.
aroE.635	0	0	.	.	.
aroE.636	0	0	.	.	.
aroE.637	0	0	.	.	.
aroE.64	0	0	.	.	.
aroE.65	0	0	.	.	.
aroE.66	0	0	.	.	.
aroE.67	0	0	.	.	.
aroE.68	0	0	.	.	.
aroE.69	0	0	.	.	.
aroE.7	0	0	.	.	.
aroE.70	0	0	.	.	.
aroE.71	0	0	.	.	.
aroE.72	0	0	.	.	.
aroE.73	0	0	.	.	.
aroE.74	0	0	.	.	.
aroE.75	0	0	.	.	.
aroE.76	0	0	.	.	.
aroE.77	0	0	.	.	.
aroE.78	0	0	.	.	.
aroE.79	0	0	.	.	.
aroE.8	0	0	.	.	.
aroE.80	0	0	.	.	.
aroE.81	0	0	.	.	.
aroE.82	0	0	.	.	.
aroE.83	0	0	.	.	.
aroE.84	0	0	.	.	.
aroE.85	0	0	.	.	.
aroE.86	0	0	.	.	.
aroE.87	0	0	.	.	.
aroE.88	0	0	.	.	.
aroE.89	0	0	.	.	.
aroE.9	0	0	.	.	.
aroE.90	0	0	.	.	.
aroE.91	0	0	.	.	.
aroE.92	0	0	.	.	.
aroE.93	0	0	.	.	.
aroE.94	0	0	.	.	.
aroE.95	0	0	.	.	.
aroE.96	0	0	.	.	.
aroE.97	0	0	.	.	.
aroE.98	0	0	.	.	.
aroE.99	0	0	.	.	.
glpF.1	0	0	.	.	.
glpF.10	0	0	.	.	.
glpF.100	0	0	.	.	.
glpF.101	0	0	.	.	.
glpF.102	0	0	.	.	.
glpF.103	0	0	.	.	.
glpF.104	0	0	.	.	.
glpF.105	0	0	.	.	.
glpF.106	0	0	.	.	.
glpF.107	0	0	.	.	.
glpF.108	0	0	.	.	.
glpF.109	0	0	.	.	.
glpF.11	0	0	.	.	.
glpF.110	0	0	.	.	.
glpF.111	0	0	.	.	.
glpF.112	0	0	.	.	.
glpF.113	0	0	.	.	.
glpF.114	0	0	.	.	.
glpF.115	0	0	.	.	.
glpF.116	0	0	.	.	.
glpF.117	0	0	.	.	.
glpF.118	0	0	.	.	.
glpF.119	0	0	.	.	.
glpF.12	0	0	.	.	.
glpF.120	0	0	.	.	.
glpF.121	0	0	.	.	.
glpF.122	0	0	.	.	.
glpF.123	0	0	.	.	.
glpF.124	0	0	.	.	.
glpF.125	0	0	.	.	.
glpF.126	0	0	.	.	.
glpF.127	0	0	.	.	.
glpF.128	0	0	.	.	.
glpF.129	0	0	.	.	.
glpF.13	0	0	.	.	.
glpF.130	0	0	.	.	.
glpF.131	0	0	.	.	.
glpF.132	0	0	.	.	.
glpF.133	0	0	.	.	.
glpF.134	0	0	.	.	.
glpF.135	0	0	.	.	.
glpF.136	0	0	.	.	.
glpF.137	0	0	.	.	.
glpF.138	0	0	.	.	.
glpF.139	0	0	.	.	.
glpF.14	0	0	.	.	.
glpF.140	0	0	.	.	.
glpF.141	0	0	.	.	.
glpF.142	0	0	.	.	.
glpF.143	0	0	.	.	.
glpF.144	0	0	.	.	.
glpF.145	0	0	.	.	.
glpF.146	0	0	.	.	.
glpF.147	0	0	.	.	.
glpF.148	0	0	.	.	.
glpF.149	0	0	.	.	.
glpF.15	0	0	.	.	.
glpF.150	0	0	.	.	.
glpF.151	0	0	.	.	.
glpF.152	0	0	.	.	.
glpF.153	0	0	.	.	.
glpF.154	0	0	.	.	.
glpF.155	0	0	.	.	.
glpF.156	0	0	.	.	.
glpF.157	0	0	.	.	.
glpF.158	0	0	.	.	.
glpF.159	0	0	.	.	.
glpF.16	0	0	.	.	.
glpF.160	0	0	.	.	.
glpF.161	0	0	.	.	.
glpF.162	0	0	.	.	.
glpF.163	0	0	.	.	.
glpF.164	0	0	.	.	.
glpF.165	0	0	.	.	.
glpF.166	0	0	.	.	.
glpF.167	0	0	.	.	.
glpF.168	0	0	.	.	.
glpF.169	0	0	.	.	.
glpF.17	0	0	.	.	.
glpF.170	0	0	.	.	.
glpF.171	0	0	.	.	.
glpF.172	0	0	.	.	.
glpF.173	0	0	.	.	.
glpF.174	0	0	.	.	.
glpF.175	0	0	.	.	.
glpF.176	0	0	.	.	.
glpF.177	0	0	.	.	.
glpF.178	0	0	.	.	.
glpF.179	0	0	.	.	.
glpF.18	0	0	.	.	.
glpF.180	0	0	.	.	.
glpF.181	0	0	.	.	.
glpF.182	0	0	.	.	.
glpF.183	0	0	.	.	.
glpF.184	0	0	.	.	.
glpF.185	0	0	.	.	.
glpF.186	0	0	.	.	.
glpF.187	0	0	.	.	.
glpF.188	0	0	.	.	.
glpF.189	0	0	.	.	.
glpF.19	0	0	.	.	.
glpF.190	0	0	.	.	.
glpF.191	0	0	.	.	.
glpF.192	0	0	.	.	.
glpF.193	0	0	.	.	.
glpF.194	0	0	.	.	.
glpF.195	0	0	.	.	.
glpF.196	0	0	.	.	.
glpF.197	0	0	.	.	.
glpF.198	0	0	.	.	.
glpF.199	0	0	.	.	.
glpF.2	0	0	.	.	.
glpF.20	0	0	.	.	.
glpF.200	0	0	.	.	.
glpF.201	0	0	.	.	.
glpF.202	0	0	.	.	.
glpF.203	0	0	.	.	.
glpF.204	0	0	.	.	.
glpF.205	0	0	.	.	.
glpF.206	0	0	.	.	.
glpF.207	0	0	.	.	.
glpF.208	0	0	.	.	.
glpF.209	0	0	.	.	.
glpF.21	0	0	.	.	.
glpF.210	0	0	.	.	.
glpF.211	0	0	.	.	.
glpF.212	0	0	.	.	.
glpF.213	0	0	.	.	.
glpF.214	0	0	.	.	.
glpF.215	0	0	.	.	.
glpF.216	0	0	.	.	.
glpF.217	0	0	.	.	.
glpF.218	0	0	.	.	.
glpF.219	0	0	.	.	.
glpF.22	0	0	.	.	.
glpF.220	0	0	.	.	.
glpF.221	0	0	.	.	.
glpF.222	0	0	.	.	.
glpF.223	0	0	.	.	.
glpF.224	0	0	.	.	.
glpF.225	0	0	.	.	.
glpF.226	0	0	.	.	.
glpF.227	0	0	.	.	.
glpF.228	0	0	.	.	.
glpF.229	0	0	.	.	.
glpF.23	0	0	.	.	.
glpF.230	0	0	.	.	.
glpF.231	0	0	.	.	.
glpF.232	0	0	.	.	.
glpF.233	0	0	.	.	.
glpF.234	0	0	.	.	.
glpF.235	0	0	.	.	.
glpF.236	0	0	.	.	.
glpF.237	0	0	.	.	.
glpF.238	0	0	.	.	.
glpF.239	0	0	.	.	.
glpF.24	0	0	.	.	.
glpF.240	0	0	.	.	.
glpF.241	0	0	.	.	.
glpF.242	0	0	.	.	.
glpF.243	0	0	.	.	.
glpF.244	0	0	.	.	.
glpF.245	0	0	.	.	.
glpF.246	0	0	.	.	.
glpF.247	0	0	.	.	.
glpF.248	0	0	.	.	.
glpF.249	0	0	.	.	.
glpF.25	0	0	.	.	.
glpF.250	0	0	.	.	.
glpF.251	0	0	.	.	.
glpF.252	0	0	.	.	.
glpF.253	0	0	.	.	.
glpF.254	0	0	.	.	.
glpF.255	0	0	.	.	.
glpF.256	0	0	.	.	.
glpF.257	0	0	.	.	.
glpF.258	0	0	.	.	.
glpF.259	0	0	.	.	.
glpF.26	0	0	.	.	.
glpF.260	0	0	.	.	.
glpF.261	0	0	.	.	.
glpF.262	0	0	.	.	.
glpF.263	0	0	.	.	.
glpF.264	0	0	.	.	.
glpF.265	0	0	.	.	.
glpF.266	0	0	.	.	.
glpF.267	0	0	.	.	.
glpF.268	0	0	.	.	.
glpF.269	0	0	.	.	.
glpF.27	0	0	.	.	.
glpF.270	0	0	.	.	.
glpF.271	0	0	.	.	.
glpF.272	0	0	.	.	.
glpF.273	0	0	.	.	.
glpF.274	0	0	.	.	.
glpF.275	0	0	.	.	.
glpF.276	0	0	.	.	.
glpF.277	0	0	.	.	.
glpF.278	0	0	.	.	.
glpF.279	0	0	.	.	.
glpF.28	0	0	.	.	.
glpF.280	0	0	.	.	.
glpF.281	0	0	.	.	.
glpF.282	0	0	.	.	.
glpF.283	0	0	.	.	.
glpF.284	0	0	.	.	.
glpF.285	0	0	.	.	.
glpF.286	0	0	.	.	.
glpF.287	0	0	.	.	.
glpF.288	0	0	.	.	.
glpF.289	0	0	.	.	.
glpF.29	0	0	.	.	.
glpF.290	0	0	.	.	.
glpF.291	0	0	.	.	.
glpF.292	0	0	.	.	.
glpF.293	0	0	.	.	.
glpF.294	0	0	.	.	.
glpF.295	0	0	.	.	.
glpF.296	0	0	.	.	.
glpF.297	0	0	.	.	.
glpF.298	0	0	.	.	.
glpF.299	0	0	.	.	.
glpF.3	0	0	.	.	.
glpF.30	0	0	.	.	.
glpF.300	0	0	.	.	.
glpF.301	0	0	.	.	.
glpF.302	0	0	.	.	.
glpF.303	0	0	.	.	.
glpF.304	0	0	.	.	.
glpF.305	0	0	.	.	.
glpF.306	0	0	.	.	.
glpF.307	0	0	.	.	.
glpF.308	0	0	.	.	.
glpF.309	0	0	.	.	.
glpF.31	0	0	.	.	.
glpF.310	0	0	.	.	.
glpF.311	0	0	.	.	.
glpF.312	0	0	.	.	.
glpF.313	0	0	.	.	.
glpF.314	0	0	.	.	.
glpF.315	0	0	.	.	.
glpF.316	0	0	.	.	.
glpF.317	0	0	.	.	.
glpF.318	0	0	.	.	.
glpF.319	0	0	.	.	.
glpF.32	0	0	.	.	.
glpF.320	0	0	.	.	.
glpF.321	0	0	.	.	.
glpF.322	0	0	.	.	.
glpF.323	0	0	.	.	.
glpF.324	0	0	.	.	.
glpF.325	0	0	.	.	.
glpF.326	0	0	.	.	.
glpF.327	0	0	.	.	.
glpF.328	0	0	.	.	.
glpF.329	0	0	.	.	.
glpF.33	0	0	.	.	.
glpF.330	0	0	.	.	.
glpF.331	0	0	.	.	.
glpF.332	0	0	.	.	.
glpF.333	0	0	.	.	.
glpF.334	0	0	.	.	.
glpF.335	0	0	.	.	.
glpF.336	0	0	.	.	.
glpF.337	0	0	.	.	.
glpF.338	0	0	.	.	.
glpF.339	0	0	.	.	.
glpF.34	0	0	.	.	.
glpF.340	0	0	.	.	.
glpF.341	0	0	.	.	.
glpF.342	0	0	.	.	.
glpF.343	0	0	.	.	.
glpF.344	0	0	.	.	.
glpF.345	0	0	.	.	.
glpF.346	0	0	.	.	.
glpF.347	0	0	.	.	.
glpF.348	0	0	.	.	.
glpF.349	0	0	.	.	.
glpF.35	0	0	.	.	.
glpF.350	0	0	.	.	.
glpF.351	0	0	.	.	.
glpF.352	0	0	.	.	.
glpF.353	0	0	.	.	.
glpF.354	0	0	.	.	.
glpF.355	0	0	.	.	.
glpF.356	0	0	.	.	.
glpF.357	0	0	.	.	.
glpF.358	0	0	.	.	.
glpF.359	0	0	.	.	.
glpF.36	0	0	.	.	.
glpF.360	0	0	.	.	.
glpF.361	0	0	.	.	.
glpF.362	0	0	.	.	.
glpF.363	0	0	.	.	.
glpF.364	0	0	.	.	.
glpF.365	0	0	.	.	.
glpF.366	0	0	.	.	.
glpF.367	0	0	.	.	.
glpF.368	0	0	.	.	.
glpF.369	0	0	.	.	.
glpF.37	0	0	.	.	.
glpF.370	0	0	.	.	.
glpF.371	0	0	.	.	.
glpF.372	0	0	.	.	.
glpF.373	0	0	.	.	.
glpF.374	0	0	.	.	.
glpF.375	0	0	.	.	.
glpF.376	0	0	.	.	.
glpF.377	0	0	.	.	.
glpF.378	0	0	.	.	.
glpF.379	0	0	.	.	.
glpF.38	0	0	.	.	.
glpF.380	0	0	.	.	.
glpF.381	0	0	.	.	.
glpF.382	0	0	.	.	.
glpF.383	0	0	.	.	.
glpF.384	0	0	.	.	.
glpF.385	0	0	.	.	.
glpF.386	0	0	.	.	.
glpF.387	0	0	.	.	.
glpF.388	0	0	.	.	.
glpF.389	0	0	.	.	.
glpF.39	0	0	.	.	.
glpF.390	0	0	.	.	.
glpF.391	0	0	.	.	.
glpF.392	0	0	.	.	.
glpF.393	0	0	.	.	.
glpF.394	0	0	.	.	.
glpF.395	0	0	.	.	.
glpF.396	0	0	.	.	.
glpF.397	0	0	.	.	.
glpF.398	0	0	.	.	.
glpF.399	0	0	.	.	.
glpF.4	0	0	.	.	.
glpF.40	0	0	.	.	.
glpF.400	0	0	.	.	.
glpF.401	0	0	.	.	.
glpF.402	0	0	.	.	.
glpF.403	0	0	.	.	.
glpF.404	0	0	.	.	.
glpF.405	0	0	.	.	.
glpF.406	0	0	.	.	.
glpF.407	0	0	.	.	.
glpF.408	0	0	.	.	.
glpF.409	0	0	.	.	.
glpF.41	0	0	.	.	.
glpF.410	0	0	.	.	.
glpF.411	0	0	.	.	.
glpF.412	0	0	.	.	.
glpF.413	0	0	.	.	.
glpF.414	0	0	.	.	.
glpF.415	0	0	.	.	.
glpF.416	0	0	.	.	.
glpF.417	0	0	.	.	.
glpF.418	0	0	.	.	.
glpF.419	0	0	.	.	.
glpF.42	0	0	.	.	.
glpF.420	0	0	.	.	.
glpF.421	0	0	.	.	.
glpF.422	0	0	.	.	.
glpF.423	0	0	.	.	.
glpF.424	0	0	.	.	.
glpF.425	0	0	.	.	.
glpF.426	0	0	.	.	.
glpF.427	0	0	.	.	.
glpF.428	0	0	.	.	.
glpF.429	0	0	.	.	.
glpF.43	0	0	.	.	.
glpF.430	0	0	.	.	.
glpF.431	0	0	.	.	.
glpF.432	0	0	.	.	.
glpF.433	0	0	.	.	.
glpF.434	0	0	.	.	.
glpF.435	0	0	.	.	.
glpF.436	0	0	.	.	.
glpF.437	0	0	.	.	.
glpF.438	0	0	.	.	.
glpF.439	0	0	.	.	.
glpF.44	0	0	.	.	.
glpF.440	0	0	.	.	.
glpF.441	0	0	.	.	.
glpF.442	0	0	.	.	.
glpF.443	0	0	.	.	.
glpF.444	0	0	.	.	.
glpF.445	0	0	.	.	.
glpF.446	0	0	.	.	.
glpF.447	0	0	.	.	.
glpF.448	0	0	.	.	.
glpF.449	0	0	.	.	.
glpF.45	0	0	.	.	.
glpF.450	0	0	.	.	.
glpF.451	0	0	.	.	.
glpF.452	0	0	.	.	.
glpF.453	0	0	.	.	.
glpF.454	0	0	.	.	.
glpF.455	0	0	.	.	.
glpF.456	0	0	.	.	.
glpF.457	0	0	.	.	.
glpF.458	0	0	.	.	.
glpF.459	0	0	.	.	.
glpF.46	0	0	.	.	.
glpF.460	0	0	.	.	.
glpF.461	0	0	.	.	.
glpF.462	0	0	.	.	.
glpF.463	0	0	.	.	.
glpF.464	0	0	.	.	.
glpF.465	0	0	.	.	.
glpF.466	0	0	.	.	.
glpF.467	0	0	.	.	.
glpF.468	0	0	.	.	.
glpF.469	0	0	.	.	.
glpF.47	0	0	.	.	.
glpF.470	0	0	.	.	.
glpF.471	0	0	.	.	.
glpF.472	0	0	.	.	.
glpF.473	0	0	.	.	.
glpF.474	0	0	.	.	.
glpF.475	0	0	.	.	.
glpF.476	0	0	.	.	.
glpF.477	0	0	.	.	.
glpF.478	0	0	.	.	.
glpF.479	0	0	.	.	.
glpF.48	0	0	.	.	.
glpF.480	0	0	.	.	.
glpF.481	0	0	.	.	.
glpF.482	0	0	.	.	.
glpF.483	0	0	.	.	.
glpF.484	0	0	.	.	.
glpF.485	0	0	.	.	.
glpF.486	0	0	.	.	.
glpF.487	0	0	.	.	.
glpF.488	0	0	.	.	.
glpF.489	0	0	.	.	.
glpF.49	0	0	.	.	.
glpF.490	0	0	.	.	.
glpF.491	0	0	.	.	.
glpF.492	0	0	.	.	.
glpF.493	0	0	.	.	.
glpF.494	0	0	.	.	.
glpF.495	0	0	.	.	.
glpF.496	0	0	.	.	.
glpF.497	0	0	.	.	.
glpF.498	0	0	.	.	.
glpF.499	0	0	.	.	.
glpF.5	0	0	.	.	.
glpF.50	0	0	.	.	.
glpF.500	0	0	.	.	.
glpF.501	0	0	.	.	.
glpF.502	0	0	.	.	.
glpF.503	0	0	.	.	.
glpF.504	0	0	.	.	.
glpF.505	0	0	.	.	.
glpF.506	0	0	.	.	.
glpF.507	0	0	.	.	.
glpF.508	0	0	.	.	.
glpF.509	0	0	.	.	.
glpF.51	0	0	.	.	.
glpF.510	0	0	.	.	.
glpF.511	0	0	.	.	.
glpF.512	0	0	.	.	.
glpF.513	0	0	.	.	.
glpF.514	0	0	.	.	.
glpF.515	0	0	.	.	.
glpF.516	0	0	.	.	.
glpF.517	0	0	.	.	.
glpF.518	0	0	.	.	.
glpF.519	0	0	.	.	.
glpF.52	0	0	.	.	.
glpF.520	0	0	.	.	.
glpF.521	0	0	.	.	.
glpF.522	0	0	.	.	.
glpF.523	0	0	.	.	.
glpF.524	0	0	.	.	.
glpF.525	0	0	.	.	.
glpF.526	0	0	.	.	.
glpF.527	0	0	.	.	.
glpF.528	0	0	.	.	.
glpF.529	0	0	.	.	.
glpF.53	0	0	.	.	.
glpF.530	0	0	.	.	.
glpF.531	0	0	.	.	.
glpF.532	0	0	.	.	.
glpF.533	0	0	.	.	.
glpF.534	0	0	.	.	.
glpF.535	0	0	.	.	.
glpF.536	0	0	.	.	.
glpF.537	0	0	.	.	.
glpF.538	0	0	.	.	.
glpF.539	0	0	.	.	.
glpF.54	0	0	.	.	.
glpF.540	0	0	.	.	.
glpF.541	0	0	.	.	.
glpF.542	0	0	.	.	.
glpF.543	0	0	.	.	.
glpF.544	0	0	.	.	.
glpF.545	0	0	.	.	.
glpF.546	0	0	.	.	.
glpF.547	0	0	.	.	.
glpF.548	0	0	.	.	.
glpF.549	0	0	.	.	.
glpF.55	0	0	.	.	.
glpF.550	0	0	.	.	.
glpF.551	0	0	.	.	.
glpF.552	0	0	.	.	.
glpF.553	0	0	.	.	.
glpF.554	0	0	.	.	.
glpF.555	0	0	.	.	.
glpF.556	0	0	.	.	.
glpF.557	0	0	.	.	.
glpF.558	0	0	.	.	.
glpF.559	0	0	.	.	.
glpF.56	0	0	.	.	.
glpF.560	0	0	.	.	.
glpF.561	0	0	.	.	.
glpF.562	0	0	.	.	.
glpF.563	0	0	.	.	.
glpF.564	0	0	.	.	.
glpF.565	0	0	.	.	.
glpF.566	0	0	.	.	.
glpF.567	0	0	.	.	.
glpF.568	0	0	.	.	.
glpF.569	0	0	.	.	.
glpF.57	0	0	.	.	.
glpF.570	0	0	.	.	.
glpF.571	0	0	.	.	.
glpF.572	0	0	.	.	.
glpF.573	0	0	.	.	.
glpF.574	0	0	.	.	.
glpF.575	0	0	.	.	.
glpF.576	0	0	.	.	.
glpF.58	0	0	.	.	.
glpF.59	0	0	.	.	.
glpF.6	0	0	.	.	.
glpF.60	0	0	.	.	.
glpF.61	0	0	.	.	.
glpF.62	0	0	.	.	.
glpF.63	0	0	.	.	.
glpF.64	0	0	.	.	.
glpF.65	0	0	.	.	.
glpF.66	0	0	.	.	.
glpF.67	0	0	.	.	.
glpF.68	0	0	.	.	.
glpF.69	0	0	.	.	.
glpF.7	0	0	.	.	.
glpF.70	0	0	.	.	.
glpF.71	0	0	.	.	.
glpF.72	0	0	.	.	.
glpF.73	0	0	.	.	.
glpF.74	0	0	.	.	.
glpF.75	0	0	.	.	.
glpF.76	0	0	.	.	.
glpF.77	0	0	.	.	.
glpF.78	0	0	.	.	.
glpF.79	0	0	.	.	.
glpF.8	0	0	.	.	.
glpF.80	0	0	.	.	.
glpF.81	0	0	.	.	.
glpF.82	0	0	.	.	.
glpF.83	0	0	.	.	.
glpF.84	0	0	.	.	.
glpF.85	0	0	.	.	.
glpF.86	0	0	.	.	.
glpF.87	0	0	.	.	.
glpF.88	0	0	.	.	.
glpF.89	0	0	.	.	.
glpF.9	0	0	.	.	.
glpF.90	0	0	.	.	.
glpF.91	0	0	.	.	.
glpF.92	0	0	.	.	.
glpF.93	0	0	.	.	.
glpF.94	0	0	.	.	.
glpF.95	0	0	.	.	.
glpF.96	0	0	.	.	.
glpF.97	0	0	.	.	.
glpF.98	0	0	.	.	.
glpF.99	0	0	.	.	.
gmk.1	0	0	.	.	.
gmk.10	0	0	.	.	.
gmk.100	0	0	.	.	.
gmk.101	0	0	.	.	.
gmk.102	0	0	.	.	.
gmk.103	0	0	.	.	.
gmk.104	0	0	.	.	.
gmk.105	0	0	.	.	.
gmk.106	0	0	.	.	.
gmk.107	0	0	.	.	.
gmk.108	0	0	.	.	.
gmk.109	0	0	.	.	.
gmk.11	0	0	.	.	.
gmk.110	0	0	.	.	.
gmk.111	0	0	.	.	.
gmk.112	0	0	.	.	.
gmk.113	0	0	.	.	.
gmk.114	0	0	.	.	.
gmk.115	0	0	.	.	.
gmk.116	0	0	.	.	.
gmk.117	0	0	.	.	.
gmk.118	0	0	.	.	.
gmk.119	0	0	.	.	.
gmk.12	0	0	.	.	.
gmk.120	0	0	.	.	.
gmk.121	0	0	.	.	.
gmk.122	0	0	.	.	.
gmk.123	0	0	.	.	.
gmk.124	0	0	.	.	.
gmk.125	0	0	.	.	.
gmk.126	0	0	.	.	.
gmk.127	0	0	.	.	.
gmk.128	0	0	.	.	.
gmk.129	0	0	.	.	.
gmk.13	0	0	.	.	.
gmk.130	0	0	.	.	.
gmk.131	0	0	.	.	.
gmk.132	0	0	.	.	.
gmk.133	0	0	.	.	.
gmk.134	0	0	.	.	.
gmk.135	0	0	.	.	.
gmk.136	0	0	.	.	.
gmk.137	0	0	.	.	.
gmk.138	0	0	.	.	.
gmk.139	0	0	.	.	.
gmk.14	0	0	.	.	.
gmk.140	0	0	.	.	.
gmk.141	0	0	.	.	.
gmk.142	0	0	.	.	.
gmk.143	0	0	.	.	.
gmk.144	0	0	.	.	.
gmk.145	0	0	.	.	.
gmk.146	0	0	.	.	.
gmk.147	0	0	.	.	.
gmk.148	0	0	.	.	.
gmk.149	0	0	.	.	.
gmk.15	0	0	.	.	.
gmk.150	0	0	.	.	.
gmk.151	0	0	.	.	.
gmk.152	0	0	.	.	.
gmk.153	0	0	.	.	.
gmk.154	0	0	.	.	.
gmk.155	0	0	.	.	.
gmk.156	0	0	.	.	.
gmk.157	0	0	.	.	.
gmk.158	0	0	.	.	.
gmk.159	0	0	.	.	.
gmk.16	0	0	.	.	.
gmk.160	0	0	.	.	.
gmk.161	0	0	.	.	.
gmk.162	0	0	.	.	.
gmk.163	0	0	.	.	.
gmk.164	0	0	.	.	.
gmk.165	0	0	.	.	.
gmk.166	0	0	.	.	.
gmk.167	0	0	.	.	.
gmk.168	0	0	.	.	.
gmk.169	0	0	.	.	.
gmk.17	0	0	.	.	.
gmk.170	0	0	.	.	.
gmk.171	0	0	.	.	.
gmk.172	0	0	.	.	.
gmk.173	0	0	.	.	.
gmk.174	0	0	.	.	.
gmk.175	0	0	.	.	.
gmk.176	0	0	.	.	.
gmk.177	0	0	.	.	.
gmk.178	0	0	.	.	.
gmk.179	0	0	.	.	.
gmk.18	0	0	.	.	.
gmk.180	0	0	.	.	.
gmk.181	0	0	.	.	.
gmk.182	0	0	.	.	.
gmk.183	0	0	.	.	.
gmk.184	0	0	.	.	.
gmk.185	0	0	.	.	.
gmk.186	0	0	.	.	.
gmk.187	0	0	.	.	.
gmk.188	0	0	.	.	.
gmk.189	0	0	.	.	.
gmk.19	0	0	.	.	.
gmk.190	0	0	.	.	.
gmk.191	0	0	.	.	.
gmk.192	0	0	.	.	.
gmk.193	0	0	.	.	.
gmk.194	0	0	.	.	.
gmk.195	0	0	.	.	.
gmk.196	0	0	.	.	.
gmk.197	0	0	.	.	.
gmk.198	0	0	.	.	.
gmk.199	0	0	.	.	.
gmk.2	0	0	.	.	.
gmk.20	0	0	.	.	.
gmk.200	0	0	.	.	.
gmk.201	0	0	.	.	.
gmk.202	0	0	.	.	.
gmk.203	0	0	.	.	.
gmk.204	0	0	.	.	.
gmk.205	0	0	.	.	.
gmk.206	0	0	.	.	.
gmk.207	0	0	.	.	.
gmk.208	0	0	.	.	.
gmk.209	0	0	.	.	.
gmk.21	0	0	.	.	.
gmk.210	0	0	.	.	.
gmk.211	0	0	.	.	.
gmk.212	0	0	.	.	.
gmk.213	0	0	.	.	.
gmk.214	0	0	.	.	.
gmk.215	0	0	.	.	.
gmk.216	0	0	.	.	.
gmk.217	0	0	.	.	.
gmk.218	0	0	.	.	.
gmk.219	0	0	.	.	.
gmk.22	0	0	.	.	.
gmk.220	0	0	.	.	.
gmk.221	0	0	.	.	.
gmk.222	0	0	.	.	.
gmk.223	0	0	.	.	.
gmk.224	0	0	.	.	.
gmk.225	0	0	.	.	.
gmk.226	0	0	.	.	.
gmk.227	0	0	.	.	.
gmk.228	0	0	.	.	.
gmk.229	0	0	.	.	.
gmk.23	0	0	.	.	.
gmk.230	0	0	.	.	.
gmk.231	0	0	.	.	.
gmk.232	0	0	.	.	.
gmk.233	0	0	.	.	.
gmk.234	0	0	.	.	.
gmk.235	0	0	.	.	.
gmk.236	0	0	.	.	.
gmk.237	0	0	.	.	.
gmk.238	0	0	.	.	.
gmk.239	0	0	.	.	.
gmk.24	0	0	.	.	.
gmk.240	0	0	.	.	.
gmk.241	0	0	.	.	.
gmk.242	0	0	.	.	.
gmk.243	0	0	.	.	.
gmk.244	0	0	.	.	.
gmk.245	0	0	.	.	.
gmk.246	0	0	.	.	.
gmk.247	0	0	.	.	.
gmk.248	0	0	.	.	.
gmk.249	0	0	.	.	.
gmk.25	0	0	.	.	.
gmk.250	0	0	.	.	.
gmk.251	0	0	.	.	.
gmk.252	0	0	.	.	.
gmk.253	0	0	.	.	.
gmk.254	0	0	.	.	.
gmk.255	0	0	.	.	.
gmk.256	0	0	.	.	.
gmk.257	0	0	.	.	.
gmk.258	0	0	.	.	.
gmk.259	0	0	.	.	.
gmk.26	0	0	.	.	.
gmk.260	0	0	.	.	.
gmk.261	0	0	.	.	.
gmk.262	0	0	.	.	.
gmk.263	0	0	.	.	.
gmk.264	0	0	.	.	.
gmk.265	0	0	.	.	.
gmk.266	0	0	.	.	.
gmk.267	0	0	.	.	.
gmk.268	0	0	.	.	.
gmk.269	0	0	.	.	.
gmk.27	0	0	.	.	.
gmk.270	0	0	.	.	.
gmk.271	0	0	.	.	.
gmk.272	0	0	.	.	.
gmk.273	0	0	.	.	.
gmk.274	0	0	.	.	.
gmk.275	0	0	.	.	.
gmk.276	0	0	.	.	.
gmk.277	0	0	.	.	.
gmk.278	0	0	.	.	.
gmk.279	0	0	.	.	.
gmk.28	0	0	.	.	.
gmk.280	0	0	.	.	.
gmk.281	0	0	.	.	.
gmk.282	0	0	.	.	.
gmk.283	0	0	.	.	.
gmk.284	0	0	.	.	.
gmk.285	0	0	.	.	.
gmk.286	0	0	.	.	.
gmk.287	0	0	.	.	.
gmk.288	0	0	.	.	.
gmk.289	0	0	.	.	.
gmk.29	0	0	.	.	.
gmk.290	0	0	.	.	.
gmk.291	0	0	.	.	.
gmk.292	0	0	.	.	.
gmk.293	0	0	.	.	.
gmk.294	0	0	.	.	.
gmk.295	0	0	.	.	.
gmk.296	0	0	.	.	.
gmk.297	0	0	.	.	.
gmk.298	0	0	.	.	.
gmk.299	0	0	.	.	.
gmk.3	0	0	.	.	.
gmk.30	0	0	.	.	.
gmk.300	0	0	.	.	.
gmk.301	0	0	.	.	.
gmk.302	0	0	.	.	.
gmk.303	0	0	.	.	.
gmk.304	0	0	.	.	.
gmk.305	0	0	.	.	.
gmk.306	0	0	.	.	.
gmk.307	0	0	.	.	.
gmk.308	0	0	.	.	.
gmk.309	0	0	.	.	.
gmk.31	0	0	.	.	.
gmk.310	0	0	.	.	.
gmk.311	0	0	.	.	.
gmk.312	0	0	.	.	.
gmk.313	0	0	.	.	.
gmk.314	0	0	.	.	.
gmk.315	0	0	.	.	.
gmk.316	0	0	.	.	.
gmk.317	0	0	.	.	.
gmk.318	0	0	.	.	.
gmk.319	0	0	.	.	.
gmk.32	0	0	.	.	.
gmk.320	0	0	.	.	.
gmk.321	0	0	.	.	.
gmk.322	0	0	.	.	.
gmk.323	0	0	.	.	.
gmk.33	0	0	.	.	.
gmk.34	0	0	.	.	.
gmk.35	0	0	.	.	.
gmk.36	0	0	.	.	.
gmk.37	0	0	.	.	.
gmk.38	0	0	.	.	.
gmk.39	0	0	.	.	.
gmk.4	0	0	.	.	.
gmk.40	0	0	.	.	.
gmk.41	0	0	.	.	.
gmk.42	0	0	.	.	.
gmk.43	0	0	.	.	.
gmk.44	0	0	.	.	.
gmk.45	0	0	.	.	.
gmk.46	0	0	.	.	.
gmk.47	0	0	.	.	.
gmk.48	0	0	.	.	.
gmk.49	0	0	.	.	.
gmk.5	0	0	.	.	.
gmk.50	0	0	.	.	.
gmk.51	0	0	.	.	.
gmk.52	0	0	.	.	.
gmk.53	0	0	.	.	.
gmk.54	0	0	.	.	.
gmk.55	0	0	.	.	.
gmk.56	0	0	.	.	.
gmk.57	0	0	.	.	.
gmk.58	0	0	.	.	.
gmk.59	0	0	.	.	.
gmk.6	0	0	.	.	.
gmk.60	0	0	.	.	.
gmk.61	0	0	.	.	.
gmk.62	0	0	.	.	.
gmk.63	0	0	.	.	.
gmk.64	0	0	.	.	.
gmk.65	0	0	.	.	.
gmk.66	0	0	.	.	.
gmk.67	0	0	.	.	.
gmk.68	0	0	.	.	.
gmk.69	0	0	.	.	.
gmk.7	0	0	.	.	.
gmk.70	0	0	.	.	.
gmk.71	0	0	.	.	.
gmk.72	0	0	.	.	.
gmk.73	0	0	.	.	.
gmk.74	0	0	.	.	.
gmk.75	0	0	.	.	.
gmk.76	0	0	.	.	.
gmk.77	0	0	.	.	.
gmk.78	0	0	.	.	.
gmk.79	0	0	.	.	.
gmk.8	0	0	.	.	.
gmk.80	0	0	.	.	.
gmk.81	0	0	.	.	.
gmk.82	0	0	.	.	.
gmk.83	0	0	.	.	.
gmk.84	0	0	.	.	.
gmk.85	0	0	.	.	.
gmk.86	0	0	.	.	.
gmk.87	0	0	.	.	.
gmk.88	0	0	.	.	.
gmk.89	0	0	.	.	.
gmk.9	0	0	.	.	.
gmk.90	0	0	.	.	.
gmk.91	0	0	.	.	.
gmk.92	0	0	.	.	.
gmk.93	0	0	.	.	.
gmk.94	0	0	.	.	.
gmk.95	0	0	.	.	.
gmk.96	0	0	.	.	.
gmk.97	0	0	.	.	.
gmk.98	0	0	.	.	.
gmk.99	0	0	.	.	.
pta.1	0	0	.	.	.
pta.10	0	0	.	.	.
pta.100	0	0	.	.	.
pta.101	0	0	.	.	.
pta.102	0	0	.	.	.
pta.103	0	0	.	.	.
pta.104	0	0	.	.	.
pta.105	0	0	.	.	.
pta.106	0	0	.	.	.
pta.107	0	0	.	.	.
pta.108	0	0	.	.	.
pta.109	0	0	.	.	.
pta.11	0	0	.	.	.
pta.110	0	0	.	.	.
pta.111	0	0	.	.	.
pta.112	0	0	.	.	.
pta.113	0	0	.	.	.
pta.114	0	0	.	.	.
pta.115	0	0	.	.	.
pta.116	0	0	.	.	.
pta.117	0	0	.	.	.
pta.118	0	0	.	.	.
pta.119	0	0	.	.	.
pta.12	0	0	.	.	.
pta.120	0	0	.	.	.
pta.121	0	0	.	.	.
pta.122	0	0	.	.	.
pta.123	0	0	.	.	.
pta.124	0	0	.	.	.
pta.125	0	0	.	.	.
pta.126	0	0	.	.	.
pta.127	0	0	.	.	.
pta.128	0	0	.	.	.
pta.129	0	0	.	.	.
pta.13	0	0	.	.	.
pta.130	0	0	.	.	.
pta.131	0	0	.	.	.
pta.132	0	0	.	.	.
pta.133	0	0	.	.	.
pta.134	0	0	.	.	.
pta.135	0	0	.	.	.
pta.136	0	0	.	.	.
pta.137	0	0	.	.	.
pta.138	0	0	.	.	.
pta.139	0	0	.	.	.
pta.14	0	0	.	.	.
pta.140	0	0	.	.	.
pta.141	0	0	.	.	.
pta.142	0	0	.	.	.
pta.143	0	0	.	.	.
pta.144	0	0	.	.	.
pta.145	0	0	.	.	.
pta.146	0	0	.	.	.
pta.147	0	0	.	.	.
pta.148	0	0	.	.	.
pta.149	0	0	.	.	.
pta.15	0	0	.	.	.
pta.150	0	0	.	.	.
pta.151	0	0	.	.	.
pta.152	0	0	.	.	.
pta.153	0	0	.	.	.
pta.154	0	0	.	.	.
pta.155	0	0	.	.	.
pta.156	0	0	.	.	.
pta.157	0	0	.	.	.
pta.158	0	0	.	.	.
pta.159	0	0	.	.	.
pta.16	0	0	.	.	.
pta.160	0	0	.	.	.
pta.161	0	0	.	.	.
pta.162	0	0	.	.	.
pta.163	0	0	.	.	.
pta.164	0	0	.	.	.
pta.165	0	0	.	.	.
pta.166	0	0	.	.	.
pta.167	0	0	.	.	.
pta.168	0	0	.	.	.
pta.169	0	0	.	.	.
pta.17	0	0	.	.	.
pta.170	0	0	.	.	.
pta.171	0	0	.	.	.
pta.172	0	0	.	.	.
pta.173	0	0	.	.	.
pta.174	0	0	.	.	.
pta.175	0	0	.	.	.
pta.176	0	0	.	.	.
pta.177	0	0	.	.	.
pta.178	0	0	.	.	.
pta.179	0	0	.	.	.
pta.18	0	0	.	.	.
pta.180	0	0	.	.	.
pta.181	0	0	.	.	.
pta.182	0	0	.	.	.
pta.183	0	0	.	.	.
pta.184	0	0	.	.	.
pta.185	0	0	.	.	.
pta.186	0	0	.	.	.
pta.187	0	0	.	.	.
pta.188	0	0	.	.	.
pta.189	0	0	.	.	.
pta.19	0	0	.	.	.
pta.190	0	0	.	.	.
pta.191	0	0	.	.	.
pta.192	0	0	.	.	.
pta.193	0	0	.	.	.
pta.194	0	0	.	.	.
pta.195	0	0	.	.	.
pta.196	0	0	.	.	.
pta.197	0	0	.	.	.
pta.198	0	0	.	.	.
pta.199	0	0	.	.	.
pta.2	0	0	.	.	.
pta.20	0	0	.	.	.
pta.200	0	0	.	.	.
pta.201	0	0	.	.	.
pta.202	0	0	.	.	.
pta.203	0	0	.	.	.
pta.204	0	0	.	.	.
pta.205	0	0	.	.	.
pta.206	0	0	.	.	.
pta.207	0	0	.	.	.
pta.208	0	0	.	.	.
pta.209	0	0	.	.	.
pta.21	0	0	.	.	.
pta.210	0	0	.	.	.
pta.211	0	0	.	.	.
pta.212	0	0	.	.	.
pta.213	0	0	.	.	.
pta.214	0	0	.	.	.
pta.215	0	0	.	.	.
pta.216	0	0	.	.	.
pta.217	0	0	.	.	.
pta.218	0	0	.	.	.
pta.219	0	0	.	.	.
pta.22	0	0	.	.	.
pta.220	0	0	.	.	.
pta.221	0	0	.	.	.
pta.222	0	0	.	.	.
pta.223	0	0	.	.	.
pta.224	0	0	.	.	.
pta.225	0	0	.	.	.
pta.226	0	0	.	.	.
pta.227	0	0	.	.	.
pta.228	0	0	.	.	.
pta.229	0	0	.	.	.
pta.23	0	0	.	.	.
pta.230	0	0	.	.	.
pta.231	0	0	.	.	.
pta.232	0	0	.	.	.
pta.233	0	0	.	.	.
pta.234	0	0	.	.	.
pta.235	0	0	.	.	.
pta.236	0	0	.	.	.
pta.237	0	0	.	.	.
pta.238	0	0	.	.	.
pta.239	0	0	.	.	.
pta.24	0	0	.	.	.
pta.240	0	0	.	.	.
pta.241	0	0	.	.	.
pta.242	0	0	.	.	.
pta.243	0	0	.	.	.
pta.244	0	0	.	.	.
pta.245	0	0	.	.	.
pta.246	0	0	.	.	.
pta.247	0	0	.	.	.
pta.248	0	0	.	.	.
pta.249	0	0	.	.	.
pta.25	0	0	.	.	.
pta.250	0	0	.	.	.
pta.251	0	0	.	.	.
pta.252	0	0	.	.	.
pta.253	0	0	.	.	.
pta.254	0	0	.	.	.
pta.255	0	0	.	.	.
pta.256	0	0	.	.	.
pta.257	0	0	.	.	.
pta.258	0	0	.	.	.
pta.259	0	0	.	.	.
pta.26	0	0	.	.	.
pta.260	0	0	.	.	.
pta.261	0	0	.	.	.
pta.262	0	0	.	.	.
pta.263	0	0	.	.	.
pta.264	0	0	.	.	.
pta.265	0	0	.	.	.
pta.266	0	0	.	.	.
pta.267	0	0	.	.	.
pta.268	0	0	.	.	.
pta.269	0	0	.	.	.
pta.27	0	0	.	.	.
pta.270	0	0	.	.	.
pta.271	0	0	.	.	.
pta.272	0	0	.	.	.
pta.273	0	0	.	.	.
pta.274	0	0	.	.	.
pta.275	0	0	.	.	.
pta.276	0	0	.	.	.
pta.277	0	0	.	.	.
pta.278	0	0	.	.	.
pta.279	0	0	.	.	.
pta.28	0	0	.	.	.
pta.280	0	0	.	.	.
pta.281	0	0	.	.	.
pta.282	0	0	.	.	.
pta.283	0	0	.	.	.
pta.284	0	0	.	.	.
pta.285	0	0	.	.	.
pta.286	0	0	.	.	.
pta.287	0	0	.	.	.
pta.288	0	0	.	.	.
pta.289	0	0	.	.	.
pta.29	0	0	.	.	.
pta.290	0	0	.	.	.
pta.291	0	0	.	.	.
pta.292	0	0	.	.	.
pta.293	0	0	.	.	.
pta.294	0	0	.	.	.
pta.295	0	0	.	.	.
pta.296	0	0	.	.	.
pta.297	0	0	.	.	.
pta.298	0	0	.	.	.
pta.299	0	0	.	.	.
pta.3	0	0	.	.	.
pta.30	0	0	.	.	.
pta.300	0	0	.	.	.
pta.301	0	0	.	.	.
pta.302	0	0	.	.	.
pta.303	0	0	.	.	.
pta.304	0	0	.	.	.
pta.305	0	0	.	.	.
pta.306	0	0	.	.	.
pta.307	0	0	.	.	.
pta.308	0	0	.	.	.
pta.309	0	0	.	.	.
pta.31	0	0	.	.	.
pta.310	0	0	.	.	.
pta.311	0	0	.	.	.
pta.312	0	0	.	.	.
pta.313	0	0	.	.	.
pta.314	0	0	.	.	.
pta.315	0	0	.	.	.
pta.316	0	0	.	.	.
pta.317	0	0	.	.	.
pta.318	0	0	.	.	.
pta.319	0	0	.	.	.
pta.32	0	0	.	.	.
pta.320	0	0	.	.	.
pta.321	0	0	.	.	.
pta.322	0	0	.	.	.
pta.323	0	0	.	.	.
pta.324	0	0	.	.	.
pta.325	0	0	.	.	.
pta.326	0	0	.	.	.
pta.327	0	0	.	.	.
pta.328	0	0	.	.	.
pta.329	0	0	.	.	.
pta.33	0	0	.	.	.
pta.330	0	0	.	.	.
pta.331	0	0	.	.	.
pta.332	0	0	.	.	.
pta.333	0	0	.	.	.
pta.334	0	0	.	.	.
pta.335	0	0	.	.	.
pta.336	0	0	.	.	.
pta.337	0	0	.	.	.
pta.338	0	0	.	.	.
pta.339	0	0	.	.	.
pta.34	0	0	.	.	.
pta.340	0	0	.	.	.
pta.341	0	0	.	.	.
pta.342	0	0	.	.	.
pta.343	0	0	.	.	.
pta.344	0	0	.	.	.
pta.345	0	0	.	.	.
pta.346	0	0	.	.	.
pta.347	0	0	.	.	.
pta.348	0	0	.	.	.
pta.349	0	0	.	.	.
pta.35	0	0	.	.	.
pta.350	0	0	.	.	.
pta.351	0	0	.	.	.
pta.352	0	0	.	.	.
pta.353	0	0	.	.	.
pta.354	0	0	.	.	.
pta.355	0	0	.	.	.
pta.356	0	0	.	.	.
pta.357	0	0	.	.	.
pta.358	0	0	.	.	.
pta.359	0	0	.	.	.
pta.36	0	0	.	.	.
pta.360	0	0	.	.	.
pta.361	0	0	.	.	.
pta.362	0	0	.	.	.
pta.363	0	0	.	.	.
pta.364	0	0	.	.	.
pta.365	0	0	.	.	.
pta.366	0	0	.	.	.
pta.367	0	0	.	.	.
pta.368	0	0	.	.	.
pta.369	0	0	.	.	.
pta.37	0	0	.	.	.
pta.370	0	0	.	.	.
pta.371	0	0	.	.	.
pta.372	0	0	.	.	.
pta.373	0	0	.	.	.
pta.374	0	0	.	.	.
pta.375	0	0	.	.	.
pta.376	0	0	.	.	.
pta.377	0	0	.	.	.
pta.378	0	0	.	.	.
pta.379	0	0	.	.	.
pta.38	0	0	.	.	.
pta.380	0	0	.	.	.
pta.381	0	0	.	.	.
pta.382	0	0	.	.	.
pta.383	0	0	.	.	.
pta.384	0	0	.	.	.
pta.385	0	0	.	.	.
pta.386	0	0	.	.	.
pta.387	0	0	.	.	.
pta.388	0	0	.	.	.
pta.389	0	0	.	.	.
pta.39	0	0	.	.	.
pta.390	0	0	.	.	.
pta.391	0	0	.	.	.
pta.392	0	0	.	.	.
pta.393	0	0	.	.	.
pta.394	0	0	.	.	.
pta.395	0	0	.	.	.
pta.396	0	0	.	.	.
pta.397	0	0	.	.	.
pta.398	0	0	.	.	.
pta.399	0	0	.	.	.
pta.4	0	0	.	.	.
pta.40	0	0	.	.	.
pta.400	0	0	.	.	.
pta.401	0	0	.	.	.
pta.402	0	0	.	.	.
pta.403	0	0	.	.	.
pta.404	0	0	.	.	.
pta.405	0	0	.	.	.
pta.406	0	0	.	.	.
pta.407	0	0	.	.	.
pta.408	0	0	.	.	.
pta.409	0	0	.	.	.
pta.41	0	0	.	.	.
pta.410	0	0	.	.	.
pta.411	0	0	.	.	.
pta.412	0	0	.	.	.
pta.413	0	0	.	.	.
pta.414	0	0	.	.	.
pta.415	0	0	.	.	.
pta.416	0	0	.	.	.
pta.417	0	0	.	.	.
pta.418	0	0	.	.	.
pta.419	0	0	.	.	.
pta.42	0	0	.	.	.
pta.420	0	0	.	.	.
pta.421	0	0	.	.	.
pta.422	0	0	.	.	.
pta.423	0	0	.	.	.
pta.424	0	0	.	.	.
pta.425	0	0	.	.	.
pta.426	0	0	.	.	.
pta.427	0	0	.	.	.
pta.428	0	0	.	.	.
pta.429	0	0	.	.	.
pta.43	0	0	.	.	.
pta.430	0	0	.	.	.
pta.431	0	0	.	.	.
pta.432	0	0	.	.	.
pta.433	0	0	.	.	.
pta.434	0	0	.	.	.
pta.435	0	0	.	.	.
pta.436	0	0	.	.	.
pta.437	0	0	.	.	.
pta.438	0	0	.	.	.
pta.439	0	0	.	.	.
pta.44	0	0	.	.	.
pta.440	0	0	.	.	.
pta.441	0	0	.	.	.
pta.442	0	0	.	.	.
pta.443	0	0	.	.	.
pta.444	0	0	.	.	.
pta.445	0	0	.	.	.
pta.446	0	0	.	.	.
pta.447	0	0	.	.	.
pta.448	0	0	.	.	.
pta.449	0	0	.	.	.
pta.45	0	0	.	.	.
pta.450	0	0	.	.	.
pta.451	0	0	.	.	.
pta.452	0	0	.	.	.
pta.453	0	0	.	.	.
pta.454	0	0	.	.	.
pta.455	0	0	.	.	.
pta.456	0	0	.	.	.
pta.457	0	0	.	.	.
pta.458	0	0	.	.	.
pta.459	0	0	.	.	.
pta.46	0	0	.	.	.
pta.460	0	0	.	.	.
pta.461	0	0	.	.	.
pta.462	0	0	.	.	.
pta.463	0	0	.	.	.
pta.464	0	0	.	.	.
pta.465	0	0	.	.	.
pta.466	0	0	.	.	.
pta.467	0	0	.	.	.
pta.468	0	0	.	.	.
pta.469	0	0	.	.	.
pta.47	0	0	.	.	.
pta.470	0	0	.	.	.
pta.471	0	0	.	.	.
pta.472	0	0	.	.	.
pta.473	0	0	.	.	.
pta.474	0	0	.	.	.
pta.475	0	0	.	.	.
pta.476	0	0	.	.	.
pta.477	0	0	.	.	.
pta.478	0	0	.	.	.
pta.479	0	0	.	.	.
pta.48	0	0	.	.	.
pta.480	0	0	.	.	.
pta.481	0	0	.	.	.
pta.482	0	0	.	.	.
pta.483	0	0	.	.	.
pta.484	0	0	.	.	.
pta.485	0	0	.	.	.
pta.486	0	0	.	.	.
pta.487	0	0	.	.	.
pta.488	0	0	.	.	.
pta.489	0	0	.	.	.
pta.49	0	0	.	.	.
pta.490	0	0	.	.	.
pta.491	0	0	.	.	.
pta.492	0	0	.	.	.
pta.493	0	0	.	.	.
pta.494	0	0	.	.	.
pta.495	0	0	.	.	.
pta.496	0	0	.	.	.
pta.497	0	0	.	.	.
pta.498	0	0	.	.	.
pta.499	0	0	.	.	.
pta.5	0	0	.	.	.
pta.50	0	0	.	.	.
pta.500	0	0	.	.	.
pta.501	0	0	.	.	.
pta.502	0	0	.	.	.
pta.503	0	0	.	.	.
pta.504	0	0	.	.	.
pta.505	0	0	.	.	.
pta.506	0	0	.	.	.
pta.507	0	0	.	.	.
pta.508	0	0	.	.	.
pta.51	0	0	.	.	.
pta.52	0	0	.	.	.
pta.53	0	0	.	.	.
pta.54	0	0	.	.	.
pta.55	0	0	.	.	.
pta.56	0	0	.	.	.
pta.57	0	0	.	.	.
pta.58	0	0	.	.	.
pta.59	0	0	.	.	.
pta.6	0	0	.	.	.
pta.60	0	0	.	.	.
pta.61	0	0	.	.	.
pta.62	0	0	.	.	.
pta.63	0	0	.	.	.
pta.64	0	0	.	.	.
pta.65	0	0	.	.	.
pta.66	0	0	.	.	.
pta.67	0	0	.	.	.
pta.68	0	0	.	.	.
pta.69	0	0	.	.	.
pta.7	0	0	.	.	.
pta.70	0	0	.	.	.
pta.71	0	0	.	.	.
pta.72	0	0	.	.	.
pta.73	0	0	.	.	.
pta.74	0	0	.	.	.
pta.75	0	0	.	.	.
pta.76	0	0	.	.	.
pta.77	0	0	.	.	.
pta.78	0	0	.	.	.
pta.79	0	0	.	.	.
pta.8	0	0	.	.	.
pta.80	0	0	.	.	.
pta.81	0	0	.	.	.
pta.82	0	0	.	.	.
pta.83	0	0	.	.	.
pta.84	0	0	.	.	.
pta.85	0	0	.	.	.
pta.86	0	0	.	.	.
pta.87	0	0	.	.	.
pta.88	0	0	.	.	.
pta.89	0	0	.	.	.
pta.9	0	0	.	.	.
pta.90	0	0	.	.	.
pta.91	0	0	.	.	.
pta.92	0	0	.	.	.
pta.93	0	0	.	.	.
pta.94	0	0	.	.	.
pta.95	0	0	.	.	.
pta.96	0	0	.	.	.
pta.97	0	0	.	.	.
pta.98	0	0	.	.	.
pta.99	0	0	.	.	.
tpi.1	0	0	.	.	.
tpi.10	0	0	.	.	.
tpi.100	0	0	.	.	.
tpi.101	0	0	.	.	.
tpi.102	0	0	.	.	.
tpi.103	0	0	.	.	.
tpi.104	0	0	.	.	.
tpi.105	0	0	.	.	.
tpi.106	0	0	.	.	.
tpi.107	0	0	.	.	.
tpi.108	0	0	.	.	.
tpi.109	0	0	.	.	.
tpi.11	0	0	.	.	.
tpi.110	0	0	.	.	.
tpi.111	0	0	.	.	.
tpi.112	0	0	.	.	.
tpi.113	0	0	.	.	.
tpi.114	0	0	.	.	.
tpi.115	0	0	.	.	.
tpi.116	0	0	.	.	.
tpi.117	0	0	.	.	.
tpi.118	0	0	.	.	.
tpi.119	0	0	.	.	.
tpi.12	0	0	.	.	.
tpi.120	0	0	.	.	.
tpi.121	0	0	.	.	.
tpi.122	0	0	.	.	.
tpi.123	0	0	.	.	.
tpi.124	0	0	.	.	.
tpi.125	0	0	.	.	.
tpi.126	0	0	.	.	.
tpi.127	0	0	.	.	.
tpi.128	0	0	.	.	.
tpi.129	0	0	.	.	.
tpi.13	0	0	.	.	.
tpi.130	0	0	.	.	.
tpi.131	0	0	.	.	.
tpi.132	0	0	.	.	.
tpi.133	0	0	.	.	.
tpi.134	0	0	.	.	.
tpi.135	0	0	.	.	.
tpi.136	0	0	.	.	.
tpi.137	0	0	.	.	.
tpi.138	0	0	.	.	.
tpi.139	0	0	.	.	.
tpi.14	0	0	.	.	.
tpi.140	0	0	.	.	.
tpi.141	0	0	.	.	.
tpi.142	0	0	.	.	.
tpi.143	0	0	.	.	.
tpi.144	0	0	.	.	.
tpi.145	0	0	.	.	.
tpi.146	0	0	.	.	.
tpi.147	0	0	.	.	.
tpi.148	0	0	.	.	.
tpi.149	0	0	.	.	.
tpi.15	0	0	.	.	.
tpi.150	0	0	.	.	.
tpi.151	0	0	.	.	.
tpi.152	0	0	.	.	.
tpi.153	0	0	.	.	.
tpi.154	0	0	.	.	.
tpi.155	0	0	.	.	.
tpi.156	0	0	.	.	.
tpi.157	0	0	.	.	.
tpi.158	0	0	.	.	.
tpi.159	0	0	.	.	.
tpi.16	0	0	.	.	.
tpi.160	0	0	.	.	.
tpi.161	0	0	.	.	.
tpi.162	0	0	.	.	.
tpi.163	0	0	.	.	.
tpi.164	0	0	.	.	.
tpi.165	0	0	.	.	.
tpi.166	0	0	.	.	.
tpi.167	0	0	.	.	.
tpi.168	0	0	.	.	.
tpi.169	0	0	.	.	.
tpi.17	0	0	.	.	.
tpi.170	0	0	.	.	.
tpi.171	0	0	.	.	.
tpi.172	0	0	.	.	.
tpi.173	0	0	.	.	.
tpi.174	0	0	.	.	.
tpi.175	0	0	.	.	.
tpi.176	0	0	.	.	.
tpi.177	0	0	.	.	.
tpi.178	0	0	.	.	.
tpi.179	0	0	.	.	.
tpi.18	0	0	.	.	.
tpi.180	0	0	.	.	.
tpi.181	0	0	.	.	.
tpi.182	0	0	.	.	.
tpi.183	0	0	.	.	.
tpi.184	0	0	.	.	.
tpi.185	0	0	.	.	.
tpi.186	0	0	.	.	.
tpi.187	0	0	.	.	.
tpi.188	0	0	.	.	.
tpi.189	0	0	.	.	.
tpi.19	0	0	.	.	.
tpi.190	0	0	.	.	.
tpi.191	0	0	.	.	.
tpi.192	0	0	.	.	.
tpi.193	0	0	.	.	.
tpi.194	0	0	.	.	.
tpi.195	0	0	.	.	.
tpi.196	0	0	.	.	.
tpi.197	0	0	.	.	.
tpi.198	0	0	.	.	.
tpi.199	0	0	.	.	.
tpi.2	0	0	.	.	.
tpi.20	0	0	.	.	.
tpi.200	0	0	.	.	.
tpi.201	0	0	.	.	.
tpi.202	0	0	.	.	.
tpi.203	0	0	.	.	.
tpi.204	0	0	.	.	.
tpi.205	0	0	.	.	.
tpi.206	0	0	.	.	.
tpi.207	0	0	.	.	.
tpi.208	0	0	.	.	.
tpi.209	0	0	.	.	.
tpi.21	0	0	.	.	.
tpi.210	0	0	.	.	.
tpi.211	0	0	.	.	.
tpi.212	0	0	.	.	.
tpi.213	0	0	.	.	.
tpi.214	0	0	.	.	.
tpi.215	0	0	.	.	.
tpi.216	0	0	.	.	.
tpi.217	0	0	.	.	.
tpi.218	0	0	.	.	.
tpi.219	0	0	.	.	.
tpi.22	0	0	.	.	.
tpi.220	0	0	.	.	.
tpi.221	0	0	.	.	.
tpi.222	0	0	.	.	.
tpi.223	0	0	.	.	.
tpi.224	0	0	.	.	.
tpi.225	0	0	.	.	.
tpi.226	0	0	.	.	.
tpi.227	0	0	.	.	.
tpi.228	0	0	.	.	.
tpi.229	0	0	.	.	.
tpi.23	0	0	.	.	.
tpi.230	0	0	.	.	.
tpi.231	0	0	.	.	.
tpi.232	0	0	.	.	.
tpi.233	0	0	.	.	.
tpi.234	0	0	.	.	.
tpi.235	0	0	.	.	.
tpi.236	0	0	.	.	.
tpi.237	0	0	.	.	.
tpi.238	0	0	.	.	.
tpi.239	0	0	.	.	.
tpi.24	0	0	.	.	.
tpi.240	0	0	.	.	.
tpi.241	0	0	.	.	.
tpi.242	0	0	.	.	.
tpi.243	0	0	.	.	.
tpi.244	0	0	.	.	.
tpi.245	0	0	.	.	.
tpi.246	0	0	.	.	.
tpi.247	0	0	.	.	.
tpi.248	0	0	.	.	.
tpi.249	0	0	.	.	.
tpi.25	0	0	.	.	.
tpi.250	0	0	.	.	.
tpi.251	0	0	.	.	.
tpi.252	0	0	.	.	.
tpi.253	0	0	.	.	.
tpi.254	0	0	.	.	.
tpi.255	0	0	.	.	.
tpi.256	0	0	.	.	.
tpi.257	0	0	.	.	.
tpi.258	0	0	.	.	.
tpi.259	0	0	.	.	.
tpi.26	0	0	.	.	.
tpi.260	0	0	.	.	.
tpi.261	0	0	.	.	.
tpi.262	0	0	.	.	.
tpi.263	0	0	.	.	.
tpi.264	0	0	.	.	.
tpi.265	0	0	.	.	.
tpi.266	0	0	.	.	.
tpi.267	0	0	.	.	.
tpi.268	0	0	.	.	.
tpi.269	0	0	.	.	.
tpi.27	0	0	.	.	.
tpi.270	0	0	.	.	.
tpi.271	0	0	.	.	.
tpi.272	0	0	.	.	.
tpi.273	0	0	.	.	.
tpi.274	0	0	.	.	.
tpi.275	0	0	.	.	.
tpi.276	0	0	.	.	.
tpi.277	0	0	.	.	.
tpi.278	0	0	.	.	.
tpi.279	0	0	.	.	.
tpi.28	0	0	.	.	.
tpi.280	0	0	.	.	.
tpi.281	0	0	.	.	.
tpi.282	0	0	.	.	.
tpi.283	0	0	.	.	.
tpi.284	0	0	.	.	.
tpi.285	0	0	.	.	.
tpi.286	0	0	.	.	.
tpi.287	0	0	.	.	.
tpi.288	0	0	.	.	.
tpi.289	0	0	.	.	.
tpi.29	0	0	.	.	.
tpi.290	0	0	.	.	.
tpi.291	0	0	.	.	.
tpi.292	0	0	.	.	.
tpi.293	0	0	.	.	.
tpi.294	0	0	.	.	.
tpi.295	0	0	.	.	.
tpi.296	0	0	.	.	.
tpi.297	0	0	.	.	.
tpi.298	0	0	.	.	.
tpi.299	0	0	.	.	.
tpi.3	0	0	.	.	.
tpi.30	0	0	.	.	.
tpi.300	0	0	.	.	.
tpi.301	0	0	.	.	.
tpi.302	0	0	.	.	.
tpi.303	0	0	.	.	.
tpi.304	0	0	.	.	.
tpi.305	0	0	.	.	.
tpi.306	0	0	.	.	.
tpi.307	0	0	.	.	.
tpi.308	0	0	.	.	.
tpi.309	0	0	.	.	.
tpi.31	0	0	.	.	.
tpi.310	0	0	.	.	.
tpi.311	0	0	.	.	.
tpi.312	0	0	.	.	.
tpi.313	0	0	.	.	.
tpi.314	0	0	.	.	.
tpi.315	0	0	.	.	.
tpi.316	0	0	.	.	.
tpi.317	0	0	.	.	.
tpi.318	0	0	.	.	.
tpi.319	0	0	.	.	.
tpi.32	0	0	.	.	.
tpi.320	0	0	.	.	.
tpi.321	0	0	.	.	.
tpi.322	0	0	.	.	.
tpi.323	0	0	.	.	.
tpi.324	0	0	.	.	.
tpi.325	0	0	.	.	.
tpi.326	0	0	.	.	.
tpi.327	0	0	.	.	.
tpi.328	0	0	.	.	.
tpi.329	0	0	.	.	.
tpi.33	0	0	.	.	.
tpi.330	0	0	.	.	.
tpi.331	0	0	.	.	.
tpi.332	0	0	.	.	.
tpi.333	0	0	.	.	.
tpi.334	0	0	.	.	.
tpi.335	0	0	.	.	.
tpi.336	0	0	.	.	.
tpi.337	0	0	.	.	.
tpi.338	0	0	.	.	.
tpi.339	0	0	.	.	.
tpi.34	0	0	.	.	.
tpi.340	0	0	.	.	.
tpi.341	0	0	.	.	.
tpi.342	0	0	.	.	.
tpi.343	0	0	.	.	.
tpi.344	0	0	.	.	.
tpi.345	0	0	.	.	.
tpi.346	0	0	.	.	.
tpi.347	0	0	.	.	.
tpi.348	0	0	.	.	.
tpi.349	0	0	.	.	.
tpi.35	0	0	.	.	.
tpi.350	0	0	.	.	.
tpi.351	0	0	.	.	.
tpi.352	0	0	.	.	.
tpi.353	0	0	.	.	.
tpi.354	0	0	.	.	.
tpi.355	0	0	.	.	.
tpi.356	0	0	.	.	.
tpi.357	0	0	.	.	.
tpi.358	0	0	.	.	.
tpi.359	0	0	.	.	.
tpi.36	0	0	.	.	.
tpi.360	0	0	.	.	.
tpi.361	0	0	.	.	.
tpi.362	0	0	.	.	.
tpi.363	0	0	.	.	.
tpi.364	0	0	.	.	.
tpi.365	0	0	.	.	.
tpi.366	0	0	.	.	.
tpi.367	0	0	.	.	.
tpi.368	0	0	.	.	.
tpi.369	0	0	.	.	.
tpi.37	0	0	.	.	.
tpi.370	0	0	.	.	.
tpi.371	0	0	.	.	.
tpi.372	0	0	.	.	.
tpi.373	0	0	.	.	.
tpi.374	0	0	.	.	.
tpi.375	0	0	.	.	.
tpi.376	0	0	.	.	.
tpi.377	0	0	.	.	.
tpi.378	0	0	.	.	.
tpi.379	0	0	.	.	.
tpi.38	0	0	.	.	.
tpi.380	0	0	.	.	.
tpi.381	0	0	.	.	.
tpi.382	0	0	.	.	.
tpi.383	0	0	.	.	.
tpi.384	0	0	.	.	.
tpi.385	0	0	.	.	.
tpi.386	0	0	.	.	.
tpi.387	0	0	.	.	.
tpi.388	0	0	.	.	.
tpi.389	0	0	.	.	.
tpi.39	0	0	.	.	.
tpi.390	0	0	.	.	.
tpi.391	0	0	.	.	.
tpi.392	0	0	.	.	.
tpi.393	0	0	.	.	.
tpi.394	0	0	.	.	.
tpi.395	0	0	.	.	.
tpi.396	0	0	.	.	.
tpi.397	0	0	.	.	.
tpi.398	0	0	.	.	.
tpi.399	0	0	.	.	.
tpi.4	0	0	.	.	.
tpi.40	0	0	.	.	.
tpi.400	0	0	.	.	.
tpi.401	0	0	.	.	.
tpi.402	0	0	.	.	.
tpi.403	0	0	.	.	.
tpi.404	0	0	.	.	.
tpi.405	0	0	.	.	.
tpi.406	0	0	.	.	.
tpi.407	0	0	.	.	.
tpi.408	0	0	.	.	.
tpi.409	0	0	.	.	.
tpi.41	0	0	.	.	.
tpi.410	0	0	.	.	.
tpi.411	0	0	.	.	.
tpi.412	0	0	.	.	.
tpi.413	0	0	.	.	.
tpi.414	0	0	.	.	.
tpi.415	0	0	.	.	.
tpi.416	0	0	.	.	.
tpi.417	0	0	.	.	.
tpi.418	0	0	.	.	.
tpi.419	0	0	.	.	.
tpi.42	0	0	.	.	.
tpi.420	0	0	.	.	.
tpi.421	0	0	.	.	.
tpi.422	0	0	.	.	.
tpi.423	0	0	.	.	.
tpi.424	0	0	.	.	.
tpi.425	0	0	.	.	.
tpi.426	0	0	.	.	.
tpi.427	0	0	.	.	.
tpi.428	0	0	.	.	.
tpi.429	0	0	.	.	.
tpi.43	0	0	.	.	.
tpi.430	0	0	.	.	.
tpi.431	0	0	.	.	.
tpi.432	0	0	.	.	.
tpi.433	0	0	.	.	.
tpi.434	0	0	.	.	.
tpi.435	0	0	.	.	.
tpi.436	0	0	.	.	.
tpi.437	0	0	.	.	.
tpi.438	0	0	.	.	.
tpi.439	0	0	.	.	.
tpi.44	0	0	.	.	.
tpi.440	0	0	.	.	.
tpi.441	0	0	.	.	.
tpi.442	0	0	.	.	.
tpi.443	0	0	.	.	.
tpi.444	0	0	.	.	.
tpi.445	0	0	.	.	.
tpi.446	0	0	.	.	.
tpi.447	0	0	.	.	.
tpi.448	0	0	.	.	.
tpi.449	0	0	.	.	.
tpi.45	0	0	.	.	.
tpi.450	0	0	.	.	.
tpi.451	0	0	.	.	.
tpi.452	0	0	.	.	.
tpi.453	0	0	.	.	.
tpi.454	0	0	.	.	.
tpi.455	0	0	.	.	.
tpi.456	0	0	.	.	.
tpi.457	0	0	.	.	.
tpi.458	0	0	.	.	.
tpi.459	0	0	.	.	.
tpi.46	0	0	.	.	.
tpi.460	0	0	.	.	.
tpi.461	0	0	.	.	.
tpi.462	0	0	.	.	.
tpi.463	0	0	.	.	.
tpi.464	0	0	.	.	.
tpi.465	0	0	.	.	.
tpi.466	0	0	.	.	.
tpi.467	0	0	.	.	.
tpi.468	0	0	.	.	.
tpi.469	0	0	.	.	.
tpi.47	0	0	.	.	.
tpi.470	0	0	.	.	.
tpi.471	0	0	.	.	.
tpi.472	0	0	.	.	.
tpi.473	0	0	.	.	.
tpi.474	0	0	.	.	.
tpi.475	0	0	.	.	.
tpi.476	0	0	.	.	.
tpi.477	0	0	.	.	.
tpi.478	0	0	.	.	.
tpi.479	0	0	.	.	.
tpi.48	0	0	.	.	.
tpi.480	0	0	.	.	.
tpi.481	0	0	.	.	.
tpi.482	0	0	.	.	.
tpi.483	0	0	.	.	.
tpi.484	0	0	.	.	.
tpi.485	0	0	.	.	.
tpi.486	0	0	.	.	.
tpi.487	0	0	.	.	.
tpi.49	0	0	.	.	.
tpi.5	0	0	.	.	.
tpi.50	0	0	.	.	.
tpi.51	0	0	.	.	.
tpi.52	0	0	.	.	.
tpi.53	0	0	.	.	.
tpi.54	0	0	.	.	.
tpi.55	0	0	.	.	.
tpi.56	0	0	.	.	.
tpi.57	0	0	.	.	.
tpi.58	0	0	.	.	.
tpi.59	0	0	.	.	.
tpi.6	0	0	.	.	.
tpi.60	0	0	.	.	.
tpi.61	0	0	.	.	.
tpi.62	0	0	.	.	.
tpi.63	0	0	.	.	.
tpi.64	0	0	.	.	.
tpi.65	0	0	.	.	.
tpi.66	0	0	.	.	.
tpi.67	0	0	.	.	.
tpi.68	0	0	.	.	.
tpi.69	0	0	.	.	.
tpi.7	0	0	.	.	.
tpi.70	0	0	.	.	.
tpi.71	0	0	.	.	.
tpi.72	0	0	.	.	.
tpi.73	0	0	.	.	.
tpi.74	0	0	.	.	.
tpi.75	0	0	.	.	.
tpi.76	0	0	.	.	.
tpi.77	0	0	.	.	.
tpi.78	0	0	.	.	.
tpi.79	0	0	.	.	.
tpi.8	0	0	.	.	.
tpi.80	0	0	.	.	.
tpi.81	0	0	.	.	.
tpi.82	0	0	.	.	.
tpi.83	0	0	.	.	.
tpi.84	0	0	.	.	.
tpi.85	0	0	.	.	.
tpi.86	0	0	.	.	.
tpi.87	0	0	.	.	.
tpi.88	0	0	.	.	.
tpi.89	0	0	.	.	.
tpi.9	0	0	.	.	.
tpi.90	0	0	.	.	.
tpi.91	0	0	.	.	.
tpi.92	0	0	.	.	.
tpi.93	0	0	.	.	.
tpi.94	0	0	.	.	.
tpi.95	0	0	.	.	.
tpi.96	0	0	.	.	.
tpi.97	0	0	.	.	.
tpi.98	0	0	.	.	.
tpi.99	0	0	.	.	.
yqiL.1	0	0	.	.	.
yqiL.10	0	0	.	.	.
yqiL.100	0	0	.	.	.
yqiL.101	0	0	.	.	.
yqiL.102	0	0	.	.	.
yqiL.103	0	0	.	.	.
yqiL.104	0	0	.	.	.
yqiL.105	0	0	.	.	.
yqiL.106	0	0	.	.	.
yqiL.107	0	0	.	.	.
yqiL.108	0	0	.	.	.
yqiL.109	0	0	.	.	.
yqiL.11	0	0	.	.	.
yqiL.110	0	0	.	.	.
yqiL.111	0	0	.	.	.
yqiL.112	0	0	.	.	.
yqiL.113	0	0	.	.	.
yqiL.114	0	0	.	.	.
yqiL.115	0	0	.	.	.
yqiL.116	0	0	.	.	.
yqiL.117	0	0	.	.	.
yqiL.118	0	0	.	.	.
yqiL.119	0	0	.	.	.
yqiL.12	0	0	.	.	.
yqiL.120	0	0	.	.	.
yqiL.121	0	0	.	.	.
yqiL.122	0	0	.	.	.
yqiL.123	0	0	.	.	.
yqiL.124	0	0	.	.	.
yqiL.125	0	0	.	.	.
yqiL.126	0	0	.	.	.
yqiL.127	0	0	.	.	.
yqiL.128	0	0	.	.	.
yqiL.129	0	0	.	.	.
yqiL.13	0	0	.	.	.
yqiL.130	0	0	.	.	.
yqiL.131	0	0	.	.	.
yqiL.132	0	0	.	.	.
yqiL.133	0	0	.	.	.
yqiL.134	0	0	.	.	.
yqiL.135	0	0	.	.	.
yqiL.136	0	0	.	.	.
yqiL.137	0	0	.	.	.
yqiL.138	0	0	.	.	.
yqiL.139	0	0	.	.	.
yqiL.14	0	0	.	.	.
yqiL.140	0	0	.	.	.
yqiL.141	0	0	.	.	.
yqiL.142	0	0	.	.	.
yqiL.143	0	0	.	.	.
yqiL.144	0	0	.	.	.
yqiL.145	0	0	.	.	.
yqiL.146	0	0	.	.	.
yqiL.147	0	0	.	.	.
yqiL.148	0	0	.	.	.
yqiL.149	0	0	.	.	.
yqiL.15	0	0	.	.	.
yqiL.150	0	0	.	.	.
yqiL.151	0	0	.	.	.
yqiL.152	0	0	.	.	.
yqiL.153	0	0	.	.	.
yqiL.154	0	0	.	.	.
yqiL.155	0	0	.	.	.
yqiL.156	0	0	.	.	.
yqiL.157	0	0	.	.	.
yqiL.158	0	0	.	.	.
yqiL.159	0	0	.	.	.
yqiL.16	0	0	.	.	.
yqiL.160	0	0	.	.	.
yqiL.161	0	0	.	.	.
yqiL.162	0	0	.	.	.
yqiL.163	0	0	.	.	.
yqiL.164	0	0	.	.	.
yqiL.165	0	0	.	.	.
yqiL.166	0	0	.	.	.
yqiL.167	0	0	.	.	.
yqiL.168	0	0	.	.	.
yqiL.169	0	0	.	.	.
yqiL.17	0	0	.	.	.
yqiL.170	0	0	.	.	.
yqiL.171	0	0	.	.	.
yqiL.172	0	0	.	.	.
yqiL.173	0	0	.	.	.
yqiL.174	0	0	.	.	.
yqiL.175	0	0	.	.	.
yqiL.176	0	0	.	.	.
yqiL.177	0	0	.	.	.
yqiL.178	0	0	.	.	.
yqiL.179	0	0	.	.	.
yqiL.18	0	0	.	.	.
yqiL.180	0	0	.	.	.
yqiL.181	0	0	.	.	.
yqiL.182	0	0	.	.	.
yqiL.183	0	0	.	.	.
yqiL.184	0	0	.	.	.
yqiL.185	0	0	.	.	.
yqiL.186	0	0	.	.	.
yqiL.187	0	0	.	.	.
yqiL.188	0	0	.	.	.
yqiL.189	0	0	.	.	.
yqiL.19	0	0	.	.	.
yqiL.190	0	0	.	.	.
yqiL.191	0	0	.	.	.
yqiL.192	0	0	.	.	.
yqiL.193	0	0	.	.	.
yqiL.194	0	0	.	.	.
yqiL.195	0	0	.	.	.
yqiL.196	0	0	.	.	.
yqiL.197	0	0	.	.	.
yqiL.198	0	0	.	.	.
yqiL.199	0	0	.	.	.
yqiL.2	0	0	.	.	.
yqiL.20	0	0	.	.	.
yqiL.200	0	0	.	.	.
yqiL.201	0	0	.	.	.
yqiL.202	0	0	.	.	.
yqiL.203	0	0	.	.	.
yqiL.204	0	0	.	.	.
yqiL.205	0	0	.	.	.
yqiL.206	0	0	.	.	.
yqiL.207	0	0	.	.	.
yqiL.208	0	0	.	.	.
yqiL.209	0	0	.	.	.
yqiL.21	0	0	.	.	.
yqiL.210	0	0	.	.	.
yqiL.211	0	0	.	.	.
yqiL.212	0	0	.	.	.
yqiL.213	0	0	.	.	.
yqiL.214	0	0	.	.	.
yqiL.215	0	0	.	.	.
yqiL.216	0	0	.	.	.
yqiL.217	0	0	.	.	.
yqiL.218	0	0	.	.	.
yqiL.219	0	0	.	.	.
yqiL.22	0	0	.	.	.
yqiL.220	0	0	.	.	.
yqiL.221	0	0	.	.	.
yqiL.222	0	0	.	.	.
yqiL.223	0	0	.	.	.
yqiL.224	0	0	.	.	.
yqiL.225	0	0	.	.	.
yqiL.226	0	0	.	.	.
yqiL.227	0	0	.	.	.
yqiL.228	0	0	.	.	.
yqiL.229	0	0	.	.	.
yqiL.23	0	0	.	.	.
yqiL.230	0	0	.	.	.
yqiL.231	0	0	.	.	.
yqiL.232	0	0	.	.	.
yqiL.233	0	0	.	.	.
yqiL.234	0	0	.	.	.
yqiL.235	0	0	.	.	.
yqiL.236	0	0	.	.	.
yqiL.237	0	0	.	.	.
yqiL.238	0	0	.	.	.
yqiL.239	0	0	.	.	.
yqiL.24	0	0	.	.	.
yqiL.240	0	0	.	.	.
yqiL.241	0	0	.	.	.
yqiL.242	0	0	.	.	.
yqiL.243	0	0	.	.	.
yqiL.244	0	0	.	.	.
yqiL.245	0	0	.	.	.
yqiL.246	0	0	.	.	.
yqiL.247	0	0	.	.	.
yqiL.248	0	0	.	.	.
yqiL.249	0	0	.	.	.
yqiL.25	0	0	.	.	.
yqiL.250	0	0	.	.	.
yqiL.251	0	0	.	.	.
yqiL.252	0	0	.	.	.
yqiL.253	0	0	.	.	.
yqiL.254	0	0	.	.	.
yqiL.255	0	0	.	.	.
yqiL.256	0	0	.	.	.
yqiL.257	0	0	.	.	.
yqiL.258	0	0	.	.	.
yqiL.259	0	0	.	.	.
yqiL.26	0	0	.	.	.
yqiL.260	0	0	.	.	.
yqiL.261	0	0	.	.	.
yqiL.262	0	0	.	.	.
yqiL.263	0	0	.	.	.
yqiL.264	0	0	.	.	.
yqiL.265	0	0	.	.	.
yqiL.266	0	0	.	.	.
yqiL.267	0	0	.	.	.
yqiL.268	0	0	.	.	.
yqiL.269	0	0	.	.	.
yqiL.27	0	0	.	.	.
yqiL.270	0	0	.	.	.
yqiL.271	0	0	.	.	.
yqiL.272	0	0	.	.	.
yqiL.273	0	0	.	.	.
yqiL.274	0	0	.	.	.
yqiL.275	0	0	.	.	.
yqiL.276	0	0	.	.	.
yqiL.277	0	0	.	.	.
yqiL.278	0	0	.	.	.
yqiL.279	0	0	.	.	.
yqiL.28	0	0	.	.	.
yqiL.280	0	0	.	.	.
yqiL.281	0	0	.	.	.
yqiL.282	0	0	.	.	.
yqiL.283	0	0	.	.	.
yqiL.284	0	0	.	.	.
yqiL.285	0	0	.	.	.
yqiL.286	0	0	.	.	.
yqiL.287	0	0	.	.	.
yqiL.288	0	0	.	.	.
yqiL.289	0	0	.	.	.
yqiL.29	0	0	.	.	.
yqiL.290	0	0	.	.	.
yqiL.291	0	0	.	.	.
yqiL.292	0	0	.	.	.
yqiL.293	0	0	.	.	.
yqiL.294	0	0	.	.	.
yqiL.295	0	0	.	.	.
yqiL.296	0	0	.	.	.
yqiL.297	0	0	.	.	.
yqiL.298	0	0	.	.	.
yqiL.299	0	0	.	.	.
yqiL.3	0	0	.	.	.
yqiL.30	0	0	.	.	.
yqiL.300	0	0	.	.	.
yqiL.301	0	0	.	.	.
yqiL.302	0	0	.	.	.
yqiL.303	0	0	.	.	.
yqiL.304	0	0	.	.	.
yqiL.305	0	0	.	.	.
yqiL.306	0	0	.	.	.
yqiL.307	0	0	.	.	.
yqiL.308	0	0	.	.	.
yqiL.309	0	0	.	.	.
yqiL.31	0	0	.	.	.
yqiL.310	0	0	.	.	.
yqiL.311	0	0	.	.	.
yqiL.312	0	0	.	.	.
yqiL.313	0	0	.	.	.
yqiL.314	0	0	.	.	.
yqiL.315	0	0	.	.	.
yqiL.316	0	0	.	.	.
yqiL.317	0	0	.	.	.
yqiL.318	0	0	.	.	.
yqiL.319	0	0	.	.	.
yqiL.32	0	0	.	.	.
yqiL.320	0	0	.	.	.
yqiL.321	0	0	.	.	.
yqiL.322	0	0	.	.	.
yqiL.323	0	0	.	.	.
yqiL.324	0	0	.	.	.
yqiL.325	0	0	.	.	.
yqiL.326	0	0	.	.	.
yqiL.327	0	0	.	.	.
yqiL.328	0	0	.	.	.
yqiL.329	0	0	.	.	.
yqiL.33	0	0	.	.	.
yqiL.330	0	0	.	.	.
yqiL.331	0	0	.	.	.
yqiL.332	0	0	.	.	.
yqiL.333	0	0	.	.	.
yqiL.334	0	0	.	.	.
yqiL.335	0	0	.	.	.
yqiL.336	0	0	.	.	.
yqiL.337	0	0	.	.	.
yqiL.338	0	0	.	.	.
yqiL.339	0	0	.	.	.
yqiL.34	0	0	.	.	.
yqiL.340	0	0	.	.	.
yqiL.341	0	0	.	.	.
yqiL.342	0	0	.	.	.
yqiL.343	0	0	.	.	.
yqiL.344	0	0	.	.	.
yqiL.345	0	0	.	.	.
yqiL.346	0	0	.	.	.
yqiL.347	0	0	.	.	.
yqiL.348	0	0	.	.	.
yqiL.349	0	0	.	.	.
yqiL.35	0	0	.	.	.
yqiL.350	0	0	.	.	.
yqiL.351	0	0	.	.	.
yqiL.352	0	0	.	.	.
yqiL.353	0	0	.	.	.
yqiL.354	0	0	.	.	.
yqiL.355	0	0	.	.	.
yqiL.356	0	0	.	.	.
yqiL.357	0	0	.	.	.
yqiL.358	0	0	.	.	.
yqiL.359	0	0	.	.	.
yqiL.36	0	0	.	.	.
yqiL.360	0	0	.	.	.
yqiL.361	0	0	.	.	.
yqiL.362	0	0	.	.	.
yqiL.363	0	0	.	.	.
yqiL.364	0	0	.	.	.
yqiL.365	0	0	.	.	.
yqiL.366	0	0	.	.	.
yqiL.367	0	0	.	.	.
yqiL.368	0	0	.	.	.
yqiL.369	0	0	.	.	.
yqiL.37	0	0	.	.	.
yqiL.370	0	0	.	.	.
yqiL.371	0	0	.	.	.
yqiL.372	0	0	.	.	.
yqiL.373	0	0	.	.	.
yqiL.374	0	0	.	.	.
yqiL.375	0	0	.	.	.
yqiL.376	0	0	.	.	.
yqiL.377	0	0	.	.	.
yqiL.378	0	0	.	.	.
yqiL.379	0	0	.	.	.
yqiL.38	0	0	.	.	.
yqiL.380	0	0	.	.	.
yqiL.381	0	0	.	.	.
yqiL.382	0	0	.	.	.
yqiL.383	0	0	.	.	.
yqiL.384	0	0	.	.	.
yqiL.385	0	0	.	.	.
yqiL.386	0	0	.	.	.
yqiL.387	0	0	.	.	.
yqiL.388	0	0	.	.	.
yqiL.389	0	0	.	.	.
yqiL.39	0	0	.	.	.
yqiL.390	0	0	.	.	.
yqiL.391	0	0	.	.	.
yqiL.392	0	0	.	.	.
yqiL.393	0	0	.	.	.
yqiL.394	0	0	.	.	.
yqiL.395	0	0	.	.	.
yqiL.396	0	0	.	.	.
yqiL.397	0	0	.	.	.
yqiL.398	0	0	.	.	.
yqiL.399	0	0	.	.	.
yqiL.4	0	0	.	.	.
yqiL.40	0	0	.	.	.
yqiL.400	0	0	.	.	.
yqiL.401	0	0	.	.	.
yqiL.402	0	0	.	.	.
yqiL.403	0	0	.	.	.
yqiL.404	0	0	.	.	.
yqiL.405	0	0	.	.	.
yqiL.406	0	0	.	.	.
yqiL.407	0	0	.	.	.
yqiL.408	0	0	.	.	.
yqiL.409	0	0	.	.	.
yqiL.41	0	0	.	.	.
yqiL.410	0	0	.	.	.
yqiL.411	0	0	.	.	.
yqiL.412	0	0	.	.	.
yqiL.413	0	0	.	.	.
yqiL.414	0	0	.	.	.
yqiL.415	0	0	.	.	.
yqiL.416	0	0	.	.	.
yqiL.417	0	0	.	.	.
yqiL.418	0	0	.	.	.
yqiL.419	0	0	.	.	.
yqiL.42	0	0	.	.	.
yqiL.420	0	0	.	.	.
yqiL.421	0	0	.	.	.
yqiL.422	0	0	.	.	.
yqiL.423	0	0	.	.	.
yqiL.424	0	0	.	.	.
yqiL.425	0	0	.	.	.
yqiL.426	0	0	.	.	.
yqiL.427	0	0	.	.	.
yqiL.428	0	0	.	.	.
yqiL.429	0	0	.	.	.
yqiL.43	0	0	.	.	.
yqiL.430	0	0	.	.	.
yqiL.431	0	0	.	.	.
yqiL.432	0	0	.	.	.
yqiL.433	0	0	.	.	.
yqiL.434	0	0	.	.	.
yqiL.435	0	0	.	.	.
yqiL.436	0	0	.	.	.
yqiL.437	0	0	.	.	.
yqiL.438	0	0	.	.	.
yqiL.439	0	0	.	.	.
yqiL.44	0	0	.	.	.
yqiL.440	0	0	.	.	.
yqiL.441	0	0	.	.	.
yqiL.442	0	0	.	.	.
yqiL.443	0	0	.	.	.
yqiL.444	0	0	.	.	.
yqiL.445	0	0	.	.	.
yqiL.446	0	0	.	.	.
yqiL.447	0	0	.	.	.
yqiL.448	0	0	.	.	.
yqiL.449	0	0	.	.	.
yqiL.45	0	0	.	.	.
yqiL.450	0	0	.	.	.
yqiL.451	0	0	.	.	.
yqiL.452	0	0	.	.	.
yqiL.453	0	0	.	.	.
yqiL.454	0	0	.	.	.
yqiL.455	0	0	.	.	.
yqiL.456	0	0	.	.	.
yqiL.457	0	0	.	.	.
yqiL.458	0	0	.	.	.
yqiL.459	0	0	.	.	.
yqiL.46	0	0	.	.	.
yqiL.460	0	0	.	.	.
yqiL.461	0	0	.	.	.
yqiL.462	0	0	.	.	.
yqiL.463	0	0	.	.	.
yqiL.464	0	0	.	.	.
yqiL.465	0	0	.	.	.
yqiL.466	0	0	.	.	.
yqiL.467	0	0	.	.	.
yqiL.468	0	0	.	.	.
yqiL.469	0	0	.	.	.
yqiL.47	0	0	.	.	.
yqiL.470	0	0	.	.	.
yqiL.471	0	0	.	.	.
yqiL.472	0	0	.	.	.
yqiL.473	0	0	.	.	.
yqiL.474	0	0	.	.	.
yqiL.475	0	0	.	.	.
yqiL.476	0	0	.	.	.
yqiL.477	0	0	.	.	.
yqiL.478	0	0	.	.	.
yqiL.479	0	0	.	.	.
yqiL.48	0	0	.	.	.
yqiL.480	0	0	.	.	.
yqiL.481	0	0	.	.	.
yqiL.482	0	0	.	.	.
yqiL.483	0	0	.	.	.
yqiL.484	0	0	.	.	.
yqiL.485	0	0	.	.	.
yqiL.486	0	0	.	.	.
yqiL.487	0	0	.	.	.
yqiL.488	0	0	.	.	.
yqiL.489	0	0	.	.	.
yqiL.49	0	0	.	.	.
yqiL.490	0	0	.	.	.
yqiL.491	0	0	.	.	.
yqiL.492	0	0	.	.	.
yqiL.493	0	0	.	.	.
yqiL.494	0	0	.	.	.
yqiL.495	0	0	.	.	.
yqiL.496	0	0	.	.	.
yqiL.497	0	0	.	.	.
yqiL.498	0	0	.	.	.
yqiL.499	0	0	.	.	.
yqiL.5	0	0	.	.	.
yqiL.50	0	0	.	.	.
yqiL.500	0	0	.	.	.
yqiL.501	0	0	.	.	.
yqiL.502	0	0	.	.	.
yqiL.503	0	0	.	.	.
yqiL.504	0	0	.	.	.
yqiL.505	0	0	.	.	.
yqiL.506	0	0	.	.	.
yqiL.507	0	0	.	.	.
yqiL.508	0	0	.	.	.
yqiL.509	0	0	.	.	.
yqiL.51	0	0	.	.	.
yqiL.510	0	0	.	.	.
yqiL.511	0	0	.	.	.
yqiL.512	0	0	.	.	.
yqiL.513	0	0	.	.	.
yqiL.514	0	0	.	.	.
yqiL.515	0	0	.	.	.
yqiL.516	0	0	.	.	.
yqiL.517	0	0	.	.	.
yqiL.518	0	0	.	.	.
yqiL.519	0	0	.	.	.
yqiL.52	0	0	.	.	.
yqiL.520	0	0	.	.	.
yqiL.521	0	0	.	.	.
yqiL.522	0	0	.	.	.
yqiL.523	0	0	.	.	.
yqiL.524	0	0	.	.	.
yqiL.525	0	0	.	.	.
yqiL.526	0	0	.	.	.
yqiL.527	0	0	.	.	.
yqiL.528	0	0	.	.	.
yqiL.529	0	0	.	.	.
yqiL.53	0	0	.	.	.
yqiL.530	0	0	.	.	.
yqiL.531	0	0	.	.	.
yqiL.532	0	0	.	.	.
yqiL.533	0	0	.	.	.
yqiL.534	0	0	.	.	.
yqiL.535	0	0	.	.	.
yqiL.536	0	0	.	.	.
yqiL.537	0	0	.	.	.
yqiL.538	0	0	.	.	.
yqiL.539	0	0	.	.	.
yqiL.54	0	0	.	.	.
yqiL.540	0	0	.	.	.
yqiL.541	0	0	.	.	.
yqiL.542	0	0	.	.	.
yqiL.543	0	0	.	.	.
yqiL.544	0	0	.	.	.
yqiL.545	0	0	.	.	.
yqiL.546	0	0	.	.	.
yqiL.547	0	0	.	.	.
yqiL.548	0	0	.	.	.
yqiL.549	0	0	.	.	.
yqiL.55	0	0	.	.	.
yqiL.550	0	0	.	.	.
yqiL.551	0	0	.	.	.
yqiL.552	0	0	.	.	.
yqiL.553	0	0	.	.	.
yqiL.554	0	0	.	.	.
yqiL.555	0	0	.	.	.
yqiL.556	0	0	.	.	.
yqiL.557	0	0	.	.	.
yqiL.558	0	0	.	.	.
yqiL.559	0	0	.	.	.
yqiL.56	0	0	.	.	.
yqiL.560	0	0	.	.	.
yqiL.561	0	0	.	.	.
yqiL.562	0	0	.	.	.
yqiL.563	0	0	.	.	.
yqiL.564	0	0	.	.	.
yqiL.565	0	0	.	.	.
yqiL.566	0	0	.	.	.
yqiL.567	0	0	.	.	.
yqiL.568	0	0	.	.	.
yqiL.569	0	0	.	.	.
yqiL.57	0	0	.	.	.
yqiL.570	0	0	.	.	.
yqiL.571	0	0	.	.	.
yqiL.58	0	0	.	.	.
yqiL.59	0	0	.	.	.
yqiL.6	0	0	.	.	.
yqiL.60	0	0	.	.	.
yqiL.61	0	0	.	.	.
yqiL.62	0	0	.	.	.
yqiL.63	0	0	.	.	.
yqiL.64	0	0	.	.	.
yqiL.65	0	0	.	.	.
yqiL.66	0	0	.	.	.
yqiL.67	0	0	.	.	.
yqiL.68	0	0	.	.	.
yqiL.69	0	0	.	.	.
yqiL.7	0	0	.	.	.
yqiL.70	0	0	.	.	.
yqiL.71	0	0	.	.	.
yqiL.72	0	0	.	.	.
yqiL.73	0	0	.	.	.
yqiL.74	0	0	.	.	.
yqiL.75	0	0	.	.	.
yqiL.76	0	0	.	.	.
yqiL.77	0	0	.	.	.
yqiL.78	0	0	.	.	.
yqiL.79	0	0	.	.	.
yqiL.8	0	0	.	.	.
yqiL.80	0	0	.	.	.
yqiL.81	0	0	.	.	.
yqiL.82	0	0	.	.	.
yqiL.83	0	0	.	.	.
yqiL.84	0	0	.	.	.
yqiL.85	0	0	.	.	.
yqiL.86	0	0	.	.	.
yqiL.87	0	0	.	.	.
yqiL.88	0	0	.	.	.
yqiL.89	0	0	.	.	.
yqiL.9	0	0	.	.	.
yqiL.90	0	0	.	.	.
yqiL.91	0	0	.	.	.
yqiL.92	0	0	.	.	.
yqiL.93	0	0	.	.	.
yqiL.94	0	0	.	.	.
yqiL.95	0	0	.	.	.
yqiL.96	0	0	.	.	.
yqiL.97	0	0	.	.	.
yqiL.98	0	0	.	.	.
yqiL.99	0	0	.	.	.
