dnaA.1	0	0	.	.	.
dnaA.10	0	0	.	.	.
dnaA.100	0	0	.	.	.
dnaA.101	0	0	.	.	.
dnaA.102	0	0	.	.	.
dnaA.103	0	0	.	.	.
dnaA.104	0	0	.	.	.
dnaA.105	0	0	.	.	.
dnaA.106	0	0	.	.	.
dnaA.107	0	0	.	.	.
dnaA.108	0	0	.	.	.
dnaA.109	0	0	.	.	.
dnaA.11	0	0	.	.	.
dnaA.110	0	0	.	.	.
dnaA.111	0	0	.	.	.
dnaA.112	0	0	.	.	.
dnaA.113	0	0	.	.	.
dnaA.114	0	0	.	.	.
dnaA.115	0	0	.	.	.
dnaA.116	0	0	.	.	.
dnaA.117	0	0	.	.	.
dnaA.118	0	0	.	.	.
dnaA.119	0	0	.	.	.
dnaA.12	0	0	.	.	.
dnaA.120	0	0	.	.	.
dnaA.121	0	0	.	.	.
dnaA.122	0	0	.	.	.
dnaA.123	0	0	.	.	.
dnaA.124	0	0	.	.	.
dnaA.125	0	0	.	.	.
dnaA.126	0	0	.	.	.
dnaA.127	0	0	.	.	.
dnaA.128	0	0	.	.	.
dnaA.129	0	0	.	.	.
dnaA.13	0	0	.	.	.
dnaA.130	0	0	.	.	.
dnaA.131	0	0	.	.	.
dnaA.132	0	0	.	.	.
dnaA.133	0	0	.	.	.
dnaA.134	0	0	.	.	.
dnaA.135	0	0	.	.	.
dnaA.136	0	0	.	.	.
dnaA.137	0	0	.	.	.
dnaA.138	0	0	.	.	.
dnaA.139	0	0	.	.	.
dnaA.14	0	0	.	.	.
dnaA.140	0	0	.	.	.
dnaA.141	0	0	.	.	.
dnaA.142	0	0	.	.	.
dnaA.143	0	0	.	.	.
dnaA.144	0	0	.	.	.
dnaA.145	0	0	.	.	.
dnaA.146	0	0	.	.	.
dnaA.147	0	0	.	.	.
dnaA.148	0	0	.	.	.
dnaA.149	0	0	.	.	.
dnaA.15	0	0	.	.	.
dnaA.150	0	0	.	.	.
dnaA.151	0	0	.	.	.
dnaA.152	0	0	.	.	.
dnaA.153	0	0	.	.	.
dnaA.154	0	0	.	.	.
dnaA.155	0	0	.	.	.
dnaA.156	0	0	.	.	.
dnaA.157	0	0	.	.	.
dnaA.158	0	0	.	.	.
dnaA.159	0	0	.	.	.
dnaA.16	0	0	.	.	.
dnaA.160	0	0	.	.	.
dnaA.161	0	0	.	.	.
dnaA.162	0	0	.	.	.
dnaA.163	0	0	.	.	.
dnaA.164	0	0	.	.	.
dnaA.165	0	0	.	.	.
dnaA.166	0	0	.	.	.
dnaA.167	0	0	.	.	.
dnaA.168	0	0	.	.	.
dnaA.169	0	0	.	.	.
dnaA.17	0	0	.	.	.
dnaA.170	0	0	.	.	.
dnaA.171	0	0	.	.	.
dnaA.172	0	0	.	.	.
dnaA.173	0	0	.	.	.
dnaA.174	0	0	.	.	.
dnaA.175	0	0	.	.	.
dnaA.176	0	0	.	.	.
dnaA.177	0	0	.	.	.
dnaA.178	0	0	.	.	.
dnaA.179	0	0	.	.	.
dnaA.18	0	0	.	.	.
dnaA.180	0	0	.	.	.
dnaA.181	0	0	.	.	.
dnaA.182	0	0	.	.	.
dnaA.183	0	0	.	.	.
dnaA.184	0	0	.	.	.
dnaA.185	0	0	.	.	.
dnaA.186	0	0	.	.	.
dnaA.187	0	0	.	.	.
dnaA.188	0	0	.	.	.
dnaA.189	0	0	.	.	.
dnaA.19	0	0	.	.	.
dnaA.190	0	0	.	.	.
dnaA.191	0	0	.	.	.
dnaA.192	0	0	.	.	.
dnaA.193	0	0	.	.	.
dnaA.194	0	0	.	.	.
dnaA.195	0	0	.	.	.
dnaA.196	0	0	.	.	.
dnaA.197	0	0	.	.	.
dnaA.198	0	0	.	.	.
dnaA.199	0	0	.	.	.
dnaA.2	0	0	.	.	.
dnaA.20	0	0	.	.	.
dnaA.200	0	0	.	.	.
dnaA.201	0	0	.	.	.
dnaA.202	0	0	.	.	.
dnaA.203	0	0	.	.	.
dnaA.204	0	0	.	.	.
dnaA.205	0	0	.	.	.
dnaA.206	0	0	.	.	.
dnaA.207	0	0	.	.	.
dnaA.208	0	0	.	.	.
dnaA.209	0	0	.	.	.
dnaA.21	0	0	.	.	.
dnaA.210	0	0	.	.	.
dnaA.211	0	0	.	.	.
dnaA.212	0	0	.	.	.
dnaA.213	0	0	.	.	.
dnaA.214	0	0	.	.	.
dnaA.215	0	0	.	.	.
dnaA.216	0	0	.	.	.
dnaA.217	0	0	.	.	.
dnaA.218	0	0	.	.	.
dnaA.219	0	0	.	.	.
dnaA.22	0	0	.	.	.
dnaA.220	0	0	.	.	.
dnaA.221	0	0	.	.	.
dnaA.222	0	0	.	.	.
dnaA.223	0	0	.	.	.
dnaA.224	0	0	.	.	.
dnaA.225	0	0	.	.	.
dnaA.226	0	0	.	.	.
dnaA.227	0	0	.	.	.
dnaA.228	0	0	.	.	.
dnaA.229	0	0	.	.	.
dnaA.23	0	0	.	.	.
dnaA.230	0	0	.	.	.
dnaA.231	0	0	.	.	.
dnaA.232	0	0	.	.	.
dnaA.233	0	0	.	.	.
dnaA.234	0	0	.	.	.
dnaA.235	0	0	.	.	.
dnaA.236	0	0	.	.	.
dnaA.237	0	0	.	.	.
dnaA.238	0	0	.	.	.
dnaA.239	0	0	.	.	.
dnaA.24	0	0	.	.	.
dnaA.240	0	0	.	.	.
dnaA.241	0	0	.	.	.
dnaA.242	0	0	.	.	.
dnaA.243	0	0	.	.	.
dnaA.244	0	0	.	.	.
dnaA.245	0	0	.	.	.
dnaA.246	0	0	.	.	.
dnaA.247	0	0	.	.	.
dnaA.248	0	0	.	.	.
dnaA.249	0	0	.	.	.
dnaA.25	0	0	.	.	.
dnaA.250	0	0	.	.	.
dnaA.251	0	0	.	.	.
dnaA.252	0	0	.	.	.
dnaA.253	0	0	.	.	.
dnaA.254	0	0	.	.	.
dnaA.255	0	0	.	.	.
dnaA.256	0	0	.	.	.
dnaA.257	0	0	.	.	.
dnaA.258	0	0	.	.	.
dnaA.259	0	0	.	.	.
dnaA.26	0	0	.	.	.
dnaA.260	0	0	.	.	.
dnaA.261	0	0	.	.	.
dnaA.262	0	0	.	.	.
dnaA.263	0	0	.	.	.
dnaA.264	0	0	.	.	.
dnaA.265	0	0	.	.	.
dnaA.266	0	0	.	.	.
dnaA.267	0	0	.	.	.
dnaA.268	0	0	.	.	.
dnaA.269	0	0	.	.	.
dnaA.27	0	0	.	.	.
dnaA.270	0	0	.	.	.
dnaA.271	0	0	.	.	.
dnaA.272	0	0	.	.	.
dnaA.273	0	0	.	.	.
dnaA.274	0	0	.	.	.
dnaA.275	0	0	.	.	.
dnaA.276	0	0	.	.	.
dnaA.277	0	0	.	.	.
dnaA.278	0	0	.	.	.
dnaA.279	0	0	.	.	.
dnaA.28	0	0	.	.	.
dnaA.280	0	0	.	.	.
dnaA.281	0	0	.	.	.
dnaA.282	0	0	.	.	.
dnaA.283	0	0	.	.	.
dnaA.284	0	0	.	.	.
dnaA.285	0	0	.	.	.
dnaA.286	0	0	.	.	.
dnaA.29	0	0	.	.	.
dnaA.3	0	0	.	.	.
dnaA.30	0	0	.	.	.
dnaA.31	0	0	.	.	.
dnaA.32	0	0	.	.	.
dnaA.33	0	0	.	.	.
dnaA.34	0	0	.	.	.
dnaA.35	0	0	.	.	.
dnaA.36	0	0	.	.	.
dnaA.37	0	0	.	.	.
dnaA.38	0	0	.	.	.
dnaA.39	0	0	.	.	.
dnaA.4	0	0	.	.	.
dnaA.40	0	0	.	.	.
dnaA.41	0	0	.	.	.
dnaA.42	0	0	.	.	.
dnaA.43	0	0	.	.	.
dnaA.44	0	0	.	.	.
dnaA.45	0	0	.	.	.
dnaA.46	0	0	.	.	.
dnaA.47	0	0	.	.	.
dnaA.48	0	0	.	.	.
dnaA.49	0	0	.	.	.
dnaA.5	0	0	.	.	.
dnaA.50	0	0	.	.	.
dnaA.51	0	0	.	.	.
dnaA.52	0	0	.	.	.
dnaA.53	0	0	.	.	.
dnaA.54	0	0	.	.	.
dnaA.55	0	0	.	.	.
dnaA.56	0	0	.	.	.
dnaA.57	0	0	.	.	.
dnaA.58	0	0	.	.	.
dnaA.59	0	0	.	.	.
dnaA.6	0	0	.	.	.
dnaA.60	0	0	.	.	.
dnaA.61	0	0	.	.	.
dnaA.62	0	0	.	.	.
dnaA.63	0	0	.	.	.
dnaA.64	0	0	.	.	.
dnaA.65	0	0	.	.	.
dnaA.66	0	0	.	.	.
dnaA.67	0	0	.	.	.
dnaA.68	0	0	.	.	.
dnaA.69	0	0	.	.	.
dnaA.7	0	0	.	.	.
dnaA.70	0	0	.	.	.
dnaA.71	0	0	.	.	.
dnaA.72	0	0	.	.	.
dnaA.73	0	0	.	.	.
dnaA.74	0	0	.	.	.
dnaA.75	0	0	.	.	.
dnaA.76	0	0	.	.	.
dnaA.77	0	0	.	.	.
dnaA.78	0	0	.	.	.
dnaA.79	0	0	.	.	.
dnaA.8	0	0	.	.	.
dnaA.80	0	0	.	.	.
dnaA.81	0	0	.	.	.
dnaA.82	0	0	.	.	.
dnaA.83	0	0	.	.	.
dnaA.84	0	0	.	.	.
dnaA.85	0	0	.	.	.
dnaA.86	0	0	.	.	.
dnaA.87	0	0	.	.	.
dnaA.88	0	0	.	.	.
dnaA.89	0	0	.	.	.
dnaA.9	0	0	.	.	.
dnaA.90	0	0	.	.	.
dnaA.91	0	0	.	.	.
dnaA.92	0	0	.	.	.
dnaA.93	0	0	.	.	.
dnaA.94	0	0	.	.	.
dnaA.95	0	0	.	.	.
dnaA.96	0	0	.	.	.
dnaA.97	0	0	.	.	.
dnaA.98	0	0	.	.	.
dnaA.99	0	0	.	.	.
fusA.1	0	0	.	.	.
fusA.10	0	0	.	.	.
fusA.100	0	0	.	.	.
fusA.101	0	0	.	.	.
fusA.102	0	0	.	.	.
fusA.103	0	0	.	.	.
fusA.104	0	0	.	.	.
fusA.105	0	0	.	.	.
fusA.106	0	0	.	.	.
fusA.107	0	0	.	.	.
fusA.108	0	0	.	.	.
fusA.109	0	0	.	.	.
fusA.11	0	0	.	.	.
fusA.110	0	0	.	.	.
fusA.111	0	0	.	.	.
fusA.112	0	0	.	.	.
fusA.113	0	0	.	.	.
fusA.114	0	0	.	.	.
fusA.115	0	0	.	.	.
fusA.116	0	0	.	.	.
fusA.117	0	0	.	.	.
fusA.118	0	0	.	.	.
fusA.119	0	0	.	.	.
fusA.12	0	0	.	.	.
fusA.120	0	0	.	.	.
fusA.121	0	0	.	.	.
fusA.122	0	0	.	.	.
fusA.123	0	0	.	.	.
fusA.124	0	0	.	.	.
fusA.125	0	0	.	.	.
fusA.126	0	0	.	.	.
fusA.127	0	0	.	.	.
fusA.128	0	0	.	.	.
fusA.129	0	0	.	.	.
fusA.13	0	0	.	.	.
fusA.130	0	0	.	.	.
fusA.131	0	0	.	.	.
fusA.132	0	0	.	.	.
fusA.133	0	0	.	.	.
fusA.134	0	0	.	.	.
fusA.135	0	0	.	.	.
fusA.136	0	0	.	.	.
fusA.137	0	0	.	.	.
fusA.138	0	0	.	.	.
fusA.139	0	0	.	.	.
fusA.14	0	0	.	.	.
fusA.140	0	0	.	.	.
fusA.141	0	0	.	.	.
fusA.142	0	0	.	.	.
fusA.143	0	0	.	.	.
fusA.144	0	0	.	.	.
fusA.145	0	0	.	.	.
fusA.146	0	0	.	.	.
fusA.147	0	0	.	.	.
fusA.148	0	0	.	.	.
fusA.149	0	0	.	.	.
fusA.15	0	0	.	.	.
fusA.150	0	0	.	.	.
fusA.151	0	0	.	.	.
fusA.152	0	0	.	.	.
fusA.153	0	0	.	.	.
fusA.154	0	0	.	.	.
fusA.155	0	0	.	.	.
fusA.156	0	0	.	.	.
fusA.157	0	0	.	.	.
fusA.158	0	0	.	.	.
fusA.159	0	0	.	.	.
fusA.16	0	0	.	.	.
fusA.160	0	0	.	.	.
fusA.161	0	0	.	.	.
fusA.162	0	0	.	.	.
fusA.163	0	0	.	.	.
fusA.164	0	0	.	.	.
fusA.165	0	0	.	.	.
fusA.166	0	0	.	.	.
fusA.167	0	0	.	.	.
fusA.168	0	0	.	.	.
fusA.169	0	0	.	.	.
fusA.17	0	0	.	.	.
fusA.170	0	0	.	.	.
fusA.171	0	0	.	.	.
fusA.172	0	0	.	.	.
fusA.173	0	0	.	.	.
fusA.174	0	0	.	.	.
fusA.175	0	0	.	.	.
fusA.176	0	0	.	.	.
fusA.177	0	0	.	.	.
fusA.178	0	0	.	.	.
fusA.179	0	0	.	.	.
fusA.18	0	0	.	.	.
fusA.180	0	0	.	.	.
fusA.181	0	0	.	.	.
fusA.182	0	0	.	.	.
fusA.183	0	0	.	.	.
fusA.184	0	0	.	.	.
fusA.185	0	0	.	.	.
fusA.186	0	0	.	.	.
fusA.19	0	0	.	.	.
fusA.2	0	0	.	.	.
fusA.20	0	0	.	.	.
fusA.21	0	0	.	.	.
fusA.22	0	0	.	.	.
fusA.23	0	0	.	.	.
fusA.24	0	0	.	.	.
fusA.25	0	0	.	.	.
fusA.26	0	0	.	.	.
fusA.27	0	0	.	.	.
fusA.28	0	0	.	.	.
fusA.29	0	0	.	.	.
fusA.3	0	0	.	.	.
fusA.30	0	0	.	.	.
fusA.31	0	0	.	.	.
fusA.32	0	0	.	.	.
fusA.33	0	0	.	.	.
fusA.34	0	0	.	.	.
fusA.35	0	0	.	.	.
fusA.36	0	0	.	.	.
fusA.37	0	0	.	.	.
fusA.38	0	0	.	.	.
fusA.39	0	0	.	.	.
fusA.4	0	0	.	.	.
fusA.40	0	0	.	.	.
fusA.41	0	0	.	.	.
fusA.42	0	0	.	.	.
fusA.43	0	0	.	.	.
fusA.44	0	0	.	.	.
fusA.45	0	0	.	.	.
fusA.46	0	0	.	.	.
fusA.47	0	0	.	.	.
fusA.48	0	0	.	.	.
fusA.49	0	0	.	.	.
fusA.5	0	0	.	.	.
fusA.50	0	0	.	.	.
fusA.51	0	0	.	.	.
fusA.52	0	0	.	.	.
fusA.53	0	0	.	.	.
fusA.54	0	0	.	.	.
fusA.55	0	0	.	.	.
fusA.56	0	0	.	.	.
fusA.57	0	0	.	.	.
fusA.58	0	0	.	.	.
fusA.59	0	0	.	.	.
fusA.6	0	0	.	.	.
fusA.60	0	0	.	.	.
fusA.61	0	0	.	.	.
fusA.62	0	0	.	.	.
fusA.63	0	0	.	.	.
fusA.64	0	0	.	.	.
fusA.65	0	0	.	.	.
fusA.66	0	0	.	.	.
fusA.67	0	0	.	.	.
fusA.68	0	0	.	.	.
fusA.69	0	0	.	.	.
fusA.7	0	0	.	.	.
fusA.70	0	0	.	.	.
fusA.71	0	0	.	.	.
fusA.72	0	0	.	.	.
fusA.73	0	0	.	.	.
fusA.74	0	0	.	.	.
fusA.75	0	0	.	.	.
fusA.76	0	0	.	.	.
fusA.77	0	0	.	.	.
fusA.78	0	0	.	.	.
fusA.79	0	0	.	.	.
fusA.8	0	0	.	.	.
fusA.80	0	0	.	.	.
fusA.81	0	0	.	.	.
fusA.82	0	0	.	.	.
fusA.83	0	0	.	.	.
fusA.84	0	0	.	.	.
fusA.85	0	0	.	.	.
fusA.86	0	0	.	.	.
fusA.87	0	0	.	.	.
fusA.88	0	0	.	.	.
fusA.89	0	0	.	.	.
fusA.9	0	0	.	.	.
fusA.90	0	0	.	.	.
fusA.91	0	0	.	.	.
fusA.92	0	0	.	.	.
fusA.93	0	0	.	.	.
fusA.94	0	0	.	.	.
fusA.95	0	0	.	.	.
fusA.96	0	0	.	.	.
fusA.97	0	0	.	.	.
fusA.98	0	0	.	.	.
fusA.99	0	0	.	.	.
gyrB.1	0	0	.	.	.
gyrB.10	0	0	.	.	.
gyrB.100	0	0	.	.	.
gyrB.101	0	0	.	.	.
gyrB.102	0	0	.	.	.
gyrB.103	0	0	.	.	.
gyrB.104	0	0	.	.	.
gyrB.105	0	0	.	.	.
gyrB.106	0	0	.	.	.
gyrB.107	0	0	.	.	.
gyrB.108	0	0	.	.	.
gyrB.109	0	0	.	.	.
gyrB.11	0	0	.	.	.
gyrB.110	0	0	.	.	.
gyrB.111	0	0	.	.	.
gyrB.112	0	0	.	.	.
gyrB.113	0	0	.	.	.
gyrB.114	0	0	.	.	.
gyrB.115	0	0	.	.	.
gyrB.116	0	0	.	.	.
gyrB.117	0	0	.	.	.
gyrB.118	0	0	.	.	.
gyrB.119	0	0	.	.	.
gyrB.12	0	0	.	.	.
gyrB.120	0	0	.	.	.
gyrB.121	0	0	.	.	.
gyrB.122	0	0	.	.	.
gyrB.123	0	0	.	.	.
gyrB.124	0	0	.	.	.
gyrB.125	0	0	.	.	.
gyrB.126	0	0	.	.	.
gyrB.127	0	0	.	.	.
gyrB.128	0	0	.	.	.
gyrB.129	0	0	.	.	.
gyrB.13	0	0	.	.	.
gyrB.130	0	0	.	.	.
gyrB.131	0	0	.	.	.
gyrB.132	0	0	.	.	.
gyrB.133	0	0	.	.	.
gyrB.134	0	0	.	.	.
gyrB.135	0	0	.	.	.
gyrB.136	0	0	.	.	.
gyrB.137	0	0	.	.	.
gyrB.138	0	0	.	.	.
gyrB.139	0	0	.	.	.
gyrB.14	0	0	.	.	.
gyrB.140	0	0	.	.	.
gyrB.141	0	0	.	.	.
gyrB.142	0	0	.	.	.
gyrB.143	0	0	.	.	.
gyrB.144	0	0	.	.	.
gyrB.145	0	0	.	.	.
gyrB.146	0	0	.	.	.
gyrB.147	0	0	.	.	.
gyrB.148	0	0	.	.	.
gyrB.149	0	0	.	.	.
gyrB.15	0	0	.	.	.
gyrB.150	0	0	.	.	.
gyrB.151	0	0	.	.	.
gyrB.152	0	0	.	.	.
gyrB.153	0	0	.	.	.
gyrB.154	0	0	.	.	.
gyrB.155	0	0	.	.	.
gyrB.156	0	0	.	.	.
gyrB.157	0	0	.	.	.
gyrB.158	0	0	.	.	.
gyrB.159	0	0	.	.	.
gyrB.16	0	0	.	.	.
gyrB.160	0	0	.	.	.
gyrB.161	0	0	.	.	.
gyrB.162	0	0	.	.	.
gyrB.163	0	0	.	.	.
gyrB.164	0	0	.	.	.
gyrB.165	0	0	.	.	.
gyrB.166	0	0	.	.	.
gyrB.167	0	0	.	.	.
gyrB.168	0	0	.	.	.
gyrB.169	0	0	.	.	.
gyrB.17	0	0	.	.	.
gyrB.170	0	0	.	.	.
gyrB.171	0	0	.	.	.
gyrB.172	0	0	.	.	.
gyrB.173	0	0	.	.	.
gyrB.174	0	0	.	.	.
gyrB.175	0	0	.	.	.
gyrB.176	0	0	.	.	.
gyrB.177	0	0	.	.	.
gyrB.178	0	0	.	.	.
gyrB.179	0	0	.	.	.
gyrB.18	0	0	.	.	.
gyrB.180	0	0	.	.	.
gyrB.181	0	0	.	.	.
gyrB.182	0	0	.	.	.
gyrB.183	0	0	.	.	.
gyrB.184	0	0	.	.	.
gyrB.185	0	0	.	.	.
gyrB.186	0	0	.	.	.
gyrB.187	0	0	.	.	.
gyrB.188	0	0	.	.	.
gyrB.189	0	0	.	.	.
gyrB.19	0	0	.	.	.
gyrB.190	0	0	.	.	.
gyrB.191	0	0	.	.	.
gyrB.192	0	0	.	.	.
gyrB.193	0	0	.	.	.
gyrB.194	0	0	.	.	.
gyrB.195	0	0	.	.	.
gyrB.196	0	0	.	.	.
gyrB.197	0	0	.	.	.
gyrB.198	0	0	.	.	.
gyrB.199	0	0	.	.	.
gyrB.2	0	0	.	.	.
gyrB.20	0	0	.	.	.
gyrB.200	0	0	.	.	.
gyrB.201	0	0	.	.	.
gyrB.202	0	0	.	.	.
gyrB.203	0	0	.	.	.
gyrB.204	0	0	.	.	.
gyrB.205	0	0	.	.	.
gyrB.206	0	0	.	.	.
gyrB.207	0	0	.	.	.
gyrB.208	0	0	.	.	.
gyrB.209	0	0	.	.	.
gyrB.21	0	0	.	.	.
gyrB.210	0	0	.	.	.
gyrB.211	0	0	.	.	.
gyrB.212	0	0	.	.	.
gyrB.213	0	0	.	.	.
gyrB.214	0	0	.	.	.
gyrB.215	0	0	.	.	.
gyrB.216	0	0	.	.	.
gyrB.217	0	0	.	.	.
gyrB.218	0	0	.	.	.
gyrB.219	0	0	.	.	.
gyrB.22	0	0	.	.	.
gyrB.220	0	0	.	.	.
gyrB.221	0	0	.	.	.
gyrB.222	0	0	.	.	.
gyrB.223	0	0	.	.	.
gyrB.224	0	0	.	.	.
gyrB.225	0	0	.	.	.
gyrB.226	0	0	.	.	.
gyrB.227	0	0	.	.	.
gyrB.228	0	0	.	.	.
gyrB.229	0	0	.	.	.
gyrB.23	0	0	.	.	.
gyrB.230	0	0	.	.	.
gyrB.231	0	0	.	.	.
gyrB.232	0	0	.	.	.
gyrB.233	0	0	.	.	.
gyrB.234	0	0	.	.	.
gyrB.235	0	0	.	.	.
gyrB.236	0	0	.	.	.
gyrB.237	0	0	.	.	.
gyrB.238	0	0	.	.	.
gyrB.239	0	0	.	.	.
gyrB.24	0	0	.	.	.
gyrB.240	0	0	.	.	.
gyrB.241	0	0	.	.	.
gyrB.242	0	0	.	.	.
gyrB.243	0	0	.	.	.
gyrB.244	0	0	.	.	.
gyrB.245	0	0	.	.	.
gyrB.246	0	0	.	.	.
gyrB.247	0	0	.	.	.
gyrB.248	0	0	.	.	.
gyrB.249	0	0	.	.	.
gyrB.25	0	0	.	.	.
gyrB.250	0	0	.	.	.
gyrB.251	0	0	.	.	.
gyrB.252	0	0	.	.	.
gyrB.253	0	0	.	.	.
gyrB.254	0	0	.	.	.
gyrB.255	0	0	.	.	.
gyrB.256	0	0	.	.	.
gyrB.257	0	0	.	.	.
gyrB.258	0	0	.	.	.
gyrB.259	0	0	.	.	.
gyrB.26	0	0	.	.	.
gyrB.260	0	0	.	.	.
gyrB.261	0	0	.	.	.
gyrB.262	0	0	.	.	.
gyrB.263	0	0	.	.	.
gyrB.264	0	0	.	.	.
gyrB.265	0	0	.	.	.
gyrB.266	0	0	.	.	.
gyrB.267	0	0	.	.	.
gyrB.268	0	0	.	.	.
gyrB.269	0	0	.	.	.
gyrB.27	0	0	.	.	.
gyrB.270	0	0	.	.	.
gyrB.271	0	0	.	.	.
gyrB.272	0	0	.	.	.
gyrB.273	0	0	.	.	.
gyrB.274	0	0	.	.	.
gyrB.275	0	0	.	.	.
gyrB.276	0	0	.	.	.
gyrB.277	0	0	.	.	.
gyrB.278	0	0	.	.	.
gyrB.279	0	0	.	.	.
gyrB.28	0	0	.	.	.
gyrB.280	0	0	.	.	.
gyrB.281	0	0	.	.	.
gyrB.282	0	0	.	.	.
gyrB.283	0	0	.	.	.
gyrB.284	0	0	.	.	.
gyrB.285	0	0	.	.	.
gyrB.286	0	0	.	.	.
gyrB.287	0	0	.	.	.
gyrB.288	0	0	.	.	.
gyrB.289	0	0	.	.	.
gyrB.29	0	0	.	.	.
gyrB.290	0	0	.	.	.
gyrB.291	0	0	.	.	.
gyrB.292	0	0	.	.	.
gyrB.293	0	0	.	.	.
gyrB.294	0	0	.	.	.
gyrB.295	0	0	.	.	.
gyrB.296	0	0	.	.	.
gyrB.297	0	0	.	.	.
gyrB.298	0	0	.	.	.
gyrB.299	0	0	.	.	.
gyrB.3	0	0	.	.	.
gyrB.30	0	0	.	.	.
gyrB.300	0	0	.	.	.
gyrB.301	0	0	.	.	.
gyrB.302	0	0	.	.	.
gyrB.303	0	0	.	.	.
gyrB.304	0	0	.	.	.
gyrB.31	0	0	.	.	.
gyrB.32	0	0	.	.	.
gyrB.33	0	0	.	.	.
gyrB.34	0	0	.	.	.
gyrB.35	0	0	.	.	.
gyrB.36	0	0	.	.	.
gyrB.37	0	0	.	.	.
gyrB.38	0	0	.	.	.
gyrB.39	0	0	.	.	.
gyrB.4	0	0	.	.	.
gyrB.40	0	0	.	.	.
gyrB.41	0	0	.	.	.
gyrB.42	0	0	.	.	.
gyrB.43	0	0	.	.	.
gyrB.44	0	0	.	.	.
gyrB.45	0	0	.	.	.
gyrB.46	0	0	.	.	.
gyrB.47	0	0	.	.	.
gyrB.48	0	0	.	.	.
gyrB.49	0	0	.	.	.
gyrB.5	0	0	.	.	.
gyrB.50	0	0	.	.	.
gyrB.51	0	0	.	.	.
gyrB.52	0	0	.	.	.
gyrB.53	0	0	.	.	.
gyrB.54	0	0	.	.	.
gyrB.55	0	0	.	.	.
gyrB.56	0	0	.	.	.
gyrB.57	0	0	.	.	.
gyrB.58	0	0	.	.	.
gyrB.59	0	0	.	.	.
gyrB.6	0	0	.	.	.
gyrB.60	0	0	.	.	.
gyrB.61	0	0	.	.	.
gyrB.62	0	0	.	.	.
gyrB.63	0	0	.	.	.
gyrB.64	0	0	.	.	.
gyrB.65	0	0	.	.	.
gyrB.66	0	0	.	.	.
gyrB.67	0	0	.	.	.
gyrB.68	0	0	.	.	.
gyrB.69	0	0	.	.	.
gyrB.7	0	0	.	.	.
gyrB.70	0	0	.	.	.
gyrB.71	0	0	.	.	.
gyrB.72	0	0	.	.	.
gyrB.73	0	0	.	.	.
gyrB.74	0	0	.	.	.
gyrB.75	0	0	.	.	.
gyrB.76	0	0	.	.	.
gyrB.77	0	0	.	.	.
gyrB.78	0	0	.	.	.
gyrB.79	0	0	.	.	.
gyrB.8	0	0	.	.	.
gyrB.80	0	0	.	.	.
gyrB.81	0	0	.	.	.
gyrB.82	0	0	.	.	.
gyrB.83	0	0	.	.	.
gyrB.84	0	0	.	.	.
gyrB.85	0	0	.	.	.
gyrB.86	0	0	.	.	.
gyrB.87	0	0	.	.	.
gyrB.88	0	0	.	.	.
gyrB.89	0	0	.	.	.
gyrB.9	0	0	.	.	.
gyrB.90	0	0	.	.	.
gyrB.91	0	0	.	.	.
gyrB.92	0	0	.	.	.
gyrB.93	0	0	.	.	.
gyrB.94	0	0	.	.	.
gyrB.95	0	0	.	.	.
gyrB.96	0	0	.	.	.
gyrB.97	0	0	.	.	.
gyrB.98	0	0	.	.	.
gyrB.99	0	0	.	.	.
leuS.1	0	0	.	.	.
leuS.10	0	0	.	.	.
leuS.100	0	0	.	.	.
leuS.101	0	0	.	.	.
leuS.102	0	0	.	.	.
leuS.103	0	0	.	.	.
leuS.104	0	0	.	.	.
leuS.105	0	0	.	.	.
leuS.106	0	0	.	.	.
leuS.107	0	0	.	.	.
leuS.108	0	0	.	.	.
leuS.109	0	0	.	.	.
leuS.11	0	0	.	.	.
leuS.110	0	0	.	.	.
leuS.111	0	0	.	.	.
leuS.112	0	0	.	.	.
leuS.113	0	0	.	.	.
leuS.114	0	0	.	.	.
leuS.115	0	0	.	.	.
leuS.116	0	0	.	.	.
leuS.117	0	0	.	.	.
leuS.118	0	0	.	.	.
leuS.119	0	0	.	.	.
leuS.12	0	0	.	.	.
leuS.120	0	0	.	.	.
leuS.121	0	0	.	.	.
leuS.122	0	0	.	.	.
leuS.123	0	0	.	.	.
leuS.124	0	0	.	.	.
leuS.125	0	0	.	.	.
leuS.126	0	0	.	.	.
leuS.127	0	0	.	.	.
leuS.128	0	0	.	.	.
leuS.129	0	0	.	.	.
leuS.13	0	0	.	.	.
leuS.130	0	0	.	.	.
leuS.131	0	0	.	.	.
leuS.132	0	0	.	.	.
leuS.133	0	0	.	.	.
leuS.134	0	0	.	.	.
leuS.135	0	0	.	.	.
leuS.136	0	0	.	.	.
leuS.137	0	0	.	.	.
leuS.138	0	0	.	.	.
leuS.139	0	0	.	.	.
leuS.14	0	0	.	.	.
leuS.140	0	0	.	.	.
leuS.141	0	0	.	.	.
leuS.142	0	0	.	.	.
leuS.143	0	0	.	.	.
leuS.144	0	0	.	.	.
leuS.145	0	0	.	.	.
leuS.146	0	0	.	.	.
leuS.147	0	0	.	.	.
leuS.148	0	0	.	.	.
leuS.149	0	0	.	.	.
leuS.15	0	0	.	.	.
leuS.150	0	0	.	.	.
leuS.151	0	0	.	.	.
leuS.152	0	0	.	.	.
leuS.153	0	0	.	.	.
leuS.154	0	0	.	.	.
leuS.155	0	0	.	.	.
leuS.156	0	0	.	.	.
leuS.157	0	0	.	.	.
leuS.158	0	0	.	.	.
leuS.159	0	0	.	.	.
leuS.16	0	0	.	.	.
leuS.160	0	0	.	.	.
leuS.161	0	0	.	.	.
leuS.162	0	0	.	.	.
leuS.163	0	0	.	.	.
leuS.164	0	0	.	.	.
leuS.165	0	0	.	.	.
leuS.166	0	0	.	.	.
leuS.167	0	0	.	.	.
leuS.168	0	0	.	.	.
leuS.169	0	0	.	.	.
leuS.17	0	0	.	.	.
leuS.170	0	0	.	.	.
leuS.171	0	0	.	.	.
leuS.172	0	0	.	.	.
leuS.173	0	0	.	.	.
leuS.174	0	0	.	.	.
leuS.175	0	0	.	.	.
leuS.176	0	0	.	.	.
leuS.177	0	0	.	.	.
leuS.178	0	0	.	.	.
leuS.179	0	0	.	.	.
leuS.18	0	0	.	.	.
leuS.180	0	0	.	.	.
leuS.181	0	0	.	.	.
leuS.182	0	0	.	.	.
leuS.183	0	0	.	.	.
leuS.184	0	0	.	.	.
leuS.185	0	0	.	.	.
leuS.186	0	0	.	.	.
leuS.187	0	0	.	.	.
leuS.188	0	0	.	.	.
leuS.189	0	0	.	.	.
leuS.19	0	0	.	.	.
leuS.190	0	0	.	.	.
leuS.191	0	0	.	.	.
leuS.192	0	0	.	.	.
leuS.193	0	0	.	.	.
leuS.194	0	0	.	.	.
leuS.195	0	0	.	.	.
leuS.196	0	0	.	.	.
leuS.197	0	0	.	.	.
leuS.198	0	0	.	.	.
leuS.199	0	0	.	.	.
leuS.2	0	0	.	.	.
leuS.20	0	0	.	.	.
leuS.200	0	0	.	.	.
leuS.201	0	0	.	.	.
leuS.202	0	0	.	.	.
leuS.203	0	0	.	.	.
leuS.204	0	0	.	.	.
leuS.205	0	0	.	.	.
leuS.206	0	0	.	.	.
leuS.207	0	0	.	.	.
leuS.208	0	0	.	.	.
leuS.209	0	0	.	.	.
leuS.21	0	0	.	.	.
leuS.210	0	0	.	.	.
leuS.211	0	0	.	.	.
leuS.212	0	0	.	.	.
leuS.213	0	0	.	.	.
leuS.214	0	0	.	.	.
leuS.215	0	0	.	.	.
leuS.216	0	0	.	.	.
leuS.217	0	0	.	.	.
leuS.218	0	0	.	.	.
leuS.219	0	0	.	.	.
leuS.22	0	0	.	.	.
leuS.220	0	0	.	.	.
leuS.221	0	0	.	.	.
leuS.222	0	0	.	.	.
leuS.223	0	0	.	.	.
leuS.224	0	0	.	.	.
leuS.225	0	0	.	.	.
leuS.226	0	0	.	.	.
leuS.227	0	0	.	.	.
leuS.228	0	0	.	.	.
leuS.229	0	0	.	.	.
leuS.23	0	0	.	.	.
leuS.230	0	0	.	.	.
leuS.231	0	0	.	.	.
leuS.232	0	0	.	.	.
leuS.233	0	0	.	.	.
leuS.234	0	0	.	.	.
leuS.235	0	0	.	.	.
leuS.236	0	0	.	.	.
leuS.237	0	0	.	.	.
leuS.238	0	0	.	.	.
leuS.239	0	0	.	.	.
leuS.24	0	0	.	.	.
leuS.240	0	0	.	.	.
leuS.241	0	0	.	.	.
leuS.242	0	0	.	.	.
leuS.243	0	0	.	.	.
leuS.244	0	0	.	.	.
leuS.245	0	0	.	.	.
leuS.246	0	0	.	.	.
leuS.247	0	0	.	.	.
leuS.248	0	0	.	.	.
leuS.249	0	0	.	.	.
leuS.25	0	0	.	.	.
leuS.250	0	0	.	.	.
leuS.251	0	0	.	.	.
leuS.252	0	0	.	.	.
leuS.253	0	0	.	.	.
leuS.254	0	0	.	.	.
leuS.255	0	0	.	.	.
leuS.256	0	0	.	.	.
leuS.257	0	0	.	.	.
leuS.258	0	0	.	.	.
leuS.259	0	0	.	.	.
leuS.26	0	0	.	.	.
leuS.260	0	0	.	.	.
leuS.261	0	0	.	.	.
leuS.262	0	0	.	.	.
leuS.263	0	0	.	.	.
leuS.264	0	0	.	.	.
leuS.265	0	0	.	.	.
leuS.266	0	0	.	.	.
leuS.267	0	0	.	.	.
leuS.268	0	0	.	.	.
leuS.269	0	0	.	.	.
leuS.27	0	0	.	.	.
leuS.270	0	0	.	.	.
leuS.271	0	0	.	.	.
leuS.272	0	0	.	.	.
leuS.273	0	0	.	.	.
leuS.274	0	0	.	.	.
leuS.275	0	0	.	.	.
leuS.276	0	0	.	.	.
leuS.277	0	0	.	.	.
leuS.278	0	0	.	.	.
leuS.279	0	0	.	.	.
leuS.28	0	0	.	.	.
leuS.280	0	0	.	.	.
leuS.281	0	0	.	.	.
leuS.282	0	0	.	.	.
leuS.283	0	0	.	.	.
leuS.284	0	0	.	.	.
leuS.285	0	0	.	.	.
leuS.286	0	0	.	.	.
leuS.287	0	0	.	.	.
leuS.288	0	0	.	.	.
leuS.289	0	0	.	.	.
leuS.29	0	0	.	.	.
leuS.290	0	0	.	.	.
leuS.291	0	0	.	.	.
leuS.292	0	0	.	.	.
leuS.293	0	0	.	.	.
leuS.294	0	0	.	.	.
leuS.295	0	0	.	.	.
leuS.296	0	0	.	.	.
leuS.297	0	0	.	.	.
leuS.298	0	0	.	.	.
leuS.299	0	0	.	.	.
leuS.3	0	0	.	.	.
leuS.30	0	0	.	.	.
leuS.300	0	0	.	.	.
leuS.301	0	0	.	.	.
leuS.302	0	0	.	.	.
leuS.303	0	0	.	.	.
leuS.304	0	0	.	.	.
leuS.305	0	0	.	.	.
leuS.306	0	0	.	.	.
leuS.307	0	0	.	.	.
leuS.308	0	0	.	.	.
leuS.309	0	0	.	.	.
leuS.31	0	0	.	.	.
leuS.310	0	0	.	.	.
leuS.311	0	0	.	.	.
leuS.312	0	0	.	.	.
leuS.313	0	0	.	.	.
leuS.314	0	0	.	.	.
leuS.315	0	0	.	.	.
leuS.316	0	0	.	.	.
leuS.317	0	0	.	.	.
leuS.318	0	0	.	.	.
leuS.319	0	0	.	.	.
leuS.32	0	0	.	.	.
leuS.320	0	0	.	.	.
leuS.321	0	0	.	.	.
leuS.322	0	0	.	.	.
leuS.323	0	0	.	.	.
leuS.324	0	0	.	.	.
leuS.325	0	0	.	.	.
leuS.326	0	0	.	.	.
leuS.327	0	0	.	.	.
leuS.328	0	0	.	.	.
leuS.329	0	0	.	.	.
leuS.33	0	0	.	.	.
leuS.330	0	0	.	.	.
leuS.331	0	0	.	.	.
leuS.332	0	0	.	.	.
leuS.333	0	0	.	.	.
leuS.334	0	0	.	.	.
leuS.335	0	0	.	.	.
leuS.336	0	0	.	.	.
leuS.337	0	0	.	.	.
leuS.338	0	0	.	.	.
leuS.339	0	0	.	.	.
leuS.34	0	0	.	.	.
leuS.340	0	0	.	.	.
leuS.341	0	0	.	.	.
leuS.342	0	0	.	.	.
leuS.343	0	0	.	.	.
leuS.344	0	0	.	.	.
leuS.345	0	0	.	.	.
leuS.346	0	0	.	.	.
leuS.347	0	0	.	.	.
leuS.35	0	0	.	.	.
leuS.36	0	0	.	.	.
leuS.37	0	0	.	.	.
leuS.38	0	0	.	.	.
leuS.39	0	0	.	.	.
leuS.4	0	0	.	.	.
leuS.40	0	0	.	.	.
leuS.41	0	0	.	.	.
leuS.42	0	0	.	.	.
leuS.43	0	0	.	.	.
leuS.44	0	0	.	.	.
leuS.45	0	0	.	.	.
leuS.46	0	0	.	.	.
leuS.47	0	0	.	.	.
leuS.48	0	0	.	.	.
leuS.49	0	0	.	.	.
leuS.5	0	0	.	.	.
leuS.50	0	0	.	.	.
leuS.51	0	0	.	.	.
leuS.52	0	0	.	.	.
leuS.53	0	0	.	.	.
leuS.54	0	0	.	.	.
leuS.55	0	0	.	.	.
leuS.56	0	0	.	.	.
leuS.57	0	0	.	.	.
leuS.58	0	0	.	.	.
leuS.59	0	0	.	.	.
leuS.6	0	0	.	.	.
leuS.60	0	0	.	.	.
leuS.61	0	0	.	.	.
leuS.62	0	0	.	.	.
leuS.63	0	0	.	.	.
leuS.64	0	0	.	.	.
leuS.65	0	0	.	.	.
leuS.66	0	0	.	.	.
leuS.67	0	0	.	.	.
leuS.68	0	0	.	.	.
leuS.69	0	0	.	.	.
leuS.7	0	0	.	.	.
leuS.70	0	0	.	.	.
leuS.71	0	0	.	.	.
leuS.72	0	0	.	.	.
leuS.73	0	0	.	.	.
leuS.74	0	0	.	.	.
leuS.75	0	0	.	.	.
leuS.76	0	0	.	.	.
leuS.77	0	0	.	.	.
leuS.78	0	0	.	.	.
leuS.79	0	0	.	.	.
leuS.8	0	0	.	.	.
leuS.80	0	0	.	.	.
leuS.81	0	0	.	.	.
leuS.82	0	0	.	.	.
leuS.83	0	0	.	.	.
leuS.84	0	0	.	.	.
leuS.85	0	0	.	.	.
leuS.86	0	0	.	.	.
leuS.87	0	0	.	.	.
leuS.88	0	0	.	.	.
leuS.89	0	0	.	.	.
leuS.9	0	0	.	.	.
leuS.90	0	0	.	.	.
leuS.91	0	0	.	.	.
leuS.92	0	0	.	.	.
leuS.93	0	0	.	.	.
leuS.94	0	0	.	.	.
leuS.95	0	0	.	.	.
leuS.96	0	0	.	.	.
leuS.97	0	0	.	.	.
leuS.98	0	0	.	.	.
leuS.99	0	0	.	.	.
pyrG.1	0	0	.	.	.
pyrG.10	0	0	.	.	.
pyrG.100	0	0	.	.	.
pyrG.101	0	0	.	.	.
pyrG.102	0	0	.	.	.
pyrG.103	0	0	.	.	.
pyrG.104	0	0	.	.	.
pyrG.105	0	0	.	.	.
pyrG.106	0	0	.	.	.
pyrG.107	0	0	.	.	.
pyrG.108	0	0	.	.	.
pyrG.109	0	0	.	.	.
pyrG.11	0	0	.	.	.
pyrG.110	0	0	.	.	.
pyrG.111	0	0	.	.	.
pyrG.112	0	0	.	.	.
pyrG.113	0	0	.	.	.
pyrG.114	0	0	.	.	.
pyrG.115	0	0	.	.	.
pyrG.116	0	0	.	.	.
pyrG.117	0	0	.	.	.
pyrG.118	0	0	.	.	.
pyrG.119	0	0	.	.	.
pyrG.12	0	0	.	.	.
pyrG.120	0	0	.	.	.
pyrG.121	0	0	.	.	.
pyrG.122	0	0	.	.	.
pyrG.123	0	0	.	.	.
pyrG.124	0	0	.	.	.
pyrG.125	0	0	.	.	.
pyrG.126	0	0	.	.	.
pyrG.127	0	0	.	.	.
pyrG.128	0	0	.	.	.
pyrG.129	0	0	.	.	.
pyrG.13	0	0	.	.	.
pyrG.130	0	0	.	.	.
pyrG.131	0	0	.	.	.
pyrG.132	0	0	.	.	.
pyrG.133	0	0	.	.	.
pyrG.134	0	0	.	.	.
pyrG.135	0	0	.	.	.
pyrG.136	0	0	.	.	.
pyrG.137	0	0	.	.	.
pyrG.138	0	0	.	.	.
pyrG.139	0	0	.	.	.
pyrG.14	0	0	.	.	.
pyrG.140	0	0	.	.	.
pyrG.141	0	0	.	.	.
pyrG.142	0	0	.	.	.
pyrG.143	0	0	.	.	.
pyrG.144	0	0	.	.	.
pyrG.145	0	0	.	.	.
pyrG.146	0	0	.	.	.
pyrG.147	0	0	.	.	.
pyrG.148	0	0	.	.	.
pyrG.149	0	0	.	.	.
pyrG.15	0	0	.	.	.
pyrG.150	0	0	.	.	.
pyrG.151	0	0	.	.	.
pyrG.152	0	0	.	.	.
pyrG.153	0	0	.	.	.
pyrG.154	0	0	.	.	.
pyrG.155	0	0	.	.	.
pyrG.156	0	0	.	.	.
pyrG.157	0	0	.	.	.
pyrG.158	0	0	.	.	.
pyrG.159	0	0	.	.	.
pyrG.16	0	0	.	.	.
pyrG.160	0	0	.	.	.
pyrG.161	0	0	.	.	.
pyrG.162	0	0	.	.	.
pyrG.163	0	0	.	.	.
pyrG.164	0	0	.	.	.
pyrG.165	0	0	.	.	.
pyrG.166	0	0	.	.	.
pyrG.167	0	0	.	.	.
pyrG.168	0	0	.	.	.
pyrG.169	0	0	.	.	.
pyrG.17	0	0	.	.	.
pyrG.170	0	0	.	.	.
pyrG.171	0	0	.	.	.
pyrG.172	0	0	.	.	.
pyrG.173	0	0	.	.	.
pyrG.174	0	0	.	.	.
pyrG.175	0	0	.	.	.
pyrG.176	0	0	.	.	.
pyrG.177	0	0	.	.	.
pyrG.178	0	0	.	.	.
pyrG.179	0	0	.	.	.
pyrG.18	0	0	.	.	.
pyrG.180	0	0	.	.	.
pyrG.181	0	0	.	.	.
pyrG.182	0	0	.	.	.
pyrG.183	0	0	.	.	.
pyrG.184	0	0	.	.	.
pyrG.185	0	0	.	.	.
pyrG.186	0	0	.	.	.
pyrG.187	0	0	.	.	.
pyrG.188	0	0	.	.	.
pyrG.189	0	0	.	.	.
pyrG.19	0	0	.	.	.
pyrG.190	0	0	.	.	.
pyrG.191	0	0	.	.	.
pyrG.192	0	0	.	.	.
pyrG.193	0	0	.	.	.
pyrG.194	0	0	.	.	.
pyrG.195	0	0	.	.	.
pyrG.196	0	0	.	.	.
pyrG.197	0	0	.	.	.
pyrG.198	0	0	.	.	.
pyrG.199	0	0	.	.	.
pyrG.2	0	0	.	.	.
pyrG.20	0	0	.	.	.
pyrG.200	0	0	.	.	.
pyrG.201	0	0	.	.	.
pyrG.202	0	0	.	.	.
pyrG.203	0	0	.	.	.
pyrG.204	0	0	.	.	.
pyrG.205	0	0	.	.	.
pyrG.206	0	0	.	.	.
pyrG.207	0	0	.	.	.
pyrG.208	0	0	.	.	.
pyrG.209	0	0	.	.	.
pyrG.21	0	0	.	.	.
pyrG.210	0	0	.	.	.
pyrG.211	0	0	.	.	.
pyrG.212	0	0	.	.	.
pyrG.213	0	0	.	.	.
pyrG.214	0	0	.	.	.
pyrG.215	0	0	.	.	.
pyrG.216	0	0	.	.	.
pyrG.217	0	0	.	.	.
pyrG.218	0	0	.	.	.
pyrG.219	0	0	.	.	.
pyrG.22	0	0	.	.	.
pyrG.220	0	0	.	.	.
pyrG.221	0	0	.	.	.
pyrG.222	0	0	.	.	.
pyrG.223	0	0	.	.	.
pyrG.224	0	0	.	.	.
pyrG.225	0	0	.	.	.
pyrG.226	0	0	.	.	.
pyrG.227	0	0	.	.	.
pyrG.228	0	0	.	.	.
pyrG.229	0	0	.	.	.
pyrG.23	0	0	.	.	.
pyrG.230	0	0	.	.	.
pyrG.231	0	0	.	.	.
pyrG.232	0	0	.	.	.
pyrG.233	0	0	.	.	.
pyrG.234	0	0	.	.	.
pyrG.235	0	0	.	.	.
pyrG.236	0	0	.	.	.
pyrG.237	0	0	.	.	.
pyrG.238	0	0	.	.	.
pyrG.239	0	0	.	.	.
pyrG.24	0	0	.	.	.
pyrG.240	0	0	.	.	.
pyrG.241	0	0	.	.	.
pyrG.242	0	0	.	.	.
pyrG.243	0	0	.	.	.
pyrG.244	0	0	.	.	.
pyrG.245	0	0	.	.	.
pyrG.246	0	0	.	.	.
pyrG.247	0	0	.	.	.
pyrG.248	0	0	.	.	.
pyrG.249	0	0	.	.	.
pyrG.25	0	0	.	.	.
pyrG.250	0	0	.	.	.
pyrG.251	0	0	.	.	.
pyrG.252	0	0	.	.	.
pyrG.253	0	0	.	.	.
pyrG.254	0	0	.	.	.
pyrG.255	0	0	.	.	.
pyrG.256	0	0	.	.	.
pyrG.257	0	0	.	.	.
pyrG.258	0	0	.	.	.
pyrG.259	0	0	.	.	.
pyrG.26	0	0	.	.	.
pyrG.260	0	0	.	.	.
pyrG.261	0	0	.	.	.
pyrG.262	0	0	.	.	.
pyrG.263	0	0	.	.	.
pyrG.264	0	0	.	.	.
pyrG.265	0	0	.	.	.
pyrG.266	0	0	.	.	.
pyrG.267	0	0	.	.	.
pyrG.268	0	0	.	.	.
pyrG.269	0	0	.	.	.
pyrG.27	0	0	.	.	.
pyrG.270	0	0	.	.	.
pyrG.271	0	0	.	.	.
pyrG.272	0	0	.	.	.
pyrG.273	0	0	.	.	.
pyrG.274	0	0	.	.	.
pyrG.275	0	0	.	.	.
pyrG.276	0	0	.	.	.
pyrG.277	0	0	.	.	.
pyrG.278	0	0	.	.	.
pyrG.279	0	0	.	.	.
pyrG.28	0	0	.	.	.
pyrG.280	0	0	.	.	.
pyrG.29	0	0	.	.	.
pyrG.3	0	0	.	.	.
pyrG.30	0	0	.	.	.
pyrG.31	0	0	.	.	.
pyrG.32	0	0	.	.	.
pyrG.33	0	0	.	.	.
pyrG.34	0	0	.	.	.
pyrG.35	0	0	.	.	.
pyrG.36	0	0	.	.	.
pyrG.37	0	0	.	.	.
pyrG.38	0	0	.	.	.
pyrG.39	0	0	.	.	.
pyrG.4	0	0	.	.	.
pyrG.40	0	0	.	.	.
pyrG.41	0	0	.	.	.
pyrG.42	0	0	.	.	.
pyrG.43	0	0	.	.	.
pyrG.44	0	0	.	.	.
pyrG.45	0	0	.	.	.
pyrG.46	0	0	.	.	.
pyrG.47	0	0	.	.	.
pyrG.48	0	0	.	.	.
pyrG.49	0	0	.	.	.
pyrG.5	0	0	.	.	.
pyrG.50	0	0	.	.	.
pyrG.51	0	0	.	.	.
pyrG.52	0	0	.	.	.
pyrG.53	0	0	.	.	.
pyrG.54	0	0	.	.	.
pyrG.55	0	0	.	.	.
pyrG.56	0	0	.	.	.
pyrG.57	0	0	.	.	.
pyrG.58	0	0	.	.	.
pyrG.59	0	0	.	.	.
pyrG.6	0	0	.	.	.
pyrG.60	0	0	.	.	.
pyrG.61	0	0	.	.	.
pyrG.62	0	0	.	.	.
pyrG.63	0	0	.	.	.
pyrG.64	0	0	.	.	.
pyrG.65	0	0	.	.	.
pyrG.66	0	0	.	.	.
pyrG.67	0	0	.	.	.
pyrG.68	0	0	.	.	.
pyrG.69	0	0	.	.	.
pyrG.7	0	0	.	.	.
pyrG.70	0	0	.	.	.
pyrG.71	0	0	.	.	.
pyrG.72	0	0	.	.	.
pyrG.73	0	0	.	.	.
pyrG.74	0	0	.	.	.
pyrG.75	0	0	.	.	.
pyrG.76	0	0	.	.	.
pyrG.77	0	0	.	.	.
pyrG.78	0	0	.	.	.
pyrG.79	0	0	.	.	.
pyrG.8	0	0	.	.	.
pyrG.80	0	0	.	.	.
pyrG.81	0	0	.	.	.
pyrG.82	0	0	.	.	.
pyrG.83	0	0	.	.	.
pyrG.84	0	0	.	.	.
pyrG.85	0	0	.	.	.
pyrG.86	0	0	.	.	.
pyrG.87	0	0	.	.	.
pyrG.88	0	0	.	.	.
pyrG.89	0	0	.	.	.
pyrG.9	0	0	.	.	.
pyrG.90	0	0	.	.	.
pyrG.91	0	0	.	.	.
pyrG.92	0	0	.	.	.
pyrG.93	0	0	.	.	.
pyrG.94	0	0	.	.	.
pyrG.95	0	0	.	.	.
pyrG.96	0	0	.	.	.
pyrG.97	0	0	.	.	.
pyrG.98	0	0	.	.	.
pyrG.99	0	0	.	.	.
rplB.1	0	0	.	.	.
rplB.10	0	0	.	.	.
rplB.100	0	0	.	.	.
rplB.101	0	0	.	.	.
rplB.102	0	0	.	.	.
rplB.103	0	0	.	.	.
rplB.104	0	0	.	.	.
rplB.105	0	0	.	.	.
rplB.106	0	0	.	.	.
rplB.107	0	0	.	.	.
rplB.108	0	0	.	.	.
rplB.109	0	0	.	.	.
rplB.11	0	0	.	.	.
rplB.110	0	0	.	.	.
rplB.111	0	0	.	.	.
rplB.112	0	0	.	.	.
rplB.113	0	0	.	.	.
rplB.114	0	0	.	.	.
rplB.115	0	0	.	.	.
rplB.116	0	0	.	.	.
rplB.117	0	0	.	.	.
rplB.118	0	0	.	.	.
rplB.119	0	0	.	.	.
rplB.12	0	0	.	.	.
rplB.120	0	0	.	.	.
rplB.121	0	0	.	.	.
rplB.122	0	0	.	.	.
rplB.123	0	0	.	.	.
rplB.124	0	0	.	.	.
rplB.125	0	0	.	.	.
rplB.126	0	0	.	.	.
rplB.13	0	0	.	.	.
rplB.14	0	0	.	.	.
rplB.15	0	0	.	.	.
rplB.16	0	0	.	.	.
rplB.17	0	0	.	.	.
rplB.18	0	0	.	.	.
rplB.19	0	0	.	.	.
rplB.2	0	0	.	.	.
rplB.20	0	0	.	.	.
rplB.21	0	0	.	.	.
rplB.22	0	0	.	.	.
rplB.23	0	0	.	.	.
rplB.24	0	0	.	.	.
rplB.25	0	0	.	.	.
rplB.26	0	0	.	.	.
rplB.27	0	0	.	.	.
rplB.28	0	0	.	.	.
rplB.29	0	0	.	.	.
rplB.3	0	0	.	.	.
rplB.30	0	0	.	.	.
rplB.31	0	0	.	.	.
rplB.32	0	0	.	.	.
rplB.33	0	0	.	.	.
rplB.34	0	0	.	.	.
rplB.35	0	0	.	.	.
rplB.36	0	0	.	.	.
rplB.37	0	0	.	.	.
rplB.38	0	0	.	.	.
rplB.39	0	0	.	.	.
rplB.4	0	0	.	.	.
rplB.40	0	0	.	.	.
rplB.41	0	0	.	.	.
rplB.42	0	0	.	.	.
rplB.43	0	0	.	.	.
rplB.44	0	0	.	.	.
rplB.45	0	0	.	.	.
rplB.46	0	0	.	.	.
rplB.47	0	0	.	.	.
rplB.48	0	0	.	.	.
rplB.49	0	0	.	.	.
rplB.5	0	0	.	.	.
rplB.50	0	0	.	.	.
rplB.51	0	0	.	.	.
rplB.52	0	0	.	.	.
rplB.53	0	0	.	.	.
rplB.54	0	0	.	.	.
rplB.55	0	0	.	.	.
rplB.56	0	0	.	.	.
rplB.57	0	0	.	.	.
rplB.58	0	0	.	.	.
rplB.59	0	0	.	.	.
rplB.6	0	0	.	.	.
rplB.60	0	0	.	.	.
rplB.61	0	0	.	.	.
rplB.62	0	0	.	.	.
rplB.63	0	0	.	.	.
rplB.64	0	0	.	.	.
rplB.65	0	0	.	.	.
rplB.66	0	0	.	.	.
rplB.67	0	0	.	.	.
rplB.68	0	0	.	.	.
rplB.69	0	0	.	.	.
rplB.7	0	0	.	.	.
rplB.70	0	0	.	.	.
rplB.71	0	0	.	.	.
rplB.72	0	0	.	.	.
rplB.73	0	0	.	.	.
rplB.74	0	0	.	.	.
rplB.75	0	0	.	.	.
rplB.76	0	0	.	.	.
rplB.77	0	0	.	.	.
rplB.78	0	0	.	.	.
rplB.79	0	0	.	.	.
rplB.8	0	0	.	.	.
rplB.80	0	0	.	.	.
rplB.81	0	0	.	.	.
rplB.82	0	0	.	.	.
rplB.83	0	0	.	.	.
rplB.84	0	0	.	.	.
rplB.85	0	0	.	.	.
rplB.86	0	0	.	.	.
rplB.87	0	0	.	.	.
rplB.88	0	0	.	.	.
rplB.89	0	0	.	.	.
rplB.9	0	0	.	.	.
rplB.90	0	0	.	.	.
rplB.91	0	0	.	.	.
rplB.92	0	0	.	.	.
rplB.93	0	0	.	.	.
rplB.94	0	0	.	.	.
rplB.95	0	0	.	.	.
rplB.96	0	0	.	.	.
rplB.97	0	0	.	.	.
rplB.98	0	0	.	.	.
rplB.99	0	0	.	.	.
rpoB.1	0	0	.	.	.
rpoB.10	0	0	.	.	.
rpoB.100	0	0	.	.	.
rpoB.101	0	0	.	.	.
rpoB.102	0	0	.	.	.
rpoB.103	0	0	.	.	.
rpoB.104	0	0	.	.	.
rpoB.105	0	0	.	.	.
rpoB.106	0	0	.	.	.
rpoB.107	0	0	.	.	.
rpoB.108	0	0	.	.	.
rpoB.109	0	0	.	.	.
rpoB.11	0	0	.	.	.
rpoB.110	0	0	.	.	.
rpoB.111	0	0	.	.	.
rpoB.112	0	0	.	.	.
rpoB.113	0	0	.	.	.
rpoB.114	0	0	.	.	.
rpoB.115	0	0	.	.	.
rpoB.116	0	0	.	.	.
rpoB.117	0	0	.	.	.
rpoB.118	0	0	.	.	.
rpoB.119	0	0	.	.	.
rpoB.12	0	0	.	.	.
rpoB.120	0	0	.	.	.
rpoB.121	0	0	.	.	.
rpoB.122	0	0	.	.	.
rpoB.123	0	0	.	.	.
rpoB.124	0	0	.	.	.
rpoB.125	0	0	.	.	.
rpoB.126	0	0	.	.	.
rpoB.127	0	0	.	.	.
rpoB.128	0	0	.	.	.
rpoB.129	0	0	.	.	.
rpoB.13	0	0	.	.	.
rpoB.130	0	0	.	.	.
rpoB.131	0	0	.	.	.
rpoB.132	0	0	.	.	.
rpoB.133	0	0	.	.	.
rpoB.134	0	0	.	.	.
rpoB.135	0	0	.	.	.
rpoB.136	0	0	.	.	.
rpoB.137	0	0	.	.	.
rpoB.138	0	0	.	.	.
rpoB.139	0	0	.	.	.
rpoB.14	0	0	.	.	.
rpoB.140	0	0	.	.	.
rpoB.141	0	0	.	.	.
rpoB.142	0	0	.	.	.
rpoB.143	0	0	.	.	.
rpoB.144	0	0	.	.	.
rpoB.145	0	0	.	.	.
rpoB.146	0	0	.	.	.
rpoB.147	0	0	.	.	.
rpoB.148	0	0	.	.	.
rpoB.149	0	0	.	.	.
rpoB.15	0	0	.	.	.
rpoB.150	0	0	.	.	.
rpoB.151	0	0	.	.	.
rpoB.152	0	0	.	.	.
rpoB.153	0	0	.	.	.
rpoB.154	0	0	.	.	.
rpoB.155	0	0	.	.	.
rpoB.156	0	0	.	.	.
rpoB.157	0	0	.	.	.
rpoB.158	0	0	.	.	.
rpoB.159	0	0	.	.	.
rpoB.16	0	0	.	.	.
rpoB.160	0	0	.	.	.
rpoB.161	0	0	.	.	.
rpoB.162	0	0	.	.	.
rpoB.163	0	0	.	.	.
rpoB.164	0	0	.	.	.
rpoB.165	0	0	.	.	.
rpoB.166	0	0	.	.	.
rpoB.167	0	0	.	.	.
rpoB.168	0	0	.	.	.
rpoB.169	0	0	.	.	.
rpoB.17	0	0	.	.	.
rpoB.170	0	0	.	.	.
rpoB.171	0	0	.	.	.
rpoB.172	0	0	.	.	.
rpoB.173	0	0	.	.	.
rpoB.174	0	0	.	.	.
rpoB.175	0	0	.	.	.
rpoB.176	0	0	.	.	.
rpoB.177	0	0	.	.	.
rpoB.178	0	0	.	.	.
rpoB.179	0	0	.	.	.
rpoB.18	0	0	.	.	.
rpoB.180	0	0	.	.	.
rpoB.181	0	0	.	.	.
rpoB.182	0	0	.	.	.
rpoB.183	0	0	.	.	.
rpoB.184	0	0	.	.	.
rpoB.19	0	0	.	.	.
rpoB.2	0	0	.	.	.
rpoB.20	0	0	.	.	.
rpoB.21	0	0	.	.	.
rpoB.22	0	0	.	.	.
rpoB.23	0	0	.	.	.
rpoB.24	0	0	.	.	.
rpoB.25	0	0	.	.	.
rpoB.26	0	0	.	.	.
rpoB.27	0	0	.	.	.
rpoB.28	0	0	.	.	.
rpoB.29	0	0	.	.	.
rpoB.3	0	0	.	.	.
rpoB.30	0	0	.	.	.
rpoB.31	0	0	.	.	.
rpoB.32	0	0	.	.	.
rpoB.33	0	0	.	.	.
rpoB.34	0	0	.	.	.
rpoB.35	0	0	.	.	.
rpoB.36	0	0	.	.	.
rpoB.37	0	0	.	.	.
rpoB.38	0	0	.	.	.
rpoB.39	0	0	.	.	.
rpoB.4	0	0	.	.	.
rpoB.40	0	0	.	.	.
rpoB.41	0	0	.	.	.
rpoB.42	0	0	.	.	.
rpoB.43	0	0	.	.	.
rpoB.44	0	0	.	.	.
rpoB.45	0	0	.	.	.
rpoB.46	0	0	.	.	.
rpoB.47	0	0	.	.	.
rpoB.48	0	0	.	.	.
rpoB.49	0	0	.	.	.
rpoB.5	0	0	.	.	.
rpoB.50	0	0	.	.	.
rpoB.51	0	0	.	.	.
rpoB.52	0	0	.	.	.
rpoB.53	0	0	.	.	.
rpoB.54	0	0	.	.	.
rpoB.55	0	0	.	.	.
rpoB.56	0	0	.	.	.
rpoB.57	0	0	.	.	.
rpoB.58	0	0	.	.	.
rpoB.59	0	0	.	.	.
rpoB.6	0	0	.	.	.
rpoB.60	0	0	.	.	.
rpoB.61	0	0	.	.	.
rpoB.62	0	0	.	.	.
rpoB.63	0	0	.	.	.
rpoB.64	0	0	.	.	.
rpoB.65	0	0	.	.	.
rpoB.66	0	0	.	.	.
rpoB.67	0	0	.	.	.
rpoB.68	0	0	.	.	.
rpoB.69	0	0	.	.	.
rpoB.7	0	0	.	.	.
rpoB.70	0	0	.	.	.
rpoB.71	0	0	.	.	.
rpoB.72	0	0	.	.	.
rpoB.73	0	0	.	.	.
rpoB.74	0	0	.	.	.
rpoB.75	0	0	.	.	.
rpoB.76	0	0	.	.	.
rpoB.77	0	0	.	.	.
rpoB.78	0	0	.	.	.
rpoB.79	0	0	.	.	.
rpoB.8	0	0	.	.	.
rpoB.80	0	0	.	.	.
rpoB.81	0	0	.	.	.
rpoB.82	0	0	.	.	.
rpoB.83	0	0	.	.	.
rpoB.84	0	0	.	.	.
rpoB.85	0	0	.	.	.
rpoB.86	0	0	.	.	.
rpoB.87	0	0	.	.	.
rpoB.88	0	0	.	.	.
rpoB.89	0	0	.	.	.
rpoB.9	0	0	.	.	.
rpoB.90	0	0	.	.	.
rpoB.91	0	0	.	.	.
rpoB.92	0	0	.	.	.
rpoB.93	0	0	.	.	.
rpoB.94	0	0	.	.	.
rpoB.95	0	0	.	.	.
rpoB.96	0	0	.	.	.
rpoB.97	0	0	.	.	.
rpoB.98	0	0	.	.	.
rpoB.99	0	0	.	.	.
