aroC.1	0	0	.	.	.
aroC.10	0	0	.	.	.
aroC.100	0	0	.	.	.
aroC.101	0	0	.	.	.
aroC.102	0	0	.	.	.
aroC.103	0	0	.	.	.
aroC.104	0	0	.	.	.
aroC.105	0	0	.	.	.
aroC.106	0	0	.	.	.
aroC.107	0	0	.	.	.
aroC.108	0	0	.	.	.
aroC.109	0	0	.	.	.
aroC.11	0	0	.	.	.
aroC.110	0	0	.	.	.
aroC.111	0	0	.	.	.
aroC.112	0	0	.	.	.
aroC.113	0	0	.	.	.
aroC.114	0	0	.	.	.
aroC.115	0	0	.	.	.
aroC.116	0	0	.	.	.
aroC.117	0	0	.	.	.
aroC.118	0	0	.	.	.
aroC.119	0	0	.	.	.
aroC.12	0	0	.	.	.
aroC.120	0	0	.	.	.
aroC.121	0	0	.	.	.
aroC.122	0	0	.	.	.
aroC.123	0	0	.	.	.
aroC.124	0	0	.	.	.
aroC.125	0	0	.	.	.
aroC.126	0	0	.	.	.
aroC.127	0	0	.	.	.
aroC.128	0	0	.	.	.
aroC.129	0	0	.	.	.
aroC.13	0	0	.	.	.
aroC.130	0	0	.	.	.
aroC.131	0	0	.	.	.
aroC.132	0	0	.	.	.
aroC.133	0	0	.	.	.
aroC.134	0	0	.	.	.
aroC.135	0	0	.	.	.
aroC.136	0	0	.	.	.
aroC.137	0	0	.	.	.
aroC.138	0	0	.	.	.
aroC.139	0	0	.	.	.
aroC.14	0	0	.	.	.
aroC.140	0	0	.	.	.
aroC.141	0	0	.	.	.
aroC.142	0	0	.	.	.
aroC.143	0	0	.	.	.
aroC.144	0	0	.	.	.
aroC.145	0	0	.	.	.
aroC.146	0	0	.	.	.
aroC.147	0	0	.	.	.
aroC.148	0	0	.	.	.
aroC.149	0	0	.	.	.
aroC.15	0	0	.	.	.
aroC.150	0	0	.	.	.
aroC.151	0	0	.	.	.
aroC.152	0	0	.	.	.
aroC.153	0	0	.	.	.
aroC.154	0	0	.	.	.
aroC.155	0	0	.	.	.
aroC.156	0	0	.	.	.
aroC.157	0	0	.	.	.
aroC.158	0	0	.	.	.
aroC.159	0	0	.	.	.
aroC.16	0	0	.	.	.
aroC.160	0	0	.	.	.
aroC.161	0	0	.	.	.
aroC.162	0	0	.	.	.
aroC.163	0	0	.	.	.
aroC.164	0	0	.	.	.
aroC.165	0	0	.	.	.
aroC.166	0	0	.	.	.
aroC.167	0	0	.	.	.
aroC.168	0	0	.	.	.
aroC.169	0	0	.	.	.
aroC.17	0	0	.	.	.
aroC.170	0	0	.	.	.
aroC.171	0	0	.	.	.
aroC.172	0	0	.	.	.
aroC.173	0	0	.	.	.
aroC.174	0	0	.	.	.
aroC.175	0	0	.	.	.
aroC.176	0	0	.	.	.
aroC.177	0	0	.	.	.
aroC.178	0	0	.	.	.
aroC.179	0	0	.	.	.
aroC.18	0	0	.	.	.
aroC.180	0	0	.	.	.
aroC.181	0	0	.	.	.
aroC.182	0	0	.	.	.
aroC.183	0	0	.	.	.
aroC.184	0	0	.	.	.
aroC.185	0	0	.	.	.
aroC.186	0	0	.	.	.
aroC.187	0	0	.	.	.
aroC.188	0	0	.	.	.
aroC.189	0	0	.	.	.
aroC.19	0	0	.	.	.
aroC.190	0	0	.	.	.
aroC.191	0	0	.	.	.
aroC.192	0	0	.	.	.
aroC.193	0	0	.	.	.
aroC.194	0	0	.	.	.
aroC.195	0	0	.	.	.
aroC.196	0	0	.	.	.
aroC.197	0	0	.	.	.
aroC.198	0	0	.	.	.
aroC.199	0	0	.	.	.
aroC.2	0	0	.	.	.
aroC.20	0	0	.	.	.
aroC.200	0	0	.	.	.
aroC.201	0	0	.	.	.
aroC.202	0	0	.	.	.
aroC.203	0	0	.	.	.
aroC.204	0	0	.	.	.
aroC.205	0	0	.	.	.
aroC.207	0	0	.	.	.
aroC.208	0	0	.	.	.
aroC.209	0	0	.	.	.
aroC.21	0	0	.	.	.
aroC.210	0	0	.	.	.
aroC.213	0	0	.	.	.
aroC.214	0	0	.	.	.
aroC.215	0	0	.	.	.
aroC.216	0	0	.	.	.
aroC.217	0	0	.	.	.
aroC.218	0	0	.	.	.
aroC.219	0	0	.	.	.
aroC.22	0	0	.	.	.
aroC.220	0	0	.	.	.
aroC.221	0	0	.	.	.
aroC.222	0	0	.	.	.
aroC.224	0	0	.	.	.
aroC.225	0	0	.	.	.
aroC.226	0	0	.	.	.
aroC.227	0	0	.	.	.
aroC.228	0	0	.	.	.
aroC.229	0	0	.	.	.
aroC.23	0	0	.	.	.
aroC.230	0	0	.	.	.
aroC.231	0	0	.	.	.
aroC.232	0	0	.	.	.
aroC.233	0	0	.	.	.
aroC.234	0	0	.	.	.
aroC.235	0	0	.	.	.
aroC.24	0	0	.	.	.
aroC.240	0	0	.	.	.
aroC.242	0	0	.	.	.
aroC.244	0	0	.	.	.
aroC.246	0	0	.	.	.
aroC.247	0	0	.	.	.
aroC.248	0	0	.	.	.
aroC.249	0	0	.	.	.
aroC.25	0	0	.	.	.
aroC.250	0	0	.	.	.
aroC.252	0	0	.	.	.
aroC.253	0	0	.	.	.
aroC.254	0	0	.	.	.
aroC.255	0	0	.	.	.
aroC.256	0	0	.	.	.
aroC.257	0	0	.	.	.
aroC.258	0	0	.	.	.
aroC.259	0	0	.	.	.
aroC.26	0	0	.	.	.
aroC.260	0	0	.	.	.
aroC.261	0	0	.	.	.
aroC.262	0	0	.	.	.
aroC.264	0	0	.	.	.
aroC.265	0	0	.	.	.
aroC.266	0	0	.	.	.
aroC.267	0	0	.	.	.
aroC.268	0	0	.	.	.
aroC.269	0	0	.	.	.
aroC.27	0	0	.	.	.
aroC.270	0	0	.	.	.
aroC.271	0	0	.	.	.
aroC.272	0	0	.	.	.
aroC.273	0	0	.	.	.
aroC.276	0	0	.	.	.
aroC.277	0	0	.	.	.
aroC.278	0	0	.	.	.
aroC.279	0	0	.	.	.
aroC.28	0	0	.	.	.
aroC.280	0	0	.	.	.
aroC.281	0	0	.	.	.
aroC.282	0	0	.	.	.
aroC.283	0	0	.	.	.
aroC.284	0	0	.	.	.
aroC.285	0	0	.	.	.
aroC.286	0	0	.	.	.
aroC.287	0	0	.	.	.
aroC.288	0	0	.	.	.
aroC.289	0	0	.	.	.
aroC.29	0	0	.	.	.
aroC.290	0	0	.	.	.
aroC.291	0	0	.	.	.
aroC.292	0	0	.	.	.
aroC.293	0	0	.	.	.
aroC.294	0	0	.	.	.
aroC.295	0	0	.	.	.
aroC.296	0	0	.	.	.
aroC.297	0	0	.	.	.
aroC.298	0	0	.	.	.
aroC.299	0	0	.	.	.
aroC.3	0	0	.	.	.
aroC.30	0	0	.	.	.
aroC.300	0	0	.	.	.
aroC.301	0	0	.	.	.
aroC.302	0	0	.	.	.
aroC.303	0	0	.	.	.
aroC.304	0	0	.	.	.
aroC.305	0	0	.	.	.
aroC.306	0	0	.	.	.
aroC.307	0	0	.	.	.
aroC.308	0	0	.	.	.
aroC.309	0	0	.	.	.
aroC.31	0	0	.	.	.
aroC.310	0	0	.	.	.
aroC.311	0	0	.	.	.
aroC.312	0	0	.	.	.
aroC.313	0	0	.	.	.
aroC.314	0	0	.	.	.
aroC.315	0	0	.	.	.
aroC.316	0	0	.	.	.
aroC.317	0	0	.	.	.
aroC.318	0	0	.	.	.
aroC.319	0	0	.	.	.
aroC.32	0	0	.	.	.
aroC.320	0	0	.	.	.
aroC.321	0	0	.	.	.
aroC.322	0	0	.	.	.
aroC.323	0	0	.	.	.
aroC.324	0	0	.	.	.
aroC.325	0	0	.	.	.
aroC.326	0	0	.	.	.
aroC.327	0	0	.	.	.
aroC.328	0	0	.	.	.
aroC.329	0	0	.	.	.
aroC.33	0	0	.	.	.
aroC.330	0	0	.	.	.
aroC.331	0	0	.	.	.
aroC.332	0	0	.	.	.
aroC.333	0	0	.	.	.
aroC.334	0	0	.	.	.
aroC.335	0	0	.	.	.
aroC.336	0	0	.	.	.
aroC.337	0	0	.	.	.
aroC.338	0	0	.	.	.
aroC.339	0	0	.	.	.
aroC.34	0	0	.	.	.
aroC.340	0	0	.	.	.
aroC.341	0	0	.	.	.
aroC.342	0	0	.	.	.
aroC.343	0	0	.	.	.
aroC.344	0	0	.	.	.
aroC.345	0	0	.	.	.
aroC.346	0	0	.	.	.
aroC.347	0	0	.	.	.
aroC.348	0	0	.	.	.
aroC.349	0	0	.	.	.
aroC.35	0	0	.	.	.
aroC.350	0	0	.	.	.
aroC.351	0	0	.	.	.
aroC.352	0	0	.	.	.
aroC.353	0	0	.	.	.
aroC.354	0	0	.	.	.
aroC.355	0	0	.	.	.
aroC.356	0	0	.	.	.
aroC.357	0	0	.	.	.
aroC.358	0	0	.	.	.
aroC.359	0	0	.	.	.
aroC.36	0	0	.	.	.
aroC.360	0	0	.	.	.
aroC.361	0	0	.	.	.
aroC.362	0	0	.	.	.
aroC.363	0	0	.	.	.
aroC.364	0	0	.	.	.
aroC.365	0	0	.	.	.
aroC.366	0	0	.	.	.
aroC.367	0	0	.	.	.
aroC.368	0	0	.	.	.
aroC.369	0	0	.	.	.
aroC.37	0	0	.	.	.
aroC.371	0	0	.	.	.
aroC.372	0	0	.	.	.
aroC.373	0	0	.	.	.
aroC.374	0	0	.	.	.
aroC.375	0	0	.	.	.
aroC.376	0	0	.	.	.
aroC.377	0	0	.	.	.
aroC.378	0	0	.	.	.
aroC.379	0	0	.	.	.
aroC.38	0	0	.	.	.
aroC.380	0	0	.	.	.
aroC.381	0	0	.	.	.
aroC.382	0	0	.	.	.
aroC.383	0	0	.	.	.
aroC.384	0	0	.	.	.
aroC.385	0	0	.	.	.
aroC.386	0	0	.	.	.
aroC.387	0	0	.	.	.
aroC.388	0	0	.	.	.
aroC.389	0	0	.	.	.
aroC.39	0	0	.	.	.
aroC.390	0	0	.	.	.
aroC.391	0	0	.	.	.
aroC.392	0	0	.	.	.
aroC.393	0	0	.	.	.
aroC.394	0	0	.	.	.
aroC.395	0	0	.	.	.
aroC.396	0	0	.	.	.
aroC.397	0	0	.	.	.
aroC.398	0	0	.	.	.
aroC.399	0	0	.	.	.
aroC.4	0	0	.	.	.
aroC.40	0	0	.	.	.
aroC.400	0	0	.	.	.
aroC.401	0	0	.	.	.
aroC.402	0	0	.	.	.
aroC.403	0	0	.	.	.
aroC.404	0	0	.	.	.
aroC.405	0	0	.	.	.
aroC.406	0	0	.	.	.
aroC.407	0	0	.	.	.
aroC.408	0	0	.	.	.
aroC.409	0	0	.	.	.
aroC.41	0	0	.	.	.
aroC.410	0	0	.	.	.
aroC.411	0	0	.	.	.
aroC.412	0	0	.	.	.
aroC.413	0	0	.	.	.
aroC.414	0	0	.	.	.
aroC.415	0	0	.	.	.
aroC.416	0	0	.	.	.
aroC.417	0	0	.	.	.
aroC.418	0	0	.	.	.
aroC.419	0	0	.	.	.
aroC.42	0	0	.	.	.
aroC.420	0	0	.	.	.
aroC.421	0	0	.	.	.
aroC.422	0	0	.	.	.
aroC.423	0	0	.	.	.
aroC.426	0	0	.	.	.
aroC.428	0	0	.	.	.
aroC.429	0	0	.	.	.
aroC.43	0	0	.	.	.
aroC.430	0	0	.	.	.
aroC.431	0	0	.	.	.
aroC.433	0	0	.	.	.
aroC.434	0	0	.	.	.
aroC.435	0	0	.	.	.
aroC.436	0	0	.	.	.
aroC.437	0	0	.	.	.
aroC.438	0	0	.	.	.
aroC.439	0	0	.	.	.
aroC.44	0	0	.	.	.
aroC.440	0	0	.	.	.
aroC.441	0	0	.	.	.
aroC.442	0	0	.	.	.
aroC.443	0	0	.	.	.
aroC.444	0	0	.	.	.
aroC.445	0	0	.	.	.
aroC.446	0	0	.	.	.
aroC.447	0	0	.	.	.
aroC.448	0	0	.	.	.
aroC.449	0	0	.	.	.
aroC.45	0	0	.	.	.
aroC.450	0	0	.	.	.
aroC.451	0	0	.	.	.
aroC.452	0	0	.	.	.
aroC.453	0	0	.	.	.
aroC.454	0	0	.	.	.
aroC.457	0	0	.	.	.
aroC.46	0	0	.	.	.
aroC.462	0	0	.	.	.
aroC.463	0	0	.	.	.
aroC.464	0	0	.	.	.
aroC.465	0	0	.	.	.
aroC.466	0	0	.	.	.
aroC.467	0	0	.	.	.
aroC.468	0	0	.	.	.
aroC.469	0	0	.	.	.
aroC.47	0	0	.	.	.
aroC.470	0	0	.	.	.
aroC.471	0	0	.	.	.
aroC.472	0	0	.	.	.
aroC.473	0	0	.	.	.
aroC.474	0	0	.	.	.
aroC.475	0	0	.	.	.
aroC.476	0	0	.	.	.
aroC.477	0	0	.	.	.
aroC.478	0	0	.	.	.
aroC.479	0	0	.	.	.
aroC.48	0	0	.	.	.
aroC.480	0	0	.	.	.
aroC.481	0	0	.	.	.
aroC.482	0	0	.	.	.
aroC.483	0	0	.	.	.
aroC.484	0	0	.	.	.
aroC.485	0	0	.	.	.
aroC.486	0	0	.	.	.
aroC.487	0	0	.	.	.
aroC.488	0	0	.	.	.
aroC.49	0	0	.	.	.
aroC.490	0	0	.	.	.
aroC.491	0	0	.	.	.
aroC.492	0	0	.	.	.
aroC.493	0	0	.	.	.
aroC.494	0	0	.	.	.
aroC.495	0	0	.	.	.
aroC.496	0	0	.	.	.
aroC.497	0	0	.	.	.
aroC.499	0	0	.	.	.
aroC.5	0	0	.	.	.
aroC.50	0	0	.	.	.
aroC.501	0	0	.	.	.
aroC.502	0	0	.	.	.
aroC.503	0	0	.	.	.
aroC.504	0	0	.	.	.
aroC.505	0	0	.	.	.
aroC.507	0	0	.	.	.
aroC.509	0	0	.	.	.
aroC.51	0	0	.	.	.
aroC.510	0	0	.	.	.
aroC.511	0	0	.	.	.
aroC.512	0	0	.	.	.
aroC.514	0	0	.	.	.
aroC.515	0	0	.	.	.
aroC.516	0	0	.	.	.
aroC.517	0	0	.	.	.
aroC.518	0	0	.	.	.
aroC.519	0	0	.	.	.
aroC.52	0	0	.	.	.
aroC.520	0	0	.	.	.
aroC.521	0	0	.	.	.
aroC.522	0	0	.	.	.
aroC.523	0	0	.	.	.
aroC.524	0	0	.	.	.
aroC.525	0	0	.	.	.
aroC.526	0	0	.	.	.
aroC.527	0	0	.	.	.
aroC.528	0	0	.	.	.
aroC.529	0	0	.	.	.
aroC.53	0	0	.	.	.
aroC.530	0	0	.	.	.
aroC.531	0	0	.	.	.
aroC.532	0	0	.	.	.
aroC.533	0	0	.	.	.
aroC.534	0	0	.	.	.
aroC.535	0	0	.	.	.
aroC.536	0	0	.	.	.
aroC.537	0	0	.	.	.
aroC.538	0	0	.	.	.
aroC.54	0	0	.	.	.
aroC.541	0	0	.	.	.
aroC.542	0	0	.	.	.
aroC.543	0	0	.	.	.
aroC.544	0	0	.	.	.
aroC.545	0	0	.	.	.
aroC.546	0	0	.	.	.
aroC.547	0	0	.	.	.
aroC.548	0	0	.	.	.
aroC.549	0	0	.	.	.
aroC.55	0	0	.	.	.
aroC.550	0	0	.	.	.
aroC.551	0	0	.	.	.
aroC.552	0	0	.	.	.
aroC.553	0	0	.	.	.
aroC.554	0	0	.	.	.
aroC.555	0	0	.	.	.
aroC.556	0	0	.	.	.
aroC.557	0	0	.	.	.
aroC.558	0	0	.	.	.
aroC.559	0	0	.	.	.
aroC.56	0	0	.	.	.
aroC.560	0	0	.	.	.
aroC.562	0	0	.	.	.
aroC.563	0	0	.	.	.
aroC.564	0	0	.	.	.
aroC.565	0	0	.	.	.
aroC.566	0	0	.	.	.
aroC.567	0	0	.	.	.
aroC.568	0	0	.	.	.
aroC.569	0	0	.	.	.
aroC.57	0	0	.	.	.
aroC.570	0	0	.	.	.
aroC.571	0	0	.	.	.
aroC.572	0	0	.	.	.
aroC.575	0	0	.	.	.
aroC.576	0	0	.	.	.
aroC.579	0	0	.	.	.
aroC.58	0	0	.	.	.
aroC.580	0	0	.	.	.
aroC.581	0	0	.	.	.
aroC.582	0	0	.	.	.
aroC.583	0	0	.	.	.
aroC.584	0	0	.	.	.
aroC.585	0	0	.	.	.
aroC.587	0	0	.	.	.
aroC.59	0	0	.	.	.
aroC.590	0	0	.	.	.
aroC.592	0	0	.	.	.
aroC.594	0	0	.	.	.
aroC.595	0	0	.	.	.
aroC.597	0	0	.	.	.
aroC.598	0	0	.	.	.
aroC.599	0	0	.	.	.
aroC.6	0	0	.	.	.
aroC.60	0	0	.	.	.
aroC.602	0	0	.	.	.
aroC.604	0	0	.	.	.
aroC.608	0	0	.	.	.
aroC.609	0	0	.	.	.
aroC.61	0	0	.	.	.
aroC.611	0	0	.	.	.
aroC.614	0	0	.	.	.
aroC.618	0	0	.	.	.
aroC.619	0	0	.	.	.
aroC.62	0	0	.	.	.
aroC.620	0	0	.	.	.
aroC.621	0	0	.	.	.
aroC.622	0	0	.	.	.
aroC.623	0	0	.	.	.
aroC.624	0	0	.	.	.
aroC.625	0	0	.	.	.
aroC.626	0	0	.	.	.
aroC.627	0	0	.	.	.
aroC.628	0	0	.	.	.
aroC.629	0	0	.	.	.
aroC.63	0	0	.	.	.
aroC.630	0	0	.	.	.
aroC.631	0	0	.	.	.
aroC.632	0	0	.	.	.
aroC.634	0	0	.	.	.
aroC.64	0	0	.	.	.
aroC.640	0	0	.	.	.
aroC.641	0	0	.	.	.
aroC.643	0	0	.	.	.
aroC.646	0	0	.	.	.
aroC.647	0	0	.	.	.
aroC.648	0	0	.	.	.
aroC.649	0	0	.	.	.
aroC.65	0	0	.	.	.
aroC.650	0	0	.	.	.
aroC.651	0	0	.	.	.
aroC.652	0	0	.	.	.
aroC.653	0	0	.	.	.
aroC.654	0	0	.	.	.
aroC.655	0	0	.	.	.
aroC.658	0	0	.	.	.
aroC.659	0	0	.	.	.
aroC.66	0	0	.	.	.
aroC.660	0	0	.	.	.
aroC.662	0	0	.	.	.
aroC.663	0	0	.	.	.
aroC.664	0	0	.	.	.
aroC.665	0	0	.	.	.
aroC.666	0	0	.	.	.
aroC.667	0	0	.	.	.
aroC.668	0	0	.	.	.
aroC.669	0	0	.	.	.
aroC.67	0	0	.	.	.
aroC.670	0	0	.	.	.
aroC.672	0	0	.	.	.
aroC.673	0	0	.	.	.
aroC.674	0	0	.	.	.
aroC.675	0	0	.	.	.
aroC.676	0	0	.	.	.
aroC.678	0	0	.	.	.
aroC.679	0	0	.	.	.
aroC.68	0	0	.	.	.
aroC.680	0	0	.	.	.
aroC.681	0	0	.	.	.
aroC.683	0	0	.	.	.
aroC.685	0	0	.	.	.
aroC.688	0	0	.	.	.
aroC.689	0	0	.	.	.
aroC.69	0	0	.	.	.
aroC.690	0	0	.	.	.
aroC.691	0	0	.	.	.
aroC.692	0	0	.	.	.
aroC.693	0	0	.	.	.
aroC.694	0	0	.	.	.
aroC.696	0	0	.	.	.
aroC.698	0	0	.	.	.
aroC.699	0	0	.	.	.
aroC.7	0	0	.	.	.
aroC.70	0	0	.	.	.
aroC.700	0	0	.	.	.
aroC.701	0	0	.	.	.
aroC.702	0	0	.	.	.
aroC.704	0	0	.	.	.
aroC.705	0	0	.	.	.
aroC.706	0	0	.	.	.
aroC.708	0	0	.	.	.
aroC.71	0	0	.	.	.
aroC.710	0	0	.	.	.
aroC.711	0	0	.	.	.
aroC.713	0	0	.	.	.
aroC.716	0	0	.	.	.
aroC.718	0	0	.	.	.
aroC.719	0	0	.	.	.
aroC.72	0	0	.	.	.
aroC.720	0	0	.	.	.
aroC.721	0	0	.	.	.
aroC.722	0	0	.	.	.
aroC.723	0	0	.	.	.
aroC.724	0	0	.	.	.
aroC.725	0	0	.	.	.
aroC.726	0	0	.	.	.
aroC.727	0	0	.	.	.
aroC.729	0	0	.	.	.
aroC.73	0	0	.	.	.
aroC.731	0	0	.	.	.
aroC.732	0	0	.	.	.
aroC.734	0	0	.	.	.
aroC.735	0	0	.	.	.
aroC.736	0	0	.	.	.
aroC.738	0	0	.	.	.
aroC.739	0	0	.	.	.
aroC.74	0	0	.	.	.
aroC.740	0	0	.	.	.
aroC.742	0	0	.	.	.
aroC.747	0	0	.	.	.
aroC.748	0	0	.	.	.
aroC.749	0	0	.	.	.
aroC.75	0	0	.	.	.
aroC.750	0	0	.	.	.
aroC.751	0	0	.	.	.
aroC.752	0	0	.	.	.
aroC.753	0	0	.	.	.
aroC.754	0	0	.	.	.
aroC.755	0	0	.	.	.
aroC.756	0	0	.	.	.
aroC.757	0	0	.	.	.
aroC.758	0	0	.	.	.
aroC.759	0	0	.	.	.
aroC.76	0	0	.	.	.
aroC.760	0	0	.	.	.
aroC.761	0	0	.	.	.
aroC.762	0	0	.	.	.
aroC.763	0	0	.	.	.
aroC.764	0	0	.	.	.
aroC.765	0	0	.	.	.
aroC.766	0	0	.	.	.
aroC.767	0	0	.	.	.
aroC.768	0	0	.	.	.
aroC.769	0	0	.	.	.
aroC.77	0	0	.	.	.
aroC.770	0	0	.	.	.
aroC.771	0	0	.	.	.
aroC.772	0	0	.	.	.
aroC.773	0	0	.	.	.
aroC.774	0	0	.	.	.
aroC.775	0	0	.	.	.
aroC.78	0	0	.	.	.
aroC.79	0	0	.	.	.
aroC.8	0	0	.	.	.
aroC.80	0	0	.	.	.
aroC.81	0	0	.	.	.
aroC.82	0	0	.	.	.
aroC.83	0	0	.	.	.
aroC.84	0	0	.	.	.
aroC.85	0	0	.	.	.
aroC.86	0	0	.	.	.
aroC.87	0	0	.	.	.
aroC.88	0	0	.	.	.
aroC.89	0	0	.	.	.
aroC.9	0	0	.	.	.
aroC.90	0	0	.	.	.
aroC.91	0	0	.	.	.
aroC.92	0	0	.	.	.
aroC.93	0	0	.	.	.
aroC.94	0	0	.	.	.
aroC.95	0	0	.	.	.
aroC.96	0	0	.	.	.
aroC.97	0	0	.	.	.
aroC.98	0	0	.	.	.
aroC.99	0	0	.	.	.
dnaN.1	0	0	.	.	.
dnaN.10	0	0	.	.	.
dnaN.100	0	0	.	.	.
dnaN.101	0	0	.	.	.
dnaN.102	0	0	.	.	.
dnaN.103	0	0	.	.	.
dnaN.104	0	0	.	.	.
dnaN.105	0	0	.	.	.
dnaN.106	0	0	.	.	.
dnaN.107	0	0	.	.	.
dnaN.108	0	0	.	.	.
dnaN.109	0	0	.	.	.
dnaN.11	0	0	.	.	.
dnaN.110	0	0	.	.	.
dnaN.111	0	0	.	.	.
dnaN.112	0	0	.	.	.
dnaN.113	0	0	.	.	.
dnaN.114	0	0	.	.	.
dnaN.115	0	0	.	.	.
dnaN.116	0	0	.	.	.
dnaN.117	0	0	.	.	.
dnaN.118	0	0	.	.	.
dnaN.119	0	0	.	.	.
dnaN.12	0	0	.	.	.
dnaN.120	0	0	.	.	.
dnaN.121	0	0	.	.	.
dnaN.122	0	0	.	.	.
dnaN.123	0	0	.	.	.
dnaN.124	0	0	.	.	.
dnaN.125	0	0	.	.	.
dnaN.126	0	0	.	.	.
dnaN.127	0	0	.	.	.
dnaN.128	0	0	.	.	.
dnaN.129	0	0	.	.	.
dnaN.13	0	0	.	.	.
dnaN.130	0	0	.	.	.
dnaN.131	0	0	.	.	.
dnaN.132	0	0	.	.	.
dnaN.133	0	0	.	.	.
dnaN.134	0	0	.	.	.
dnaN.135	0	0	.	.	.
dnaN.136	0	0	.	.	.
dnaN.137	0	0	.	.	.
dnaN.138	0	0	.	.	.
dnaN.139	0	0	.	.	.
dnaN.14	0	0	.	.	.
dnaN.140	0	0	.	.	.
dnaN.141	0	0	.	.	.
dnaN.142	0	0	.	.	.
dnaN.143	0	0	.	.	.
dnaN.144	0	0	.	.	.
dnaN.145	0	0	.	.	.
dnaN.146	0	0	.	.	.
dnaN.147	0	0	.	.	.
dnaN.148	0	0	.	.	.
dnaN.149	0	0	.	.	.
dnaN.15	0	0	.	.	.
dnaN.150	0	0	.	.	.
dnaN.151	0	0	.	.	.
dnaN.152	0	0	.	.	.
dnaN.153	0	0	.	.	.
dnaN.154	0	0	.	.	.
dnaN.155	0	0	.	.	.
dnaN.156	0	0	.	.	.
dnaN.157	0	0	.	.	.
dnaN.159	0	0	.	.	.
dnaN.16	0	0	.	.	.
dnaN.160	0	0	.	.	.
dnaN.161	0	0	.	.	.
dnaN.162	0	0	.	.	.
dnaN.163	0	0	.	.	.
dnaN.164	0	0	.	.	.
dnaN.165	0	0	.	.	.
dnaN.166	0	0	.	.	.
dnaN.167	0	0	.	.	.
dnaN.168	0	0	.	.	.
dnaN.169	0	0	.	.	.
dnaN.17	0	0	.	.	.
dnaN.170	0	0	.	.	.
dnaN.171	0	0	.	.	.
dnaN.172	0	0	.	.	.
dnaN.173	0	0	.	.	.
dnaN.174	0	0	.	.	.
dnaN.175	0	0	.	.	.
dnaN.176	0	0	.	.	.
dnaN.177	0	0	.	.	.
dnaN.178	0	0	.	.	.
dnaN.179	0	0	.	.	.
dnaN.18	0	0	.	.	.
dnaN.180	0	0	.	.	.
dnaN.181	0	0	.	.	.
dnaN.182	0	0	.	.	.
dnaN.183	0	0	.	.	.
dnaN.184	0	0	.	.	.
dnaN.187	0	0	.	.	.
dnaN.188	0	0	.	.	.
dnaN.189	0	0	.	.	.
dnaN.19	0	0	.	.	.
dnaN.190	0	0	.	.	.
dnaN.191	0	0	.	.	.
dnaN.192	0	0	.	.	.
dnaN.193	0	0	.	.	.
dnaN.194	0	0	.	.	.
dnaN.195	0	0	.	.	.
dnaN.196	0	0	.	.	.
dnaN.197	0	0	.	.	.
dnaN.198	0	0	.	.	.
dnaN.199	0	0	.	.	.
dnaN.2	0	0	.	.	.
dnaN.20	0	0	.	.	.
dnaN.200	0	0	.	.	.
dnaN.201	0	0	.	.	.
dnaN.202	0	0	.	.	.
dnaN.203	0	0	.	.	.
dnaN.204	0	0	.	.	.
dnaN.205	0	0	.	.	.
dnaN.206	0	0	.	.	.
dnaN.208	0	0	.	.	.
dnaN.209	0	0	.	.	.
dnaN.21	0	0	.	.	.
dnaN.210	0	0	.	.	.
dnaN.211	0	0	.	.	.
dnaN.212	0	0	.	.	.
dnaN.213	0	0	.	.	.
dnaN.214	0	0	.	.	.
dnaN.215	0	0	.	.	.
dnaN.216	0	0	.	.	.
dnaN.218	0	0	.	.	.
dnaN.22	0	0	.	.	.
dnaN.220	0	0	.	.	.
dnaN.221	0	0	.	.	.
dnaN.222	0	0	.	.	.
dnaN.223	0	0	.	.	.
dnaN.224	0	0	.	.	.
dnaN.225	0	0	.	.	.
dnaN.226	0	0	.	.	.
dnaN.227	0	0	.	.	.
dnaN.228	0	0	.	.	.
dnaN.229	0	0	.	.	.
dnaN.23	0	0	.	.	.
dnaN.230	0	0	.	.	.
dnaN.231	0	0	.	.	.
dnaN.232	0	0	.	.	.
dnaN.233	0	0	.	.	.
dnaN.234	0	0	.	.	.
dnaN.236	0	0	.	.	.
dnaN.237	0	0	.	.	.
dnaN.238	0	0	.	.	.
dnaN.239	0	0	.	.	.
dnaN.24	0	0	.	.	.
dnaN.240	0	0	.	.	.
dnaN.241	0	0	.	.	.
dnaN.242	0	0	.	.	.
dnaN.243	0	0	.	.	.
dnaN.244	0	0	.	.	.
dnaN.245	0	0	.	.	.
dnaN.246	0	0	.	.	.
dnaN.247	0	0	.	.	.
dnaN.248	0	0	.	.	.
dnaN.249	0	0	.	.	.
dnaN.25	0	0	.	.	.
dnaN.250	0	0	.	.	.
dnaN.251	0	0	.	.	.
dnaN.252	0	0	.	.	.
dnaN.253	0	0	.	.	.
dnaN.254	0	0	.	.	.
dnaN.255	0	0	.	.	.
dnaN.256	0	0	.	.	.
dnaN.257	0	0	.	.	.
dnaN.258	0	0	.	.	.
dnaN.259	0	0	.	.	.
dnaN.26	0	0	.	.	.
dnaN.260	0	0	.	.	.
dnaN.261	0	0	.	.	.
dnaN.263	0	0	.	.	.
dnaN.264	0	0	.	.	.
dnaN.265	0	0	.	.	.
dnaN.266	0	0	.	.	.
dnaN.267	0	0	.	.	.
dnaN.268	0	0	.	.	.
dnaN.269	0	0	.	.	.
dnaN.27	0	0	.	.	.
dnaN.270	0	0	.	.	.
dnaN.271	0	0	.	.	.
dnaN.272	0	0	.	.	.
dnaN.273	0	0	.	.	.
dnaN.274	0	0	.	.	.
dnaN.275	0	0	.	.	.
dnaN.276	0	0	.	.	.
dnaN.277	0	0	.	.	.
dnaN.278	0	0	.	.	.
dnaN.28	0	0	.	.	.
dnaN.280	0	0	.	.	.
dnaN.281	0	0	.	.	.
dnaN.282	0	0	.	.	.
dnaN.283	0	0	.	.	.
dnaN.284	0	0	.	.	.
dnaN.285	0	0	.	.	.
dnaN.286	0	0	.	.	.
dnaN.287	0	0	.	.	.
dnaN.288	0	0	.	.	.
dnaN.289	0	0	.	.	.
dnaN.29	0	0	.	.	.
dnaN.290	0	0	.	.	.
dnaN.291	0	0	.	.	.
dnaN.292	0	0	.	.	.
dnaN.293	0	0	.	.	.
dnaN.294	0	0	.	.	.
dnaN.295	0	0	.	.	.
dnaN.296	0	0	.	.	.
dnaN.297	0	0	.	.	.
dnaN.298	0	0	.	.	.
dnaN.299	0	0	.	.	.
dnaN.3	0	0	.	.	.
dnaN.30	0	0	.	.	.
dnaN.300	0	0	.	.	.
dnaN.301	0	0	.	.	.
dnaN.302	0	0	.	.	.
dnaN.303	0	0	.	.	.
dnaN.304	0	0	.	.	.
dnaN.305	0	0	.	.	.
dnaN.306	0	0	.	.	.
dnaN.307	0	0	.	.	.
dnaN.308	0	0	.	.	.
dnaN.309	0	0	.	.	.
dnaN.31	0	0	.	.	.
dnaN.310	0	0	.	.	.
dnaN.311	0	0	.	.	.
dnaN.312	0	0	.	.	.
dnaN.313	0	0	.	.	.
dnaN.314	0	0	.	.	.
dnaN.315	0	0	.	.	.
dnaN.316	0	0	.	.	.
dnaN.317	0	0	.	.	.
dnaN.318	0	0	.	.	.
dnaN.319	0	0	.	.	.
dnaN.32	0	0	.	.	.
dnaN.320	0	0	.	.	.
dnaN.321	0	0	.	.	.
dnaN.322	0	0	.	.	.
dnaN.323	0	0	.	.	.
dnaN.324	0	0	.	.	.
dnaN.325	0	0	.	.	.
dnaN.326	0	0	.	.	.
dnaN.327	0	0	.	.	.
dnaN.328	0	0	.	.	.
dnaN.329	0	0	.	.	.
dnaN.33	0	0	.	.	.
dnaN.330	0	0	.	.	.
dnaN.331	0	0	.	.	.
dnaN.332	0	0	.	.	.
dnaN.333	0	0	.	.	.
dnaN.334	0	0	.	.	.
dnaN.335	0	0	.	.	.
dnaN.336	0	0	.	.	.
dnaN.337	0	0	.	.	.
dnaN.338	0	0	.	.	.
dnaN.339	0	0	.	.	.
dnaN.34	0	0	.	.	.
dnaN.340	0	0	.	.	.
dnaN.341	0	0	.	.	.
dnaN.342	0	0	.	.	.
dnaN.343	0	0	.	.	.
dnaN.344	0	0	.	.	.
dnaN.345	0	0	.	.	.
dnaN.346	0	0	.	.	.
dnaN.347	0	0	.	.	.
dnaN.348	0	0	.	.	.
dnaN.349	0	0	.	.	.
dnaN.35	0	0	.	.	.
dnaN.350	0	0	.	.	.
dnaN.351	0	0	.	.	.
dnaN.352	0	0	.	.	.
dnaN.353	0	0	.	.	.
dnaN.354	0	0	.	.	.
dnaN.355	0	0	.	.	.
dnaN.356	0	0	.	.	.
dnaN.357	0	0	.	.	.
dnaN.358	0	0	.	.	.
dnaN.359	0	0	.	.	.
dnaN.36	0	0	.	.	.
dnaN.360	0	0	.	.	.
dnaN.361	0	0	.	.	.
dnaN.362	0	0	.	.	.
dnaN.363	0	0	.	.	.
dnaN.364	0	0	.	.	.
dnaN.365	0	0	.	.	.
dnaN.366	0	0	.	.	.
dnaN.367	0	0	.	.	.
dnaN.368	0	0	.	.	.
dnaN.369	0	0	.	.	.
dnaN.37	0	0	.	.	.
dnaN.370	0	0	.	.	.
dnaN.371	0	0	.	.	.
dnaN.372	0	0	.	.	.
dnaN.373	0	0	.	.	.
dnaN.374	0	0	.	.	.
dnaN.375	0	0	.	.	.
dnaN.376	0	0	.	.	.
dnaN.377	0	0	.	.	.
dnaN.378	0	0	.	.	.
dnaN.379	0	0	.	.	.
dnaN.38	0	0	.	.	.
dnaN.380	0	0	.	.	.
dnaN.381	0	0	.	.	.
dnaN.382	0	0	.	.	.
dnaN.383	0	0	.	.	.
dnaN.384	0	0	.	.	.
dnaN.385	0	0	.	.	.
dnaN.386	0	0	.	.	.
dnaN.389	0	0	.	.	.
dnaN.39	0	0	.	.	.
dnaN.390	0	0	.	.	.
dnaN.391	0	0	.	.	.
dnaN.392	0	0	.	.	.
dnaN.393	0	0	.	.	.
dnaN.394	0	0	.	.	.
dnaN.395	0	0	.	.	.
dnaN.396	0	0	.	.	.
dnaN.399	0	0	.	.	.
dnaN.4	0	0	.	.	.
dnaN.40	0	0	.	.	.
dnaN.400	0	0	.	.	.
dnaN.402	0	0	.	.	.
dnaN.404	0	0	.	.	.
dnaN.405	0	0	.	.	.
dnaN.406	0	0	.	.	.
dnaN.407	0	0	.	.	.
dnaN.408	0	0	.	.	.
dnaN.409	0	0	.	.	.
dnaN.41	0	0	.	.	.
dnaN.410	0	0	.	.	.
dnaN.411	0	0	.	.	.
dnaN.413	0	0	.	.	.
dnaN.414	0	0	.	.	.
dnaN.415	0	0	.	.	.
dnaN.416	0	0	.	.	.
dnaN.417	0	0	.	.	.
dnaN.418	0	0	.	.	.
dnaN.419	0	0	.	.	.
dnaN.42	0	0	.	.	.
dnaN.420	0	0	.	.	.
dnaN.421	0	0	.	.	.
dnaN.422	0	0	.	.	.
dnaN.423	0	0	.	.	.
dnaN.424	0	0	.	.	.
dnaN.425	0	0	.	.	.
dnaN.426	0	0	.	.	.
dnaN.427	0	0	.	.	.
dnaN.428	0	0	.	.	.
dnaN.429	0	0	.	.	.
dnaN.43	0	0	.	.	.
dnaN.430	0	0	.	.	.
dnaN.431	0	0	.	.	.
dnaN.432	0	0	.	.	.
dnaN.433	0	0	.	.	.
dnaN.434	0	0	.	.	.
dnaN.435	0	0	.	.	.
dnaN.436	0	0	.	.	.
dnaN.437	0	0	.	.	.
dnaN.438	0	0	.	.	.
dnaN.439	0	0	.	.	.
dnaN.44	0	0	.	.	.
dnaN.440	0	0	.	.	.
dnaN.441	0	0	.	.	.
dnaN.442	0	0	.	.	.
dnaN.443	0	0	.	.	.
dnaN.444	0	0	.	.	.
dnaN.445	0	0	.	.	.
dnaN.446	0	0	.	.	.
dnaN.447	0	0	.	.	.
dnaN.448	0	0	.	.	.
dnaN.449	0	0	.	.	.
dnaN.45	0	0	.	.	.
dnaN.450	0	0	.	.	.
dnaN.451	0	0	.	.	.
dnaN.452	0	0	.	.	.
dnaN.453	0	0	.	.	.
dnaN.454	0	0	.	.	.
dnaN.455	0	0	.	.	.
dnaN.456	0	0	.	.	.
dnaN.457	0	0	.	.	.
dnaN.458	0	0	.	.	.
dnaN.459	0	0	.	.	.
dnaN.46	0	0	.	.	.
dnaN.460	0	0	.	.	.
dnaN.462	0	0	.	.	.
dnaN.463	0	0	.	.	.
dnaN.464	0	0	.	.	.
dnaN.465	0	0	.	.	.
dnaN.466	0	0	.	.	.
dnaN.467	0	0	.	.	.
dnaN.468	0	0	.	.	.
dnaN.469	0	0	.	.	.
dnaN.47	0	0	.	.	.
dnaN.470	0	0	.	.	.
dnaN.472	0	0	.	.	.
dnaN.473	0	0	.	.	.
dnaN.474	0	0	.	.	.
dnaN.475	0	0	.	.	.
dnaN.476	0	0	.	.	.
dnaN.477	0	0	.	.	.
dnaN.478	0	0	.	.	.
dnaN.479	0	0	.	.	.
dnaN.48	0	0	.	.	.
dnaN.481	0	0	.	.	.
dnaN.482	0	0	.	.	.
dnaN.483	0	0	.	.	.
dnaN.484	0	0	.	.	.
dnaN.485	0	0	.	.	.
dnaN.486	0	0	.	.	.
dnaN.487	0	0	.	.	.
dnaN.488	0	0	.	.	.
dnaN.489	0	0	.	.	.
dnaN.49	0	0	.	.	.
dnaN.490	0	0	.	.	.
dnaN.491	0	0	.	.	.
dnaN.492	0	0	.	.	.
dnaN.494	0	0	.	.	.
dnaN.495	0	0	.	.	.
dnaN.496	0	0	.	.	.
dnaN.497	0	0	.	.	.
dnaN.498	0	0	.	.	.
dnaN.499	0	0	.	.	.
dnaN.5	0	0	.	.	.
dnaN.50	0	0	.	.	.
dnaN.500	0	0	.	.	.
dnaN.501	0	0	.	.	.
dnaN.502	0	0	.	.	.
dnaN.503	0	0	.	.	.
dnaN.504	0	0	.	.	.
dnaN.505	0	0	.	.	.
dnaN.506	0	0	.	.	.
dnaN.507	0	0	.	.	.
dnaN.508	0	0	.	.	.
dnaN.509	0	0	.	.	.
dnaN.51	0	0	.	.	.
dnaN.510	0	0	.	.	.
dnaN.511	0	0	.	.	.
dnaN.512	0	0	.	.	.
dnaN.513	0	0	.	.	.
dnaN.514	0	0	.	.	.
dnaN.515	0	0	.	.	.
dnaN.516	0	0	.	.	.
dnaN.517	0	0	.	.	.
dnaN.518	0	0	.	.	.
dnaN.519	0	0	.	.	.
dnaN.52	0	0	.	.	.
dnaN.520	0	0	.	.	.
dnaN.521	0	0	.	.	.
dnaN.522	0	0	.	.	.
dnaN.523	0	0	.	.	.
dnaN.524	0	0	.	.	.
dnaN.525	0	0	.	.	.
dnaN.526	0	0	.	.	.
dnaN.527	0	0	.	.	.
dnaN.528	0	0	.	.	.
dnaN.529	0	0	.	.	.
dnaN.53	0	0	.	.	.
dnaN.530	0	0	.	.	.
dnaN.531	0	0	.	.	.
dnaN.532	0	0	.	.	.
dnaN.534	0	0	.	.	.
dnaN.535	0	0	.	.	.
dnaN.536	0	0	.	.	.
dnaN.537	0	0	.	.	.
dnaN.538	0	0	.	.	.
dnaN.539	0	0	.	.	.
dnaN.54	0	0	.	.	.
dnaN.540	0	0	.	.	.
dnaN.541	0	0	.	.	.
dnaN.542	0	0	.	.	.
dnaN.543	0	0	.	.	.
dnaN.544	0	0	.	.	.
dnaN.545	0	0	.	.	.
dnaN.546	0	0	.	.	.
dnaN.547	0	0	.	.	.
dnaN.548	0	0	.	.	.
dnaN.549	0	0	.	.	.
dnaN.55	0	0	.	.	.
dnaN.550	0	0	.	.	.
dnaN.551	0	0	.	.	.
dnaN.555	0	0	.	.	.
dnaN.557	0	0	.	.	.
dnaN.558	0	0	.	.	.
dnaN.559	0	0	.	.	.
dnaN.56	0	0	.	.	.
dnaN.560	0	0	.	.	.
dnaN.561	0	0	.	.	.
dnaN.563	0	0	.	.	.
dnaN.564	0	0	.	.	.
dnaN.565	0	0	.	.	.
dnaN.567	0	0	.	.	.
dnaN.568	0	0	.	.	.
dnaN.569	0	0	.	.	.
dnaN.57	0	0	.	.	.
dnaN.570	0	0	.	.	.
dnaN.571	0	0	.	.	.
dnaN.573	0	0	.	.	.
dnaN.574	0	0	.	.	.
dnaN.575	0	0	.	.	.
dnaN.576	0	0	.	.	.
dnaN.577	0	0	.	.	.
dnaN.578	0	0	.	.	.
dnaN.579	0	0	.	.	.
dnaN.58	0	0	.	.	.
dnaN.580	0	0	.	.	.
dnaN.581	0	0	.	.	.
dnaN.582	0	0	.	.	.
dnaN.583	0	0	.	.	.
dnaN.584	0	0	.	.	.
dnaN.585	0	0	.	.	.
dnaN.586	0	0	.	.	.
dnaN.587	0	0	.	.	.
dnaN.588	0	0	.	.	.
dnaN.589	0	0	.	.	.
dnaN.59	0	0	.	.	.
dnaN.590	0	0	.	.	.
dnaN.591	0	0	.	.	.
dnaN.592	0	0	.	.	.
dnaN.593	0	0	.	.	.
dnaN.594	0	0	.	.	.
dnaN.595	0	0	.	.	.
dnaN.597	0	0	.	.	.
dnaN.598	0	0	.	.	.
dnaN.599	0	0	.	.	.
dnaN.6	0	0	.	.	.
dnaN.60	0	0	.	.	.
dnaN.600	0	0	.	.	.
dnaN.602	0	0	.	.	.
dnaN.603	0	0	.	.	.
dnaN.604	0	0	.	.	.
dnaN.605	0	0	.	.	.
dnaN.606	0	0	.	.	.
dnaN.607	0	0	.	.	.
dnaN.608	0	0	.	.	.
dnaN.609	0	0	.	.	.
dnaN.61	0	0	.	.	.
dnaN.610	0	0	.	.	.
dnaN.611	0	0	.	.	.
dnaN.612	0	0	.	.	.
dnaN.614	0	0	.	.	.
dnaN.615	0	0	.	.	.
dnaN.616	0	0	.	.	.
dnaN.617	0	0	.	.	.
dnaN.618	0	0	.	.	.
dnaN.619	0	0	.	.	.
dnaN.62	0	0	.	.	.
dnaN.620	0	0	.	.	.
dnaN.621	0	0	.	.	.
dnaN.622	0	0	.	.	.
dnaN.623	0	0	.	.	.
dnaN.624	0	0	.	.	.
dnaN.625	0	0	.	.	.
dnaN.626	0	0	.	.	.
dnaN.627	0	0	.	.	.
dnaN.628	0	0	.	.	.
dnaN.629	0	0	.	.	.
dnaN.63	0	0	.	.	.
dnaN.630	0	0	.	.	.
dnaN.631	0	0	.	.	.
dnaN.632	0	0	.	.	.
dnaN.633	0	0	.	.	.
dnaN.634	0	0	.	.	.
dnaN.635	0	0	.	.	.
dnaN.637	0	0	.	.	.
dnaN.638	0	0	.	.	.
dnaN.639	0	0	.	.	.
dnaN.64	0	0	.	.	.
dnaN.640	0	0	.	.	.
dnaN.641	0	0	.	.	.
dnaN.642	0	0	.	.	.
dnaN.643	0	0	.	.	.
dnaN.644	0	0	.	.	.
dnaN.645	0	0	.	.	.
dnaN.646	0	0	.	.	.
dnaN.647	0	0	.	.	.
dnaN.648	0	0	.	.	.
dnaN.649	0	0	.	.	.
dnaN.65	0	0	.	.	.
dnaN.650	0	0	.	.	.
dnaN.651	0	0	.	.	.
dnaN.652	0	0	.	.	.
dnaN.653	0	0	.	.	.
dnaN.655	0	0	.	.	.
dnaN.656	0	0	.	.	.
dnaN.657	0	0	.	.	.
dnaN.658	0	0	.	.	.
dnaN.659	0	0	.	.	.
dnaN.66	0	0	.	.	.
dnaN.660	0	0	.	.	.
dnaN.661	0	0	.	.	.
dnaN.663	0	0	.	.	.
dnaN.664	0	0	.	.	.
dnaN.665	0	0	.	.	.
dnaN.666	0	0	.	.	.
dnaN.667	0	0	.	.	.
dnaN.668	0	0	.	.	.
dnaN.669	0	0	.	.	.
dnaN.67	0	0	.	.	.
dnaN.670	0	0	.	.	.
dnaN.671	0	0	.	.	.
dnaN.672	0	0	.	.	.
dnaN.673	0	0	.	.	.
dnaN.674	0	0	.	.	.
dnaN.675	0	0	.	.	.
dnaN.676	0	0	.	.	.
dnaN.677	0	0	.	.	.
dnaN.678	0	0	.	.	.
dnaN.679	0	0	.	.	.
dnaN.68	0	0	.	.	.
dnaN.680	0	0	.	.	.
dnaN.681	0	0	.	.	.
dnaN.682	0	0	.	.	.
dnaN.683	0	0	.	.	.
dnaN.684	0	0	.	.	.
dnaN.685	0	0	.	.	.
dnaN.686	0	0	.	.	.
dnaN.687	0	0	.	.	.
dnaN.688	0	0	.	.	.
dnaN.689	0	0	.	.	.
dnaN.69	0	0	.	.	.
dnaN.690	0	0	.	.	.
dnaN.691	0	0	.	.	.
dnaN.692	0	0	.	.	.
dnaN.693	0	0	.	.	.
dnaN.694	0	0	.	.	.
dnaN.695	0	0	.	.	.
dnaN.696	0	0	.	.	.
dnaN.697	0	0	.	.	.
dnaN.698	0	0	.	.	.
dnaN.699	0	0	.	.	.
dnaN.7	0	0	.	.	.
dnaN.70	0	0	.	.	.
dnaN.700	0	0	.	.	.
dnaN.701	0	0	.	.	.
dnaN.702	0	0	.	.	.
dnaN.703	0	0	.	.	.
dnaN.71	0	0	.	.	.
dnaN.72	0	0	.	.	.
dnaN.73	0	0	.	.	.
dnaN.75	0	0	.	.	.
dnaN.76	0	0	.	.	.
dnaN.77	0	0	.	.	.
dnaN.78	0	0	.	.	.
dnaN.79	0	0	.	.	.
dnaN.8	0	0	.	.	.
dnaN.80	0	0	.	.	.
dnaN.81	0	0	.	.	.
dnaN.82	0	0	.	.	.
dnaN.83	0	0	.	.	.
dnaN.84	0	0	.	.	.
dnaN.85	0	0	.	.	.
dnaN.86	0	0	.	.	.
dnaN.87	0	0	.	.	.
dnaN.88	0	0	.	.	.
dnaN.89	0	0	.	.	.
dnaN.9	0	0	.	.	.
dnaN.90	0	0	.	.	.
dnaN.91	0	0	.	.	.
dnaN.92	0	0	.	.	.
dnaN.93	0	0	.	.	.
dnaN.94	0	0	.	.	.
dnaN.95	0	0	.	.	.
dnaN.96	0	0	.	.	.
dnaN.97	0	0	.	.	.
dnaN.98	0	0	.	.	.
dnaN.99	0	0	.	.	.
hemD.1	0	0	.	.	.
hemD.10	0	0	.	.	.
hemD.100	0	0	.	.	.
hemD.101	0	0	.	.	.
hemD.102	0	0	.	.	.
hemD.103	0	0	.	.	.
hemD.104	0	0	.	.	.
hemD.105	0	0	.	.	.
hemD.106	0	0	.	.	.
hemD.107	0	0	.	.	.
hemD.108	0	0	.	.	.
hemD.109	0	0	.	.	.
hemD.11	0	0	.	.	.
hemD.110	0	0	.	.	.
hemD.111	0	0	.	.	.
hemD.112	0	0	.	.	.
hemD.113	0	0	.	.	.
hemD.114	0	0	.	.	.
hemD.115	0	0	.	.	.
hemD.116	0	0	.	.	.
hemD.117	0	0	.	.	.
hemD.118	0	0	.	.	.
hemD.119	0	0	.	.	.
hemD.12	0	0	.	.	.
hemD.120	0	0	.	.	.
hemD.121	0	0	.	.	.
hemD.122	0	0	.	.	.
hemD.123	0	0	.	.	.
hemD.124	0	0	.	.	.
hemD.125	0	0	.	.	.
hemD.126	0	0	.	.	.
hemD.127	0	0	.	.	.
hemD.128	0	0	.	.	.
hemD.129	0	0	.	.	.
hemD.13	0	0	.	.	.
hemD.130	0	0	.	.	.
hemD.131	0	0	.	.	.
hemD.132	0	0	.	.	.
hemD.133	0	0	.	.	.
hemD.134	0	0	.	.	.
hemD.135	0	0	.	.	.
hemD.136	0	0	.	.	.
hemD.137	0	0	.	.	.
hemD.138	0	0	.	.	.
hemD.139	0	0	.	.	.
hemD.14	0	0	.	.	.
hemD.140	0	0	.	.	.
hemD.141	0	0	.	.	.
hemD.142	0	0	.	.	.
hemD.143	0	0	.	.	.
hemD.144	0	0	.	.	.
hemD.145	0	0	.	.	.
hemD.146	0	0	.	.	.
hemD.147	0	0	.	.	.
hemD.148	0	0	.	.	.
hemD.149	0	0	.	.	.
hemD.15	0	0	.	.	.
hemD.150	0	0	.	.	.
hemD.151	0	0	.	.	.
hemD.152	0	0	.	.	.
hemD.153	0	0	.	.	.
hemD.154	0	0	.	.	.
hemD.155	0	0	.	.	.
hemD.156	0	0	.	.	.
hemD.157	0	0	.	.	.
hemD.158	0	0	.	.	.
hemD.159	0	0	.	.	.
hemD.16	0	0	.	.	.
hemD.163	0	0	.	.	.
hemD.164	0	0	.	.	.
hemD.165	0	0	.	.	.
hemD.166	0	0	.	.	.
hemD.168	0	0	.	.	.
hemD.169	0	0	.	.	.
hemD.17	0	0	.	.	.
hemD.170	0	0	.	.	.
hemD.171	0	0	.	.	.
hemD.172	0	0	.	.	.
hemD.173	0	0	.	.	.
hemD.174	0	0	.	.	.
hemD.175	0	0	.	.	.
hemD.176	0	0	.	.	.
hemD.177	0	0	.	.	.
hemD.178	0	0	.	.	.
hemD.179	0	0	.	.	.
hemD.18	0	0	.	.	.
hemD.180	0	0	.	.	.
hemD.181	0	0	.	.	.
hemD.182	0	0	.	.	.
hemD.183	0	0	.	.	.
hemD.184	0	0	.	.	.
hemD.185	0	0	.	.	.
hemD.186	0	0	.	.	.
hemD.187	0	0	.	.	.
hemD.188	0	0	.	.	.
hemD.189	0	0	.	.	.
hemD.19	0	0	.	.	.
hemD.190	0	0	.	.	.
hemD.191	0	0	.	.	.
hemD.192	0	0	.	.	.
hemD.193	0	0	.	.	.
hemD.194	0	0	.	.	.
hemD.195	0	0	.	.	.
hemD.197	0	0	.	.	.
hemD.198	0	0	.	.	.
hemD.199	0	0	.	.	.
hemD.2	0	0	.	.	.
hemD.20	0	0	.	.	.
hemD.200	0	0	.	.	.
hemD.201	0	0	.	.	.
hemD.202	0	0	.	.	.
hemD.203	0	0	.	.	.
hemD.205	0	0	.	.	.
hemD.206	0	0	.	.	.
hemD.208	0	0	.	.	.
hemD.209	0	0	.	.	.
hemD.21	0	0	.	.	.
hemD.210	0	0	.	.	.
hemD.211	0	0	.	.	.
hemD.212	0	0	.	.	.
hemD.213	0	0	.	.	.
hemD.214	0	0	.	.	.
hemD.215	0	0	.	.	.
hemD.216	0	0	.	.	.
hemD.217	0	0	.	.	.
hemD.218	0	0	.	.	.
hemD.219	0	0	.	.	.
hemD.22	0	0	.	.	.
hemD.220	0	0	.	.	.
hemD.221	0	0	.	.	.
hemD.222	0	0	.	.	.
hemD.223	0	0	.	.	.
hemD.224	0	0	.	.	.
hemD.225	0	0	.	.	.
hemD.226	0	0	.	.	.
hemD.227	0	0	.	.	.
hemD.228	0	0	.	.	.
hemD.229	0	0	.	.	.
hemD.23	0	0	.	.	.
hemD.230	0	0	.	.	.
hemD.231	0	0	.	.	.
hemD.232	0	0	.	.	.
hemD.233	0	0	.	.	.
hemD.234	0	0	.	.	.
hemD.235	0	0	.	.	.
hemD.236	0	0	.	.	.
hemD.237	0	0	.	.	.
hemD.238	0	0	.	.	.
hemD.239	0	0	.	.	.
hemD.24	0	0	.	.	.
hemD.240	0	0	.	.	.
hemD.241	0	0	.	.	.
hemD.242	0	0	.	.	.
hemD.243	0	0	.	.	.
hemD.244	0	0	.	.	.
hemD.245	0	0	.	.	.
hemD.246	0	0	.	.	.
hemD.247	0	0	.	.	.
hemD.248	0	0	.	.	.
hemD.249	0	0	.	.	.
hemD.25	0	0	.	.	.
hemD.250	0	0	.	.	.
hemD.251	0	0	.	.	.
hemD.252	0	0	.	.	.
hemD.253	0	0	.	.	.
hemD.254	0	0	.	.	.
hemD.255	0	0	.	.	.
hemD.256	0	0	.	.	.
hemD.257	0	0	.	.	.
hemD.258	0	0	.	.	.
hemD.259	0	0	.	.	.
hemD.26	0	0	.	.	.
hemD.260	0	0	.	.	.
hemD.261	0	0	.	.	.
hemD.262	0	0	.	.	.
hemD.263	0	0	.	.	.
hemD.264	0	0	.	.	.
hemD.265	0	0	.	.	.
hemD.266	0	0	.	.	.
hemD.267	0	0	.	.	.
hemD.268	0	0	.	.	.
hemD.269	0	0	.	.	.
hemD.27	0	0	.	.	.
hemD.270	0	0	.	.	.
hemD.271	0	0	.	.	.
hemD.272	0	0	.	.	.
hemD.273	0	0	.	.	.
hemD.274	0	0	.	.	.
hemD.275	0	0	.	.	.
hemD.276	0	0	.	.	.
hemD.277	0	0	.	.	.
hemD.278	0	0	.	.	.
hemD.279	0	0	.	.	.
hemD.28	0	0	.	.	.
hemD.280	0	0	.	.	.
hemD.281	0	0	.	.	.
hemD.282	0	0	.	.	.
hemD.283	0	0	.	.	.
hemD.284	0	0	.	.	.
hemD.285	0	0	.	.	.
hemD.286	0	0	.	.	.
hemD.287	0	0	.	.	.
hemD.288	0	0	.	.	.
hemD.289	0	0	.	.	.
hemD.29	0	0	.	.	.
hemD.290	0	0	.	.	.
hemD.291	0	0	.	.	.
hemD.292	0	0	.	.	.
hemD.294	0	0	.	.	.
hemD.295	0	0	.	.	.
hemD.296	0	0	.	.	.
hemD.297	0	0	.	.	.
hemD.298	0	0	.	.	.
hemD.299	0	0	.	.	.
hemD.3	0	0	.	.	.
hemD.30	0	0	.	.	.
hemD.300	0	0	.	.	.
hemD.301	0	0	.	.	.
hemD.302	0	0	.	.	.
hemD.303	0	0	.	.	.
hemD.304	0	0	.	.	.
hemD.305	0	0	.	.	.
hemD.307	0	0	.	.	.
hemD.308	0	0	.	.	.
hemD.309	0	0	.	.	.
hemD.31	0	0	.	.	.
hemD.310	0	0	.	.	.
hemD.312	0	0	.	.	.
hemD.313	0	0	.	.	.
hemD.314	0	0	.	.	.
hemD.315	0	0	.	.	.
hemD.316	0	0	.	.	.
hemD.317	0	0	.	.	.
hemD.318	0	0	.	.	.
hemD.319	0	0	.	.	.
hemD.32	0	0	.	.	.
hemD.320	0	0	.	.	.
hemD.321	0	0	.	.	.
hemD.322	0	0	.	.	.
hemD.323	0	0	.	.	.
hemD.324	0	0	.	.	.
hemD.325	0	0	.	.	.
hemD.326	0	0	.	.	.
hemD.327	0	0	.	.	.
hemD.328	0	0	.	.	.
hemD.329	0	0	.	.	.
hemD.33	0	0	.	.	.
hemD.330	0	0	.	.	.
hemD.331	0	0	.	.	.
hemD.332	0	0	.	.	.
hemD.333	0	0	.	.	.
hemD.334	0	0	.	.	.
hemD.335	0	0	.	.	.
hemD.336	0	0	.	.	.
hemD.337	0	0	.	.	.
hemD.338	0	0	.	.	.
hemD.339	0	0	.	.	.
hemD.34	0	0	.	.	.
hemD.340	0	0	.	.	.
hemD.341	0	0	.	.	.
hemD.343	0	0	.	.	.
hemD.344	0	0	.	.	.
hemD.345	0	0	.	.	.
hemD.346	0	0	.	.	.
hemD.347	0	0	.	.	.
hemD.348	0	0	.	.	.
hemD.349	0	0	.	.	.
hemD.35	0	0	.	.	.
hemD.350	0	0	.	.	.
hemD.351	0	0	.	.	.
hemD.352	0	0	.	.	.
hemD.353	0	0	.	.	.
hemD.354	0	0	.	.	.
hemD.355	0	0	.	.	.
hemD.356	0	0	.	.	.
hemD.357	0	0	.	.	.
hemD.358	0	0	.	.	.
hemD.359	0	0	.	.	.
hemD.36	0	0	.	.	.
hemD.360	0	0	.	.	.
hemD.361	0	0	.	.	.
hemD.362	0	0	.	.	.
hemD.363	0	0	.	.	.
hemD.364	0	0	.	.	.
hemD.365	0	0	.	.	.
hemD.366	0	0	.	.	.
hemD.367	0	0	.	.	.
hemD.368	0	0	.	.	.
hemD.369	0	0	.	.	.
hemD.37	0	0	.	.	.
hemD.370	0	0	.	.	.
hemD.371	0	0	.	.	.
hemD.372	0	0	.	.	.
hemD.373	0	0	.	.	.
hemD.374	0	0	.	.	.
hemD.375	0	0	.	.	.
hemD.376	0	0	.	.	.
hemD.377	0	0	.	.	.
hemD.378	0	0	.	.	.
hemD.379	0	0	.	.	.
hemD.38	0	0	.	.	.
hemD.380	0	0	.	.	.
hemD.381	0	0	.	.	.
hemD.382	0	0	.	.	.
hemD.383	0	0	.	.	.
hemD.384	0	0	.	.	.
hemD.385	0	0	.	.	.
hemD.386	0	0	.	.	.
hemD.387	0	0	.	.	.
hemD.388	0	0	.	.	.
hemD.389	0	0	.	.	.
hemD.39	0	0	.	.	.
hemD.390	0	0	.	.	.
hemD.391	0	0	.	.	.
hemD.392	0	0	.	.	.
hemD.393	0	0	.	.	.
hemD.394	0	0	.	.	.
hemD.395	0	0	.	.	.
hemD.396	0	0	.	.	.
hemD.397	0	0	.	.	.
hemD.398	0	0	.	.	.
hemD.4	0	0	.	.	.
hemD.40	0	0	.	.	.
hemD.400	0	0	.	.	.
hemD.401	0	0	.	.	.
hemD.402	0	0	.	.	.
hemD.403	0	0	.	.	.
hemD.404	0	0	.	.	.
hemD.405	0	0	.	.	.
hemD.406	0	0	.	.	.
hemD.407	0	0	.	.	.
hemD.408	0	0	.	.	.
hemD.409	0	0	.	.	.
hemD.41	0	0	.	.	.
hemD.411	0	0	.	.	.
hemD.412	0	0	.	.	.
hemD.413	0	0	.	.	.
hemD.414	0	0	.	.	.
hemD.415	0	0	.	.	.
hemD.416	0	0	.	.	.
hemD.417	0	0	.	.	.
hemD.419	0	0	.	.	.
hemD.42	0	0	.	.	.
hemD.420	0	0	.	.	.
hemD.421	0	0	.	.	.
hemD.422	0	0	.	.	.
hemD.423	0	0	.	.	.
hemD.425	0	0	.	.	.
hemD.426	0	0	.	.	.
hemD.427	0	0	.	.	.
hemD.428	0	0	.	.	.
hemD.429	0	0	.	.	.
hemD.43	0	0	.	.	.
hemD.430	0	0	.	.	.
hemD.431	0	0	.	.	.
hemD.432	0	0	.	.	.
hemD.433	0	0	.	.	.
hemD.434	0	0	.	.	.
hemD.435	0	0	.	.	.
hemD.436	0	0	.	.	.
hemD.437	0	0	.	.	.
hemD.438	0	0	.	.	.
hemD.439	0	0	.	.	.
hemD.44	0	0	.	.	.
hemD.440	0	0	.	.	.
hemD.441	0	0	.	.	.
hemD.442	0	0	.	.	.
hemD.443	0	0	.	.	.
hemD.444	0	0	.	.	.
hemD.445	0	0	.	.	.
hemD.446	0	0	.	.	.
hemD.447	0	0	.	.	.
hemD.448	0	0	.	.	.
hemD.449	0	0	.	.	.
hemD.45	0	0	.	.	.
hemD.450	0	0	.	.	.
hemD.451	0	0	.	.	.
hemD.452	0	0	.	.	.
hemD.453	0	0	.	.	.
hemD.454	0	0	.	.	.
hemD.455	0	0	.	.	.
hemD.456	0	0	.	.	.
hemD.457	0	0	.	.	.
hemD.458	0	0	.	.	.
hemD.459	0	0	.	.	.
hemD.46	0	0	.	.	.
hemD.460	0	0	.	.	.
hemD.461	0	0	.	.	.
hemD.462	0	0	.	.	.
hemD.463	0	0	.	.	.
hemD.464	0	0	.	.	.
hemD.466	0	0	.	.	.
hemD.467	0	0	.	.	.
hemD.468	0	0	.	.	.
hemD.469	0	0	.	.	.
hemD.47	0	0	.	.	.
hemD.470	0	0	.	.	.
hemD.472	0	0	.	.	.
hemD.473	0	0	.	.	.
hemD.474	0	0	.	.	.
hemD.475	0	0	.	.	.
hemD.476	0	0	.	.	.
hemD.477	0	0	.	.	.
hemD.478	0	0	.	.	.
hemD.479	0	0	.	.	.
hemD.48	0	0	.	.	.
hemD.480	0	0	.	.	.
hemD.482	0	0	.	.	.
hemD.486	0	0	.	.	.
hemD.487	0	0	.	.	.
hemD.489	0	0	.	.	.
hemD.49	0	0	.	.	.
hemD.491	0	0	.	.	.
hemD.492	0	0	.	.	.
hemD.493	0	0	.	.	.
hemD.494	0	0	.	.	.
hemD.495	0	0	.	.	.
hemD.496	0	0	.	.	.
hemD.497	0	0	.	.	.
hemD.498	0	0	.	.	.
hemD.499	0	0	.	.	.
hemD.5	0	0	.	.	.
hemD.50	0	0	.	.	.
hemD.500	0	0	.	.	.
hemD.501	0	0	.	.	.
hemD.502	0	0	.	.	.
hemD.503	0	0	.	.	.
hemD.504	0	0	.	.	.
hemD.505	0	0	.	.	.
hemD.506	0	0	.	.	.
hemD.507	0	0	.	.	.
hemD.508	0	0	.	.	.
hemD.509	0	0	.	.	.
hemD.51	0	0	.	.	.
hemD.510	0	0	.	.	.
hemD.511	0	0	.	.	.
hemD.512	0	0	.	.	.
hemD.513	0	0	.	.	.
hemD.514	0	0	.	.	.
hemD.516	0	0	.	.	.
hemD.517	0	0	.	.	.
hemD.518	0	0	.	.	.
hemD.519	0	0	.	.	.
hemD.52	0	0	.	.	.
hemD.520	0	0	.	.	.
hemD.521	0	0	.	.	.
hemD.522	0	0	.	.	.
hemD.523	0	0	.	.	.
hemD.524	0	0	.	.	.
hemD.525	0	0	.	.	.
hemD.526	0	0	.	.	.
hemD.527	0	0	.	.	.
hemD.528	0	0	.	.	.
hemD.529	0	0	.	.	.
hemD.53	0	0	.	.	.
hemD.531	0	0	.	.	.
hemD.532	0	0	.	.	.
hemD.533	0	0	.	.	.
hemD.534	0	0	.	.	.
hemD.535	0	0	.	.	.
hemD.536	0	0	.	.	.
hemD.537	0	0	.	.	.
hemD.538	0	0	.	.	.
hemD.539	0	0	.	.	.
hemD.54	0	0	.	.	.
hemD.540	0	0	.	.	.
hemD.541	0	0	.	.	.
hemD.542	0	0	.	.	.
hemD.543	0	0	.	.	.
hemD.544	0	0	.	.	.
hemD.545	0	0	.	.	.
hemD.546	0	0	.	.	.
hemD.547	0	0	.	.	.
hemD.548	0	0	.	.	.
hemD.549	0	0	.	.	.
hemD.55	0	0	.	.	.
hemD.550	0	0	.	.	.
hemD.551	0	0	.	.	.
hemD.552	0	0	.	.	.
hemD.553	0	0	.	.	.
hemD.554	0	0	.	.	.
hemD.555	0	0	.	.	.
hemD.556	0	0	.	.	.
hemD.557	0	0	.	.	.
hemD.558	0	0	.	.	.
hemD.559	0	0	.	.	.
hemD.56	0	0	.	.	.
hemD.560	0	0	.	.	.
hemD.561	0	0	.	.	.
hemD.562	0	0	.	.	.
hemD.563	0	0	.	.	.
hemD.564	0	0	.	.	.
hemD.565	0	0	.	.	.
hemD.566	0	0	.	.	.
hemD.567	0	0	.	.	.
hemD.568	0	0	.	.	.
hemD.569	0	0	.	.	.
hemD.57	0	0	.	.	.
hemD.571	0	0	.	.	.
hemD.572	0	0	.	.	.
hemD.573	0	0	.	.	.
hemD.574	0	0	.	.	.
hemD.575	0	0	.	.	.
hemD.576	0	0	.	.	.
hemD.577	0	0	.	.	.
hemD.578	0	0	.	.	.
hemD.579	0	0	.	.	.
hemD.58	0	0	.	.	.
hemD.580	0	0	.	.	.
hemD.581	0	0	.	.	.
hemD.582	0	0	.	.	.
hemD.583	0	0	.	.	.
hemD.584	0	0	.	.	.
hemD.585	0	0	.	.	.
hemD.586	0	0	.	.	.
hemD.587	0	0	.	.	.
hemD.588	0	0	.	.	.
hemD.589	0	0	.	.	.
hemD.59	0	0	.	.	.
hemD.590	0	0	.	.	.
hemD.591	0	0	.	.	.
hemD.592	0	0	.	.	.
hemD.593	0	0	.	.	.
hemD.594	0	0	.	.	.
hemD.595	0	0	.	.	.
hemD.596	0	0	.	.	.
hemD.597	0	0	.	.	.
hemD.598	0	0	.	.	.
hemD.599	0	0	.	.	.
hemD.6	0	0	.	.	.
hemD.60	0	0	.	.	.
hemD.600	0	0	.	.	.
hemD.601	0	0	.	.	.
hemD.602	0	0	.	.	.
hemD.603	0	0	.	.	.
hemD.604	0	0	.	.	.
hemD.605	0	0	.	.	.
hemD.606	0	0	.	.	.
hemD.607	0	0	.	.	.
hemD.608	0	0	.	.	.
hemD.609	0	0	.	.	.
hemD.61	0	0	.	.	.
hemD.610	0	0	.	.	.
hemD.611	0	0	.	.	.
hemD.612	0	0	.	.	.
hemD.613	0	0	.	.	.
hemD.614	0	0	.	.	.
hemD.615	0	0	.	.	.
hemD.616	0	0	.	.	.
hemD.617	0	0	.	.	.
hemD.618	0	0	.	.	.
hemD.62	0	0	.	.	.
hemD.63	0	0	.	.	.
hemD.632	0	0	.	.	.
hemD.633	0	0	.	.	.
hemD.634	0	0	.	.	.
hemD.635	0	0	.	.	.
hemD.636	0	0	.	.	.
hemD.637	0	0	.	.	.
hemD.638	0	0	.	.	.
hemD.639	0	0	.	.	.
hemD.64	0	0	.	.	.
hemD.640	0	0	.	.	.
hemD.641	0	0	.	.	.
hemD.642	0	0	.	.	.
hemD.643	0	0	.	.	.
hemD.644	0	0	.	.	.
hemD.645	0	0	.	.	.
hemD.646	0	0	.	.	.
hemD.647	0	0	.	.	.
hemD.648	0	0	.	.	.
hemD.649	0	0	.	.	.
hemD.65	0	0	.	.	.
hemD.650	0	0	.	.	.
hemD.651	0	0	.	.	.
hemD.652	0	0	.	.	.
hemD.653	0	0	.	.	.
hemD.654	0	0	.	.	.
hemD.655	0	0	.	.	.
hemD.656	0	0	.	.	.
hemD.657	0	0	.	.	.
hemD.658	0	0	.	.	.
hemD.659	0	0	.	.	.
hemD.66	0	0	.	.	.
hemD.660	0	0	.	.	.
hemD.661	0	0	.	.	.
hemD.662	0	0	.	.	.
hemD.67	0	0	.	.	.
hemD.68	0	0	.	.	.
hemD.69	0	0	.	.	.
hemD.7	0	0	.	.	.
hemD.70	0	0	.	.	.
hemD.71	0	0	.	.	.
hemD.72	0	0	.	.	.
hemD.73	0	0	.	.	.
hemD.74	0	0	.	.	.
hemD.75	0	0	.	.	.
hemD.76	0	0	.	.	.
hemD.77	0	0	.	.	.
hemD.78	0	0	.	.	.
hemD.79	0	0	.	.	.
hemD.8	0	0	.	.	.
hemD.80	0	0	.	.	.
hemD.81	0	0	.	.	.
hemD.82	0	0	.	.	.
hemD.83	0	0	.	.	.
hemD.84	0	0	.	.	.
hemD.85	0	0	.	.	.
hemD.86	0	0	.	.	.
hemD.87	0	0	.	.	.
hemD.88	0	0	.	.	.
hemD.89	0	0	.	.	.
hemD.9	0	0	.	.	.
hemD.90	0	0	.	.	.
hemD.91	0	0	.	.	.
hemD.92	0	0	.	.	.
hemD.93	0	0	.	.	.
hemD.95	0	0	.	.	.
hemD.96	0	0	.	.	.
hemD.97	0	0	.	.	.
hemD.98	0	0	.	.	.
hemD.99	0	0	.	.	.
hisD.1	0	0	.	.	.
hisD.10	0	0	.	.	.
hisD.100	0	0	.	.	.
hisD.101	0	0	.	.	.
hisD.102	0	0	.	.	.
hisD.103	0	0	.	.	.
hisD.104	0	0	.	.	.
hisD.105	0	0	.	.	.
hisD.106	0	0	.	.	.
hisD.107	0	0	.	.	.
hisD.108	0	0	.	.	.
hisD.109	0	0	.	.	.
hisD.11	0	0	.	.	.
hisD.110	0	0	.	.	.
hisD.111	0	0	.	.	.
hisD.112	0	0	.	.	.
hisD.113	0	0	.	.	.
hisD.114	0	0	.	.	.
hisD.115	0	0	.	.	.
hisD.116	0	0	.	.	.
hisD.117	0	0	.	.	.
hisD.118	0	0	.	.	.
hisD.119	0	0	.	.	.
hisD.12	0	0	.	.	.
hisD.120	0	0	.	.	.
hisD.121	0	0	.	.	.
hisD.122	0	0	.	.	.
hisD.123	0	0	.	.	.
hisD.124	0	0	.	.	.
hisD.125	0	0	.	.	.
hisD.126	0	0	.	.	.
hisD.127	0	0	.	.	.
hisD.128	0	0	.	.	.
hisD.129	0	0	.	.	.
hisD.13	0	0	.	.	.
hisD.130	0	0	.	.	.
hisD.131	0	0	.	.	.
hisD.132	0	0	.	.	.
hisD.133	0	0	.	.	.
hisD.134	0	0	.	.	.
hisD.135	0	0	.	.	.
hisD.136	0	0	.	.	.
hisD.137	0	0	.	.	.
hisD.138	0	0	.	.	.
hisD.139	0	0	.	.	.
hisD.14	0	0	.	.	.
hisD.140	0	0	.	.	.
hisD.141	0	0	.	.	.
hisD.142	0	0	.	.	.
hisD.143	0	0	.	.	.
hisD.144	0	0	.	.	.
hisD.145	0	0	.	.	.
hisD.146	0	0	.	.	.
hisD.147	0	0	.	.	.
hisD.148	0	0	.	.	.
hisD.149	0	0	.	.	.
hisD.15	0	0	.	.	.
hisD.150	0	0	.	.	.
hisD.151	0	0	.	.	.
hisD.152	0	0	.	.	.
hisD.153	0	0	.	.	.
hisD.154	0	0	.	.	.
hisD.155	0	0	.	.	.
hisD.156	0	0	.	.	.
hisD.157	0	0	.	.	.
hisD.158	0	0	.	.	.
hisD.159	0	0	.	.	.
hisD.16	0	0	.	.	.
hisD.160	0	0	.	.	.
hisD.161	0	0	.	.	.
hisD.162	0	0	.	.	.
hisD.163	0	0	.	.	.
hisD.164	0	0	.	.	.
hisD.165	0	0	.	.	.
hisD.166	0	0	.	.	.
hisD.167	0	0	.	.	.
hisD.168	0	0	.	.	.
hisD.169	0	0	.	.	.
hisD.17	0	0	.	.	.
hisD.170	0	0	.	.	.
hisD.171	0	0	.	.	.
hisD.172	0	0	.	.	.
hisD.173	0	0	.	.	.
hisD.174	0	0	.	.	.
hisD.175	0	0	.	.	.
hisD.176	0	0	.	.	.
hisD.177	0	0	.	.	.
hisD.178	0	0	.	.	.
hisD.179	0	0	.	.	.
hisD.18	0	0	.	.	.
hisD.180	0	0	.	.	.
hisD.181	0	0	.	.	.
hisD.182	0	0	.	.	.
hisD.183	0	0	.	.	.
hisD.184	0	0	.	.	.
hisD.185	0	0	.	.	.
hisD.186	0	0	.	.	.
hisD.187	0	0	.	.	.
hisD.188	0	0	.	.	.
hisD.189	0	0	.	.	.
hisD.19	0	0	.	.	.
hisD.190	0	0	.	.	.
hisD.191	0	0	.	.	.
hisD.192	0	0	.	.	.
hisD.193	0	0	.	.	.
hisD.194	0	0	.	.	.
hisD.195	0	0	.	.	.
hisD.196	0	0	.	.	.
hisD.197	0	0	.	.	.
hisD.198	0	0	.	.	.
hisD.199	0	0	.	.	.
hisD.2	0	0	.	.	.
hisD.20	0	0	.	.	.
hisD.200	0	0	.	.	.
hisD.201	0	0	.	.	.
hisD.202	0	0	.	.	.
hisD.203	0	0	.	.	.
hisD.204	0	0	.	.	.
hisD.205	0	0	.	.	.
hisD.206	0	0	.	.	.
hisD.207	0	0	.	.	.
hisD.208	0	0	.	.	.
hisD.209	0	0	.	.	.
hisD.21	0	0	.	.	.
hisD.210	0	0	.	.	.
hisD.211	0	0	.	.	.
hisD.212	0	0	.	.	.
hisD.213	0	0	.	.	.
hisD.214	0	0	.	.	.
hisD.215	0	0	.	.	.
hisD.216	0	0	.	.	.
hisD.218	0	0	.	.	.
hisD.219	0	0	.	.	.
hisD.22	0	0	.	.	.
hisD.220	0	0	.	.	.
hisD.221	0	0	.	.	.
hisD.222	0	0	.	.	.
hisD.223	0	0	.	.	.
hisD.224	0	0	.	.	.
hisD.225	0	0	.	.	.
hisD.226	0	0	.	.	.
hisD.227	0	0	.	.	.
hisD.228	0	0	.	.	.
hisD.229	0	0	.	.	.
hisD.23	0	0	.	.	.
hisD.230	0	0	.	.	.
hisD.231	0	0	.	.	.
hisD.232	0	0	.	.	.
hisD.233	0	0	.	.	.
hisD.234	0	0	.	.	.
hisD.235	0	0	.	.	.
hisD.236	0	0	.	.	.
hisD.237	0	0	.	.	.
hisD.238	0	0	.	.	.
hisD.239	0	0	.	.	.
hisD.24	0	0	.	.	.
hisD.241	0	0	.	.	.
hisD.243	0	0	.	.	.
hisD.244	0	0	.	.	.
hisD.245	0	0	.	.	.
hisD.246	0	0	.	.	.
hisD.247	0	0	.	.	.
hisD.248	0	0	.	.	.
hisD.249	0	0	.	.	.
hisD.25	0	0	.	.	.
hisD.250	0	0	.	.	.
hisD.251	0	0	.	.	.
hisD.252	0	0	.	.	.
hisD.253	0	0	.	.	.
hisD.254	0	0	.	.	.
hisD.255	0	0	.	.	.
hisD.256	0	0	.	.	.
hisD.257	0	0	.	.	.
hisD.258	0	0	.	.	.
hisD.259	0	0	.	.	.
hisD.26	0	0	.	.	.
hisD.260	0	0	.	.	.
hisD.261	0	0	.	.	.
hisD.262	0	0	.	.	.
hisD.263	0	0	.	.	.
hisD.264	0	0	.	.	.
hisD.266	0	0	.	.	.
hisD.267	0	0	.	.	.
hisD.268	0	0	.	.	.
hisD.27	0	0	.	.	.
hisD.270	0	0	.	.	.
hisD.271	0	0	.	.	.
hisD.272	0	0	.	.	.
hisD.274	0	0	.	.	.
hisD.275	0	0	.	.	.
hisD.276	0	0	.	.	.
hisD.277	0	0	.	.	.
hisD.278	0	0	.	.	.
hisD.279	0	0	.	.	.
hisD.28	0	0	.	.	.
hisD.280	0	0	.	.	.
hisD.281	0	0	.	.	.
hisD.282	0	0	.	.	.
hisD.283	0	0	.	.	.
hisD.284	0	0	.	.	.
hisD.285	0	0	.	.	.
hisD.286	0	0	.	.	.
hisD.287	0	0	.	.	.
hisD.288	0	0	.	.	.
hisD.289	0	0	.	.	.
hisD.29	0	0	.	.	.
hisD.290	0	0	.	.	.
hisD.291	0	0	.	.	.
hisD.292	0	0	.	.	.
hisD.293	0	0	.	.	.
hisD.294	0	0	.	.	.
hisD.295	0	0	.	.	.
hisD.296	0	0	.	.	.
hisD.297	0	0	.	.	.
hisD.298	0	0	.	.	.
hisD.299	0	0	.	.	.
hisD.3	0	0	.	.	.
hisD.30	0	0	.	.	.
hisD.300	0	0	.	.	.
hisD.301	0	0	.	.	.
hisD.302	0	0	.	.	.
hisD.303	0	0	.	.	.
hisD.304	0	0	.	.	.
hisD.305	0	0	.	.	.
hisD.306	0	0	.	.	.
hisD.307	0	0	.	.	.
hisD.308	0	0	.	.	.
hisD.309	0	0	.	.	.
hisD.31	0	0	.	.	.
hisD.310	0	0	.	.	.
hisD.311	0	0	.	.	.
hisD.312	0	0	.	.	.
hisD.313	0	0	.	.	.
hisD.315	0	0	.	.	.
hisD.316	0	0	.	.	.
hisD.317	0	0	.	.	.
hisD.318	0	0	.	.	.
hisD.319	0	0	.	.	.
hisD.32	0	0	.	.	.
hisD.320	0	0	.	.	.
hisD.321	0	0	.	.	.
hisD.322	0	0	.	.	.
hisD.323	0	0	.	.	.
hisD.324	0	0	.	.	.
hisD.325	0	0	.	.	.
hisD.326	0	0	.	.	.
hisD.327	0	0	.	.	.
hisD.328	0	0	.	.	.
hisD.329	0	0	.	.	.
hisD.33	0	0	.	.	.
hisD.330	0	0	.	.	.
hisD.331	0	0	.	.	.
hisD.332	0	0	.	.	.
hisD.333	0	0	.	.	.
hisD.334	0	0	.	.	.
hisD.335	0	0	.	.	.
hisD.336	0	0	.	.	.
hisD.337	0	0	.	.	.
hisD.338	0	0	.	.	.
hisD.339	0	0	.	.	.
hisD.34	0	0	.	.	.
hisD.340	0	0	.	.	.
hisD.341	0	0	.	.	.
hisD.342	0	0	.	.	.
hisD.343	0	0	.	.	.
hisD.344	0	0	.	.	.
hisD.345	0	0	.	.	.
hisD.346	0	0	.	.	.
hisD.347	0	0	.	.	.
hisD.348	0	0	.	.	.
hisD.349	0	0	.	.	.
hisD.35	0	0	.	.	.
hisD.350	0	0	.	.	.
hisD.352	0	0	.	.	.
hisD.353	0	0	.	.	.
hisD.354	0	0	.	.	.
hisD.355	0	0	.	.	.
hisD.356	0	0	.	.	.
hisD.357	0	0	.	.	.
hisD.358	0	0	.	.	.
hisD.359	0	0	.	.	.
hisD.36	0	0	.	.	.
hisD.360	0	0	.	.	.
hisD.361	0	0	.	.	.
hisD.362	0	0	.	.	.
hisD.363	0	0	.	.	.
hisD.364	0	0	.	.	.
hisD.365	0	0	.	.	.
hisD.366	0	0	.	.	.
hisD.367	0	0	.	.	.
hisD.368	0	0	.	.	.
hisD.369	0	0	.	.	.
hisD.37	0	0	.	.	.
hisD.370	0	0	.	.	.
hisD.371	0	0	.	.	.
hisD.372	0	0	.	.	.
hisD.373	0	0	.	.	.
hisD.374	0	0	.	.	.
hisD.375	0	0	.	.	.
hisD.376	0	0	.	.	.
hisD.377	0	0	.	.	.
hisD.378	0	0	.	.	.
hisD.379	0	0	.	.	.
hisD.38	0	0	.	.	.
hisD.380	0	0	.	.	.
hisD.381	0	0	.	.	.
hisD.382	0	0	.	.	.
hisD.383	0	0	.	.	.
hisD.384	0	0	.	.	.
hisD.385	0	0	.	.	.
hisD.386	0	0	.	.	.
hisD.387	0	0	.	.	.
hisD.388	0	0	.	.	.
hisD.389	0	0	.	.	.
hisD.39	0	0	.	.	.
hisD.390	0	0	.	.	.
hisD.391	0	0	.	.	.
hisD.392	0	0	.	.	.
hisD.393	0	0	.	.	.
hisD.394	0	0	.	.	.
hisD.395	0	0	.	.	.
hisD.396	0	0	.	.	.
hisD.397	0	0	.	.	.
hisD.398	0	0	.	.	.
hisD.399	0	0	.	.	.
hisD.4	0	0	.	.	.
hisD.40	0	0	.	.	.
hisD.400	0	0	.	.	.
hisD.401	0	0	.	.	.
hisD.402	0	0	.	.	.
hisD.403	0	0	.	.	.
hisD.404	0	0	.	.	.
hisD.405	0	0	.	.	.
hisD.406	0	0	.	.	.
hisD.407	0	0	.	.	.
hisD.408	0	0	.	.	.
hisD.409	0	0	.	.	.
hisD.41	0	0	.	.	.
hisD.410	0	0	.	.	.
hisD.411	0	0	.	.	.
hisD.412	0	0	.	.	.
hisD.413	0	0	.	.	.
hisD.414	0	0	.	.	.
hisD.415	0	0	.	.	.
hisD.416	0	0	.	.	.
hisD.417	0	0	.	.	.
hisD.418	0	0	.	.	.
hisD.419	0	0	.	.	.
hisD.42	0	0	.	.	.
hisD.420	0	0	.	.	.
hisD.421	0	0	.	.	.
hisD.422	0	0	.	.	.
hisD.423	0	0	.	.	.
hisD.424	0	0	.	.	.
hisD.425	0	0	.	.	.
hisD.426	0	0	.	.	.
hisD.427	0	0	.	.	.
hisD.428	0	0	.	.	.
hisD.429	0	0	.	.	.
hisD.43	0	0	.	.	.
hisD.430	0	0	.	.	.
hisD.431	0	0	.	.	.
hisD.432	0	0	.	.	.
hisD.433	0	0	.	.	.
hisD.434	0	0	.	.	.
hisD.435	0	0	.	.	.
hisD.436	0	0	.	.	.
hisD.437	0	0	.	.	.
hisD.438	0	0	.	.	.
hisD.439	0	0	.	.	.
hisD.44	0	0	.	.	.
hisD.440	0	0	.	.	.
hisD.441	0	0	.	.	.
hisD.442	0	0	.	.	.
hisD.443	0	0	.	.	.
hisD.444	0	0	.	.	.
hisD.445	0	0	.	.	.
hisD.446	0	0	.	.	.
hisD.447	0	0	.	.	.
hisD.448	0	0	.	.	.
hisD.449	0	0	.	.	.
hisD.450	0	0	.	.	.
hisD.451	0	0	.	.	.
hisD.452	0	0	.	.	.
hisD.453	0	0	.	.	.
hisD.454	0	0	.	.	.
hisD.455	0	0	.	.	.
hisD.456	0	0	.	.	.
hisD.457	0	0	.	.	.
hisD.458	0	0	.	.	.
hisD.459	0	0	.	.	.
hisD.46	0	0	.	.	.
hisD.460	0	0	.	.	.
hisD.461	0	0	.	.	.
hisD.462	0	0	.	.	.
hisD.463	0	0	.	.	.
hisD.464	0	0	.	.	.
hisD.465	0	0	.	.	.
hisD.466	0	0	.	.	.
hisD.467	0	0	.	.	.
hisD.468	0	0	.	.	.
hisD.469	0	0	.	.	.
hisD.47	0	0	.	.	.
hisD.470	0	0	.	.	.
hisD.471	0	0	.	.	.
hisD.472	0	0	.	.	.
hisD.473	0	0	.	.	.
hisD.474	0	0	.	.	.
hisD.475	0	0	.	.	.
hisD.476	0	0	.	.	.
hisD.477	0	0	.	.	.
hisD.478	0	0	.	.	.
hisD.479	0	0	.	.	.
hisD.48	0	0	.	.	.
hisD.480	0	0	.	.	.
hisD.481	0	0	.	.	.
hisD.482	0	0	.	.	.
hisD.483	0	0	.	.	.
hisD.484	0	0	.	.	.
hisD.485	0	0	.	.	.
hisD.486	0	0	.	.	.
hisD.487	0	0	.	.	.
hisD.488	0	0	.	.	.
hisD.489	0	0	.	.	.
hisD.49	0	0	.	.	.
hisD.490	0	0	.	.	.
hisD.491	0	0	.	.	.
hisD.492	0	0	.	.	.
hisD.493	0	0	.	.	.
hisD.494	0	0	.	.	.
hisD.495	0	0	.	.	.
hisD.496	0	0	.	.	.
hisD.497	0	0	.	.	.
hisD.499	0	0	.	.	.
hisD.5	0	0	.	.	.
hisD.50	0	0	.	.	.
hisD.500	0	0	.	.	.
hisD.501	0	0	.	.	.
hisD.502	0	0	.	.	.
hisD.503	0	0	.	.	.
hisD.505	0	0	.	.	.
hisD.506	0	0	.	.	.
hisD.507	0	0	.	.	.
hisD.508	0	0	.	.	.
hisD.51	0	0	.	.	.
hisD.510	0	0	.	.	.
hisD.511	0	0	.	.	.
hisD.512	0	0	.	.	.
hisD.513	0	0	.	.	.
hisD.514	0	0	.	.	.
hisD.515	0	0	.	.	.
hisD.516	0	0	.	.	.
hisD.517	0	0	.	.	.
hisD.518	0	0	.	.	.
hisD.519	0	0	.	.	.
hisD.52	0	0	.	.	.
hisD.520	0	0	.	.	.
hisD.522	0	0	.	.	.
hisD.523	0	0	.	.	.
hisD.524	0	0	.	.	.
hisD.525	0	0	.	.	.
hisD.526	0	0	.	.	.
hisD.527	0	0	.	.	.
hisD.528	0	0	.	.	.
hisD.529	0	0	.	.	.
hisD.53	0	0	.	.	.
hisD.530	0	0	.	.	.
hisD.531	0	0	.	.	.
hisD.532	0	0	.	.	.
hisD.533	0	0	.	.	.
hisD.534	0	0	.	.	.
hisD.535	0	0	.	.	.
hisD.536	0	0	.	.	.
hisD.538	0	0	.	.	.
hisD.539	0	0	.	.	.
hisD.54	0	0	.	.	.
hisD.540	0	0	.	.	.
hisD.541	0	0	.	.	.
hisD.542	0	0	.	.	.
hisD.543	0	0	.	.	.
hisD.544	0	0	.	.	.
hisD.545	0	0	.	.	.
hisD.546	0	0	.	.	.
hisD.547	0	0	.	.	.
hisD.549	0	0	.	.	.
hisD.55	0	0	.	.	.
hisD.550	0	0	.	.	.
hisD.551	0	0	.	.	.
hisD.552	0	0	.	.	.
hisD.553	0	0	.	.	.
hisD.554	0	0	.	.	.
hisD.555	0	0	.	.	.
hisD.558	0	0	.	.	.
hisD.559	0	0	.	.	.
hisD.56	0	0	.	.	.
hisD.560	0	0	.	.	.
hisD.561	0	0	.	.	.
hisD.562	0	0	.	.	.
hisD.563	0	0	.	.	.
hisD.564	0	0	.	.	.
hisD.565	0	0	.	.	.
hisD.566	0	0	.	.	.
hisD.567	0	0	.	.	.
hisD.568	0	0	.	.	.
hisD.569	0	0	.	.	.
hisD.57	0	0	.	.	.
hisD.570	0	0	.	.	.
hisD.571	0	0	.	.	.
hisD.572	0	0	.	.	.
hisD.573	0	0	.	.	.
hisD.574	0	0	.	.	.
hisD.575	0	0	.	.	.
hisD.576	0	0	.	.	.
hisD.577	0	0	.	.	.
hisD.578	0	0	.	.	.
hisD.579	0	0	.	.	.
hisD.58	0	0	.	.	.
hisD.580	0	0	.	.	.
hisD.581	0	0	.	.	.
hisD.582	0	0	.	.	.
hisD.583	0	0	.	.	.
hisD.584	0	0	.	.	.
hisD.585	0	0	.	.	.
hisD.586	0	0	.	.	.
hisD.587	0	0	.	.	.
hisD.588	0	0	.	.	.
hisD.589	0	0	.	.	.
hisD.59	0	0	.	.	.
hisD.590	0	0	.	.	.
hisD.591	0	0	.	.	.
hisD.592	0	0	.	.	.
hisD.593	0	0	.	.	.
hisD.594	0	0	.	.	.
hisD.595	0	0	.	.	.
hisD.596	0	0	.	.	.
hisD.597	0	0	.	.	.
hisD.599	0	0	.	.	.
hisD.6	0	0	.	.	.
hisD.60	0	0	.	.	.
hisD.600	0	0	.	.	.
hisD.601	0	0	.	.	.
hisD.602	0	0	.	.	.
hisD.603	0	0	.	.	.
hisD.604	0	0	.	.	.
hisD.605	0	0	.	.	.
hisD.606	0	0	.	.	.
hisD.607	0	0	.	.	.
hisD.608	0	0	.	.	.
hisD.609	0	0	.	.	.
hisD.61	0	0	.	.	.
hisD.611	0	0	.	.	.
hisD.612	0	0	.	.	.
hisD.613	0	0	.	.	.
hisD.614	0	0	.	.	.
hisD.615	0	0	.	.	.
hisD.616	0	0	.	.	.
hisD.617	0	0	.	.	.
hisD.618	0	0	.	.	.
hisD.619	0	0	.	.	.
hisD.62	0	0	.	.	.
hisD.620	0	0	.	.	.
hisD.621	0	0	.	.	.
hisD.622	0	0	.	.	.
hisD.623	0	0	.	.	.
hisD.624	0	0	.	.	.
hisD.625	0	0	.	.	.
hisD.626	0	0	.	.	.
hisD.627	0	0	.	.	.
hisD.628	0	0	.	.	.
hisD.629	0	0	.	.	.
hisD.63	0	0	.	.	.
hisD.630	0	0	.	.	.
hisD.631	0	0	.	.	.
hisD.632	0	0	.	.	.
hisD.633	0	0	.	.	.
hisD.634	0	0	.	.	.
hisD.635	0	0	.	.	.
hisD.636	0	0	.	.	.
hisD.637	0	0	.	.	.
hisD.638	0	0	.	.	.
hisD.639	0	0	.	.	.
hisD.64	0	0	.	.	.
hisD.640	0	0	.	.	.
hisD.641	0	0	.	.	.
hisD.642	0	0	.	.	.
hisD.643	0	0	.	.	.
hisD.644	0	0	.	.	.
hisD.645	0	0	.	.	.
hisD.646	0	0	.	.	.
hisD.647	0	0	.	.	.
hisD.648	0	0	.	.	.
hisD.649	0	0	.	.	.
hisD.65	0	0	.	.	.
hisD.650	0	0	.	.	.
hisD.651	0	0	.	.	.
hisD.652	0	0	.	.	.
hisD.653	0	0	.	.	.
hisD.654	0	0	.	.	.
hisD.656	0	0	.	.	.
hisD.658	0	0	.	.	.
hisD.659	0	0	.	.	.
hisD.66	0	0	.	.	.
hisD.660	0	0	.	.	.
hisD.661	0	0	.	.	.
hisD.662	0	0	.	.	.
hisD.663	0	0	.	.	.
hisD.664	0	0	.	.	.
hisD.665	0	0	.	.	.
hisD.666	0	0	.	.	.
hisD.668	0	0	.	.	.
hisD.669	0	0	.	.	.
hisD.67	0	0	.	.	.
hisD.670	0	0	.	.	.
hisD.671	0	0	.	.	.
hisD.672	0	0	.	.	.
hisD.673	0	0	.	.	.
hisD.674	0	0	.	.	.
hisD.675	0	0	.	.	.
hisD.678	0	0	.	.	.
hisD.679	0	0	.	.	.
hisD.68	0	0	.	.	.
hisD.680	0	0	.	.	.
hisD.681	0	0	.	.	.
hisD.682	0	0	.	.	.
hisD.683	0	0	.	.	.
hisD.684	0	0	.	.	.
hisD.686	0	0	.	.	.
hisD.688	0	0	.	.	.
hisD.689	0	0	.	.	.
hisD.69	0	0	.	.	.
hisD.690	0	0	.	.	.
hisD.691	0	0	.	.	.
hisD.692	0	0	.	.	.
hisD.693	0	0	.	.	.
hisD.694	0	0	.	.	.
hisD.695	0	0	.	.	.
hisD.696	0	0	.	.	.
hisD.697	0	0	.	.	.
hisD.698	0	0	.	.	.
hisD.699	0	0	.	.	.
hisD.7	0	0	.	.	.
hisD.70	0	0	.	.	.
hisD.700	0	0	.	.	.
hisD.701	0	0	.	.	.
hisD.702	0	0	.	.	.
hisD.703	0	0	.	.	.
hisD.704	0	0	.	.	.
hisD.705	0	0	.	.	.
hisD.706	0	0	.	.	.
hisD.707	0	0	.	.	.
hisD.708	0	0	.	.	.
hisD.709	0	0	.	.	.
hisD.71	0	0	.	.	.
hisD.710	0	0	.	.	.
hisD.711	0	0	.	.	.
hisD.712	0	0	.	.	.
hisD.713	0	0	.	.	.
hisD.714	0	0	.	.	.
hisD.715	0	0	.	.	.
hisD.716	0	0	.	.	.
hisD.717	0	0	.	.	.
hisD.718	0	0	.	.	.
hisD.719	0	0	.	.	.
hisD.72	0	0	.	.	.
hisD.720	0	0	.	.	.
hisD.721	0	0	.	.	.
hisD.722	0	0	.	.	.
hisD.723	0	0	.	.	.
hisD.724	0	0	.	.	.
hisD.726	0	0	.	.	.
hisD.727	0	0	.	.	.
hisD.73	0	0	.	.	.
hisD.730	0	0	.	.	.
hisD.731	0	0	.	.	.
hisD.732	0	0	.	.	.
hisD.733	0	0	.	.	.
hisD.734	0	0	.	.	.
hisD.735	0	0	.	.	.
hisD.736	0	0	.	.	.
hisD.737	0	0	.	.	.
hisD.738	0	0	.	.	.
hisD.74	0	0	.	.	.
hisD.740	0	0	.	.	.
hisD.742	0	0	.	.	.
hisD.743	0	0	.	.	.
hisD.744	0	0	.	.	.
hisD.746	0	0	.	.	.
hisD.747	0	0	.	.	.
hisD.749	0	0	.	.	.
hisD.75	0	0	.	.	.
hisD.750	0	0	.	.	.
hisD.754	0	0	.	.	.
hisD.756	0	0	.	.	.
hisD.757	0	0	.	.	.
hisD.759	0	0	.	.	.
hisD.76	0	0	.	.	.
hisD.762	0	0	.	.	.
hisD.763	0	0	.	.	.
hisD.764	0	0	.	.	.
hisD.765	0	0	.	.	.
hisD.766	0	0	.	.	.
hisD.767	0	0	.	.	.
hisD.768	0	0	.	.	.
hisD.769	0	0	.	.	.
hisD.77	0	0	.	.	.
hisD.770	0	0	.	.	.
hisD.771	0	0	.	.	.
hisD.772	0	0	.	.	.
hisD.773	0	0	.	.	.
hisD.774	0	0	.	.	.
hisD.775	0	0	.	.	.
hisD.777	0	0	.	.	.
hisD.778	0	0	.	.	.
hisD.779	0	0	.	.	.
hisD.78	0	0	.	.	.
hisD.781	0	0	.	.	.
hisD.782	0	0	.	.	.
hisD.784	0	0	.	.	.
hisD.786	0	0	.	.	.
hisD.788	0	0	.	.	.
hisD.789	0	0	.	.	.
hisD.79	0	0	.	.	.
hisD.790	0	0	.	.	.
hisD.791	0	0	.	.	.
hisD.792	0	0	.	.	.
hisD.793	0	0	.	.	.
hisD.794	0	0	.	.	.
hisD.795	0	0	.	.	.
hisD.796	0	0	.	.	.
hisD.797	0	0	.	.	.
hisD.798	0	0	.	.	.
hisD.8	0	0	.	.	.
hisD.80	0	0	.	.	.
hisD.800	0	0	.	.	.
hisD.802	0	0	.	.	.
hisD.803	0	0	.	.	.
hisD.804	0	0	.	.	.
hisD.805	0	0	.	.	.
hisD.806	0	0	.	.	.
hisD.807	0	0	.	.	.
hisD.808	0	0	.	.	.
hisD.809	0	0	.	.	.
hisD.81	0	0	.	.	.
hisD.810	0	0	.	.	.
hisD.811	0	0	.	.	.
hisD.812	0	0	.	.	.
hisD.813	0	0	.	.	.
hisD.814	0	0	.	.	.
hisD.815	0	0	.	.	.
hisD.816	0	0	.	.	.
hisD.817	0	0	.	.	.
hisD.818	0	0	.	.	.
hisD.819	0	0	.	.	.
hisD.82	0	0	.	.	.
hisD.820	0	0	.	.	.
hisD.822	0	0	.	.	.
hisD.823	0	0	.	.	.
hisD.824	0	0	.	.	.
hisD.825	0	0	.	.	.
hisD.826	0	0	.	.	.
hisD.827	0	0	.	.	.
hisD.828	0	0	.	.	.
hisD.829	0	0	.	.	.
hisD.83	0	0	.	.	.
hisD.830	0	0	.	.	.
hisD.832	0	0	.	.	.
hisD.833	0	0	.	.	.
hisD.834	0	0	.	.	.
hisD.835	0	0	.	.	.
hisD.836	0	0	.	.	.
hisD.837	0	0	.	.	.
hisD.838	0	0	.	.	.
hisD.839	0	0	.	.	.
hisD.84	0	0	.	.	.
hisD.840	0	0	.	.	.
hisD.841	0	0	.	.	.
hisD.842	0	0	.	.	.
hisD.843	0	0	.	.	.
hisD.844	0	0	.	.	.
hisD.845	0	0	.	.	.
hisD.846	0	0	.	.	.
hisD.847	0	0	.	.	.
hisD.848	0	0	.	.	.
hisD.849	0	0	.	.	.
hisD.85	0	0	.	.	.
hisD.850	0	0	.	.	.
hisD.851	0	0	.	.	.
hisD.853	0	0	.	.	.
hisD.854	0	0	.	.	.
hisD.855	0	0	.	.	.
hisD.856	0	0	.	.	.
hisD.857	0	0	.	.	.
hisD.858	0	0	.	.	.
hisD.859	0	0	.	.	.
hisD.86	0	0	.	.	.
hisD.860	0	0	.	.	.
hisD.861	0	0	.	.	.
hisD.862	0	0	.	.	.
hisD.863	0	0	.	.	.
hisD.864	0	0	.	.	.
hisD.865	0	0	.	.	.
hisD.866	0	0	.	.	.
hisD.867	0	0	.	.	.
hisD.868	0	0	.	.	.
hisD.869	0	0	.	.	.
hisD.87	0	0	.	.	.
hisD.870	0	0	.	.	.
hisD.876	0	0	.	.	.
hisD.877	0	0	.	.	.
hisD.878	0	0	.	.	.
hisD.879	0	0	.	.	.
hisD.88	0	0	.	.	.
hisD.880	0	0	.	.	.
hisD.881	0	0	.	.	.
hisD.882	0	0	.	.	.
hisD.883	0	0	.	.	.
hisD.884	0	0	.	.	.
hisD.885	0	0	.	.	.
hisD.886	0	0	.	.	.
hisD.887	0	0	.	.	.
hisD.888	0	0	.	.	.
hisD.889	0	0	.	.	.
hisD.89	0	0	.	.	.
hisD.890	0	0	.	.	.
hisD.891	0	0	.	.	.
hisD.892	0	0	.	.	.
hisD.893	0	0	.	.	.
hisD.894	0	0	.	.	.
hisD.895	0	0	.	.	.
hisD.896	0	0	.	.	.
hisD.897	0	0	.	.	.
hisD.898	0	0	.	.	.
hisD.899	0	0	.	.	.
hisD.9	0	0	.	.	.
hisD.90	0	0	.	.	.
hisD.900	0	0	.	.	.
hisD.901	0	0	.	.	.
hisD.902	0	0	.	.	.
hisD.903	0	0	.	.	.
hisD.904	0	0	.	.	.
hisD.905	0	0	.	.	.
hisD.906	0	0	.	.	.
hisD.907	0	0	.	.	.
hisD.908	0	0	.	.	.
hisD.909	0	0	.	.	.
hisD.91	0	0	.	.	.
hisD.910	0	0	.	.	.
hisD.911	0	0	.	.	.
hisD.912	0	0	.	.	.
hisD.913	0	0	.	.	.
hisD.914	0	0	.	.	.
hisD.915	0	0	.	.	.
hisD.916	0	0	.	.	.
hisD.917	0	0	.	.	.
hisD.918	0	0	.	.	.
hisD.919	0	0	.	.	.
hisD.92	0	0	.	.	.
hisD.920	0	0	.	.	.
hisD.922	0	0	.	.	.
hisD.923	0	0	.	.	.
hisD.924	0	0	.	.	.
hisD.925	0	0	.	.	.
hisD.927	0	0	.	.	.
hisD.928	0	0	.	.	.
hisD.929	0	0	.	.	.
hisD.93	0	0	.	.	.
hisD.930	0	0	.	.	.
hisD.931	0	0	.	.	.
hisD.932	0	0	.	.	.
hisD.933	0	0	.	.	.
hisD.934	0	0	.	.	.
hisD.935	0	0	.	.	.
hisD.936	0	0	.	.	.
hisD.937	0	0	.	.	.
hisD.938	0	0	.	.	.
hisD.939	0	0	.	.	.
hisD.94	0	0	.	.	.
hisD.940	0	0	.	.	.
hisD.941	0	0	.	.	.
hisD.942	0	0	.	.	.
hisD.943	0	0	.	.	.
hisD.944	0	0	.	.	.
hisD.945	0	0	.	.	.
hisD.946	0	0	.	.	.
hisD.95	0	0	.	.	.
hisD.951	0	0	.	.	.
hisD.952	0	0	.	.	.
hisD.953	0	0	.	.	.
hisD.954	0	0	.	.	.
hisD.955	0	0	.	.	.
hisD.956	0	0	.	.	.
hisD.957	0	0	.	.	.
hisD.958	0	0	.	.	.
hisD.959	0	0	.	.	.
hisD.96	0	0	.	.	.
hisD.960	0	0	.	.	.
hisD.961	0	0	.	.	.
hisD.963	0	0	.	.	.
hisD.964	0	0	.	.	.
hisD.965	0	0	.	.	.
hisD.966	0	0	.	.	.
hisD.967	0	0	.	.	.
hisD.969	0	0	.	.	.
hisD.97	0	0	.	.	.
hisD.970	0	0	.	.	.
hisD.971	0	0	.	.	.
hisD.972	0	0	.	.	.
hisD.973	0	0	.	.	.
hisD.974	0	0	.	.	.
hisD.975	0	0	.	.	.
hisD.976	0	0	.	.	.
hisD.977	0	0	.	.	.
hisD.978	0	0	.	.	.
hisD.979	0	0	.	.	.
hisD.98	0	0	.	.	.
hisD.980	0	0	.	.	.
hisD.981	0	0	.	.	.
hisD.982	0	0	.	.	.
hisD.983	0	0	.	.	.
hisD.984	0	0	.	.	.
hisD.985	0	0	.	.	.
hisD.986	0	0	.	.	.
hisD.987	0	0	.	.	.
hisD.988	0	0	.	.	.
hisD.989	0	0	.	.	.
hisD.99	0	0	.	.	.
purE.1	0	0	.	.	.
purE.10	0	0	.	.	.
purE.100	0	0	.	.	.
purE.101	0	0	.	.	.
purE.102	0	0	.	.	.
purE.103	0	0	.	.	.
purE.104	0	0	.	.	.
purE.105	0	0	.	.	.
purE.106	0	0	.	.	.
purE.107	0	0	.	.	.
purE.108	0	0	.	.	.
purE.109	0	0	.	.	.
purE.11	0	0	.	.	.
purE.110	0	0	.	.	.
purE.111	0	0	.	.	.
purE.112	0	0	.	.	.
purE.113	0	0	.	.	.
purE.114	0	0	.	.	.
purE.115	0	0	.	.	.
purE.116	0	0	.	.	.
purE.117	0	0	.	.	.
purE.118	0	0	.	.	.
purE.119	0	0	.	.	.
purE.12	0	0	.	.	.
purE.120	0	0	.	.	.
purE.121	0	0	.	.	.
purE.122	0	0	.	.	.
purE.123	0	0	.	.	.
purE.124	0	0	.	.	.
purE.125	0	0	.	.	.
purE.126	0	0	.	.	.
purE.127	0	0	.	.	.
purE.128	0	0	.	.	.
purE.129	0	0	.	.	.
purE.13	0	0	.	.	.
purE.130	0	0	.	.	.
purE.131	0	0	.	.	.
purE.132	0	0	.	.	.
purE.133	0	0	.	.	.
purE.134	0	0	.	.	.
purE.135	0	0	.	.	.
purE.136	0	0	.	.	.
purE.137	0	0	.	.	.
purE.138	0	0	.	.	.
purE.139	0	0	.	.	.
purE.14	0	0	.	.	.
purE.140	0	0	.	.	.
purE.141	0	0	.	.	.
purE.142	0	0	.	.	.
purE.143	0	0	.	.	.
purE.144	0	0	.	.	.
purE.145	0	0	.	.	.
purE.146	0	0	.	.	.
purE.147	0	0	.	.	.
purE.148	0	0	.	.	.
purE.149	0	0	.	.	.
purE.15	0	0	.	.	.
purE.150	0	0	.	.	.
purE.151	0	0	.	.	.
purE.152	0	0	.	.	.
purE.153	0	0	.	.	.
purE.154	0	0	.	.	.
purE.155	0	0	.	.	.
purE.156	0	0	.	.	.
purE.157	0	0	.	.	.
purE.158	0	0	.	.	.
purE.159	0	0	.	.	.
purE.16	0	0	.	.	.
purE.160	0	0	.	.	.
purE.161	0	0	.	.	.
purE.162	0	0	.	.	.
purE.163	0	0	.	.	.
purE.164	0	0	.	.	.
purE.165	0	0	.	.	.
purE.166	0	0	.	.	.
purE.167	0	0	.	.	.
purE.168	0	0	.	.	.
purE.169	0	0	.	.	.
purE.17	0	0	.	.	.
purE.170	0	0	.	.	.
purE.172	0	0	.	.	.
purE.173	0	0	.	.	.
purE.174	0	0	.	.	.
purE.175	0	0	.	.	.
purE.176	0	0	.	.	.
purE.177	0	0	.	.	.
purE.178	0	0	.	.	.
purE.179	0	0	.	.	.
purE.18	0	0	.	.	.
purE.182	0	0	.	.	.
purE.183	0	0	.	.	.
purE.184	0	0	.	.	.
purE.185	0	0	.	.	.
purE.186	0	0	.	.	.
purE.187	0	0	.	.	.
purE.188	0	0	.	.	.
purE.189	0	0	.	.	.
purE.19	0	0	.	.	.
purE.190	0	0	.	.	.
purE.191	0	0	.	.	.
purE.192	0	0	.	.	.
purE.193	0	0	.	.	.
purE.199	0	0	.	.	.
purE.2	0	0	.	.	.
purE.20	0	0	.	.	.
purE.206	0	0	.	.	.
purE.207	0	0	.	.	.
purE.208	0	0	.	.	.
purE.209	0	0	.	.	.
purE.21	0	0	.	.	.
purE.210	0	0	.	.	.
purE.213	0	0	.	.	.
purE.214	0	0	.	.	.
purE.215	0	0	.	.	.
purE.216	0	0	.	.	.
purE.217	0	0	.	.	.
purE.218	0	0	.	.	.
purE.219	0	0	.	.	.
purE.22	0	0	.	.	.
purE.220	0	0	.	.	.
purE.221	0	0	.	.	.
purE.222	0	0	.	.	.
purE.223	0	0	.	.	.
purE.224	0	0	.	.	.
purE.225	0	0	.	.	.
purE.226	0	0	.	.	.
purE.227	0	0	.	.	.
purE.228	0	0	.	.	.
purE.229	0	0	.	.	.
purE.23	0	0	.	.	.
purE.230	0	0	.	.	.
purE.231	0	0	.	.	.
purE.232	0	0	.	.	.
purE.233	0	0	.	.	.
purE.234	0	0	.	.	.
purE.235	0	0	.	.	.
purE.236	0	0	.	.	.
purE.237	0	0	.	.	.
purE.24	0	0	.	.	.
purE.240	0	0	.	.	.
purE.241	0	0	.	.	.
purE.243	0	0	.	.	.
purE.244	0	0	.	.	.
purE.245	0	0	.	.	.
purE.246	0	0	.	.	.
purE.248	0	0	.	.	.
purE.249	0	0	.	.	.
purE.25	0	0	.	.	.
purE.250	0	0	.	.	.
purE.251	0	0	.	.	.
purE.252	0	0	.	.	.
purE.253	0	0	.	.	.
purE.254	0	0	.	.	.
purE.255	0	0	.	.	.
purE.256	0	0	.	.	.
purE.257	0	0	.	.	.
purE.258	0	0	.	.	.
purE.259	0	0	.	.	.
purE.26	0	0	.	.	.
purE.260	0	0	.	.	.
purE.261	0	0	.	.	.
purE.262	0	0	.	.	.
purE.263	0	0	.	.	.
purE.264	0	0	.	.	.
purE.265	0	0	.	.	.
purE.266	0	0	.	.	.
purE.267	0	0	.	.	.
purE.268	0	0	.	.	.
purE.269	0	0	.	.	.
purE.27	0	0	.	.	.
purE.270	0	0	.	.	.
purE.271	0	0	.	.	.
purE.272	0	0	.	.	.
purE.273	0	0	.	.	.
purE.274	0	0	.	.	.
purE.275	0	0	.	.	.
purE.276	0	0	.	.	.
purE.277	0	0	.	.	.
purE.278	0	0	.	.	.
purE.279	0	0	.	.	.
purE.28	0	0	.	.	.
purE.280	0	0	.	.	.
purE.281	0	0	.	.	.
purE.282	0	0	.	.	.
purE.283	0	0	.	.	.
purE.284	0	0	.	.	.
purE.285	0	0	.	.	.
purE.286	0	0	.	.	.
purE.287	0	0	.	.	.
purE.288	0	0	.	.	.
purE.289	0	0	.	.	.
purE.29	0	0	.	.	.
purE.291	0	0	.	.	.
purE.292	0	0	.	.	.
purE.293	0	0	.	.	.
purE.294	0	0	.	.	.
purE.295	0	0	.	.	.
purE.296	0	0	.	.	.
purE.297	0	0	.	.	.
purE.299	0	0	.	.	.
purE.3	0	0	.	.	.
purE.30	0	0	.	.	.
purE.300	0	0	.	.	.
purE.301	0	0	.	.	.
purE.302	0	0	.	.	.
purE.303	0	0	.	.	.
purE.304	0	0	.	.	.
purE.305	0	0	.	.	.
purE.306	0	0	.	.	.
purE.309	0	0	.	.	.
purE.31	0	0	.	.	.
purE.310	0	0	.	.	.
purE.311	0	0	.	.	.
purE.312	0	0	.	.	.
purE.313	0	0	.	.	.
purE.314	0	0	.	.	.
purE.315	0	0	.	.	.
purE.316	0	0	.	.	.
purE.317	0	0	.	.	.
purE.318	0	0	.	.	.
purE.319	0	0	.	.	.
purE.32	0	0	.	.	.
purE.320	0	0	.	.	.
purE.321	0	0	.	.	.
purE.322	0	0	.	.	.
purE.323	0	0	.	.	.
purE.324	0	0	.	.	.
purE.325	0	0	.	.	.
purE.326	0	0	.	.	.
purE.327	0	0	.	.	.
purE.328	0	0	.	.	.
purE.329	0	0	.	.	.
purE.33	0	0	.	.	.
purE.330	0	0	.	.	.
purE.331	0	0	.	.	.
purE.332	0	0	.	.	.
purE.333	0	0	.	.	.
purE.334	0	0	.	.	.
purE.335	0	0	.	.	.
purE.336	0	0	.	.	.
purE.337	0	0	.	.	.
purE.338	0	0	.	.	.
purE.339	0	0	.	.	.
purE.34	0	0	.	.	.
purE.340	0	0	.	.	.
purE.341	0	0	.	.	.
purE.342	0	0	.	.	.
purE.343	0	0	.	.	.
purE.344	0	0	.	.	.
purE.345	0	0	.	.	.
purE.346	0	0	.	.	.
purE.347	0	0	.	.	.
purE.348	0	0	.	.	.
purE.349	0	0	.	.	.
purE.35	0	0	.	.	.
purE.350	0	0	.	.	.
purE.351	0	0	.	.	.
purE.352	0	0	.	.	.
purE.353	0	0	.	.	.
purE.354	0	0	.	.	.
purE.355	0	0	.	.	.
purE.356	0	0	.	.	.
purE.357	0	0	.	.	.
purE.358	0	0	.	.	.
purE.359	0	0	.	.	.
purE.36	0	0	.	.	.
purE.360	0	0	.	.	.
purE.361	0	0	.	.	.
purE.362	0	0	.	.	.
purE.363	0	0	.	.	.
purE.364	0	0	.	.	.
purE.365	0	0	.	.	.
purE.366	0	0	.	.	.
purE.367	0	0	.	.	.
purE.368	0	0	.	.	.
purE.369	0	0	.	.	.
purE.37	0	0	.	.	.
purE.370	0	0	.	.	.
purE.371	0	0	.	.	.
purE.372	0	0	.	.	.
purE.373	0	0	.	.	.
purE.374	0	0	.	.	.
purE.375	0	0	.	.	.
purE.376	0	0	.	.	.
purE.377	0	0	.	.	.
purE.378	0	0	.	.	.
purE.379	0	0	.	.	.
purE.38	0	0	.	.	.
purE.380	0	0	.	.	.
purE.381	0	0	.	.	.
purE.382	0	0	.	.	.
purE.383	0	0	.	.	.
purE.384	0	0	.	.	.
purE.385	0	0	.	.	.
purE.386	0	0	.	.	.
purE.387	0	0	.	.	.
purE.388	0	0	.	.	.
purE.389	0	0	.	.	.
purE.39	0	0	.	.	.
purE.390	0	0	.	.	.
purE.391	0	0	.	.	.
purE.392	0	0	.	.	.
purE.393	0	0	.	.	.
purE.394	0	0	.	.	.
purE.395	0	0	.	.	.
purE.396	0	0	.	.	.
purE.397	0	0	.	.	.
purE.398	0	0	.	.	.
purE.399	0	0	.	.	.
purE.4	0	0	.	.	.
purE.40	0	0	.	.	.
purE.400	0	0	.	.	.
purE.401	0	0	.	.	.
purE.402	0	0	.	.	.
purE.403	0	0	.	.	.
purE.404	0	0	.	.	.
purE.405	0	0	.	.	.
purE.406	0	0	.	.	.
purE.407	0	0	.	.	.
purE.408	0	0	.	.	.
purE.409	0	0	.	.	.
purE.41	0	0	.	.	.
purE.410	0	0	.	.	.
purE.411	0	0	.	.	.
purE.412	0	0	.	.	.
purE.413	0	0	.	.	.
purE.414	0	0	.	.	.
purE.415	0	0	.	.	.
purE.416	0	0	.	.	.
purE.417	0	0	.	.	.
purE.418	0	0	.	.	.
purE.419	0	0	.	.	.
purE.42	0	0	.	.	.
purE.420	0	0	.	.	.
purE.421	0	0	.	.	.
purE.423	0	0	.	.	.
purE.424	0	0	.	.	.
purE.425	0	0	.	.	.
purE.426	0	0	.	.	.
purE.428	0	0	.	.	.
purE.429	0	0	.	.	.
purE.43	0	0	.	.	.
purE.430	0	0	.	.	.
purE.431	0	0	.	.	.
purE.432	0	0	.	.	.
purE.434	0	0	.	.	.
purE.437	0	0	.	.	.
purE.438	0	0	.	.	.
purE.439	0	0	.	.	.
purE.44	0	0	.	.	.
purE.440	0	0	.	.	.
purE.441	0	0	.	.	.
purE.442	0	0	.	.	.
purE.443	0	0	.	.	.
purE.444	0	0	.	.	.
purE.445	0	0	.	.	.
purE.446	0	0	.	.	.
purE.447	0	0	.	.	.
purE.448	0	0	.	.	.
purE.449	0	0	.	.	.
purE.45	0	0	.	.	.
purE.450	0	0	.	.	.
purE.451	0	0	.	.	.
purE.452	0	0	.	.	.
purE.453	0	0	.	.	.
purE.454	0	0	.	.	.
purE.455	0	0	.	.	.
purE.456	0	0	.	.	.
purE.457	0	0	.	.	.
purE.458	0	0	.	.	.
purE.459	0	0	.	.	.
purE.46	0	0	.	.	.
purE.460	0	0	.	.	.
purE.461	0	0	.	.	.
purE.462	0	0	.	.	.
purE.463	0	0	.	.	.
purE.464	0	0	.	.	.
purE.466	0	0	.	.	.
purE.467	0	0	.	.	.
purE.468	0	0	.	.	.
purE.469	0	0	.	.	.
purE.47	0	0	.	.	.
purE.470	0	0	.	.	.
purE.471	0	0	.	.	.
purE.472	0	0	.	.	.
purE.473	0	0	.	.	.
purE.475	0	0	.	.	.
purE.476	0	0	.	.	.
purE.477	0	0	.	.	.
purE.478	0	0	.	.	.
purE.479	0	0	.	.	.
purE.48	0	0	.	.	.
purE.480	0	0	.	.	.
purE.481	0	0	.	.	.
purE.482	0	0	.	.	.
purE.483	0	0	.	.	.
purE.484	0	0	.	.	.
purE.485	0	0	.	.	.
purE.486	0	0	.	.	.
purE.487	0	0	.	.	.
purE.488	0	0	.	.	.
purE.489	0	0	.	.	.
purE.49	0	0	.	.	.
purE.490	0	0	.	.	.
purE.491	0	0	.	.	.
purE.492	0	0	.	.	.
purE.493	0	0	.	.	.
purE.494	0	0	.	.	.
purE.495	0	0	.	.	.
purE.496	0	0	.	.	.
purE.497	0	0	.	.	.
purE.498	0	0	.	.	.
purE.499	0	0	.	.	.
purE.5	0	0	.	.	.
purE.50	0	0	.	.	.
purE.500	0	0	.	.	.
purE.501	0	0	.	.	.
purE.502	0	0	.	.	.
purE.503	0	0	.	.	.
purE.504	0	0	.	.	.
purE.505	0	0	.	.	.
purE.507	0	0	.	.	.
purE.508	0	0	.	.	.
purE.509	0	0	.	.	.
purE.51	0	0	.	.	.
purE.510	0	0	.	.	.
purE.511	0	0	.	.	.
purE.512	0	0	.	.	.
purE.513	0	0	.	.	.
purE.514	0	0	.	.	.
purE.515	0	0	.	.	.
purE.516	0	0	.	.	.
purE.517	0	0	.	.	.
purE.518	0	0	.	.	.
purE.519	0	0	.	.	.
purE.520	0	0	.	.	.
purE.521	0	0	.	.	.
purE.522	0	0	.	.	.
purE.523	0	0	.	.	.
purE.524	0	0	.	.	.
purE.525	0	0	.	.	.
purE.526	0	0	.	.	.
purE.527	0	0	.	.	.
purE.528	0	0	.	.	.
purE.529	0	0	.	.	.
purE.53	0	0	.	.	.
purE.530	0	0	.	.	.
purE.531	0	0	.	.	.
purE.532	0	0	.	.	.
purE.533	0	0	.	.	.
purE.534	0	0	.	.	.
purE.535	0	0	.	.	.
purE.536	0	0	.	.	.
purE.537	0	0	.	.	.
purE.538	0	0	.	.	.
purE.539	0	0	.	.	.
purE.54	0	0	.	.	.
purE.540	0	0	.	.	.
purE.541	0	0	.	.	.
purE.542	0	0	.	.	.
purE.544	0	0	.	.	.
purE.546	0	0	.	.	.
purE.547	0	0	.	.	.
purE.548	0	0	.	.	.
purE.549	0	0	.	.	.
purE.55	0	0	.	.	.
purE.551	0	0	.	.	.
purE.553	0	0	.	.	.
purE.554	0	0	.	.	.
purE.555	0	0	.	.	.
purE.556	0	0	.	.	.
purE.557	0	0	.	.	.
purE.558	0	0	.	.	.
purE.559	0	0	.	.	.
purE.56	0	0	.	.	.
purE.560	0	0	.	.	.
purE.561	0	0	.	.	.
purE.562	0	0	.	.	.
purE.563	0	0	.	.	.
purE.564	0	0	.	.	.
purE.565	0	0	.	.	.
purE.566	0	0	.	.	.
purE.567	0	0	.	.	.
purE.568	0	0	.	.	.
purE.569	0	0	.	.	.
purE.57	0	0	.	.	.
purE.570	0	0	.	.	.
purE.571	0	0	.	.	.
purE.572	0	0	.	.	.
purE.573	0	0	.	.	.
purE.575	0	0	.	.	.
purE.576	0	0	.	.	.
purE.577	0	0	.	.	.
purE.578	0	0	.	.	.
purE.579	0	0	.	.	.
purE.58	0	0	.	.	.
purE.580	0	0	.	.	.
purE.581	0	0	.	.	.
purE.582	0	0	.	.	.
purE.584	0	0	.	.	.
purE.585	0	0	.	.	.
purE.586	0	0	.	.	.
purE.587	0	0	.	.	.
purE.588	0	0	.	.	.
purE.589	0	0	.	.	.
purE.59	0	0	.	.	.
purE.590	0	0	.	.	.
purE.591	0	0	.	.	.
purE.592	0	0	.	.	.
purE.593	0	0	.	.	.
purE.594	0	0	.	.	.
purE.595	0	0	.	.	.
purE.596	0	0	.	.	.
purE.597	0	0	.	.	.
purE.598	0	0	.	.	.
purE.599	0	0	.	.	.
purE.6	0	0	.	.	.
purE.60	0	0	.	.	.
purE.600	0	0	.	.	.
purE.601	0	0	.	.	.
purE.608	0	0	.	.	.
purE.61	0	0	.	.	.
purE.611	0	0	.	.	.
purE.612	0	0	.	.	.
purE.614	0	0	.	.	.
purE.615	0	0	.	.	.
purE.616	0	0	.	.	.
purE.617	0	0	.	.	.
purE.618	0	0	.	.	.
purE.619	0	0	.	.	.
purE.62	0	0	.	.	.
purE.620	0	0	.	.	.
purE.621	0	0	.	.	.
purE.622	0	0	.	.	.
purE.623	0	0	.	.	.
purE.624	0	0	.	.	.
purE.625	0	0	.	.	.
purE.626	0	0	.	.	.
purE.627	0	0	.	.	.
purE.628	0	0	.	.	.
purE.629	0	0	.	.	.
purE.63	0	0	.	.	.
purE.630	0	0	.	.	.
purE.632	0	0	.	.	.
purE.633	0	0	.	.	.
purE.634	0	0	.	.	.
purE.635	0	0	.	.	.
purE.636	0	0	.	.	.
purE.637	0	0	.	.	.
purE.638	0	0	.	.	.
purE.639	0	0	.	.	.
purE.64	0	0	.	.	.
purE.640	0	0	.	.	.
purE.641	0	0	.	.	.
purE.642	0	0	.	.	.
purE.643	0	0	.	.	.
purE.644	0	0	.	.	.
purE.645	0	0	.	.	.
purE.646	0	0	.	.	.
purE.647	0	0	.	.	.
purE.648	0	0	.	.	.
purE.65	0	0	.	.	.
purE.655	0	0	.	.	.
purE.657	0	0	.	.	.
purE.658	0	0	.	.	.
purE.66	0	0	.	.	.
purE.664	0	0	.	.	.
purE.665	0	0	.	.	.
purE.666	0	0	.	.	.
purE.670	0	0	.	.	.
purE.671	0	0	.	.	.
purE.672	0	0	.	.	.
purE.675	0	0	.	.	.
purE.676	0	0	.	.	.
purE.677	0	0	.	.	.
purE.678	0	0	.	.	.
purE.679	0	0	.	.	.
purE.68	0	0	.	.	.
purE.680	0	0	.	.	.
purE.683	0	0	.	.	.
purE.685	0	0	.	.	.
purE.686	0	0	.	.	.
purE.687	0	0	.	.	.
purE.689	0	0	.	.	.
purE.690	0	0	.	.	.
purE.691	0	0	.	.	.
purE.692	0	0	.	.	.
purE.695	0	0	.	.	.
purE.696	0	0	.	.	.
purE.698	0	0	.	.	.
purE.699	0	0	.	.	.
purE.7	0	0	.	.	.
purE.70	0	0	.	.	.
purE.701	0	0	.	.	.
purE.702	0	0	.	.	.
purE.703	0	0	.	.	.
purE.705	0	0	.	.	.
purE.706	0	0	.	.	.
purE.707	0	0	.	.	.
purE.708	0	0	.	.	.
purE.709	0	0	.	.	.
purE.71	0	0	.	.	.
purE.710	0	0	.	.	.
purE.711	0	0	.	.	.
purE.712	0	0	.	.	.
purE.713	0	0	.	.	.
purE.714	0	0	.	.	.
purE.715	0	0	.	.	.
purE.716	0	0	.	.	.
purE.717	0	0	.	.	.
purE.718	0	0	.	.	.
purE.719	0	0	.	.	.
purE.720	0	0	.	.	.
purE.721	0	0	.	.	.
purE.722	0	0	.	.	.
purE.723	0	0	.	.	.
purE.724	0	0	.	.	.
purE.725	0	0	.	.	.
purE.726	0	0	.	.	.
purE.727	0	0	.	.	.
purE.728	0	0	.	.	.
purE.729	0	0	.	.	.
purE.73	0	0	.	.	.
purE.730	0	0	.	.	.
purE.731	0	0	.	.	.
purE.732	0	0	.	.	.
purE.733	0	0	.	.	.
purE.734	0	0	.	.	.
purE.735	0	0	.	.	.
purE.736	0	0	.	.	.
purE.737	0	0	.	.	.
purE.738	0	0	.	.	.
purE.739	0	0	.	.	.
purE.740	0	0	.	.	.
purE.741	0	0	.	.	.
purE.742	0	0	.	.	.
purE.743	0	0	.	.	.
purE.744	0	0	.	.	.
purE.745	0	0	.	.	.
purE.746	0	0	.	.	.
purE.747	0	0	.	.	.
purE.750	0	0	.	.	.
purE.754	0	0	.	.	.
purE.755	0	0	.	.	.
purE.756	0	0	.	.	.
purE.757	0	0	.	.	.
purE.758	0	0	.	.	.
purE.759	0	0	.	.	.
purE.76	0	0	.	.	.
purE.760	0	0	.	.	.
purE.762	0	0	.	.	.
purE.763	0	0	.	.	.
purE.764	0	0	.	.	.
purE.765	0	0	.	.	.
purE.766	0	0	.	.	.
purE.768	0	0	.	.	.
purE.769	0	0	.	.	.
purE.77	0	0	.	.	.
purE.770	0	0	.	.	.
purE.771	0	0	.	.	.
purE.772	0	0	.	.	.
purE.774	0	0	.	.	.
purE.776	0	0	.	.	.
purE.777	0	0	.	.	.
purE.778	0	0	.	.	.
purE.779	0	0	.	.	.
purE.78	0	0	.	.	.
purE.780	0	0	.	.	.
purE.782	0	0	.	.	.
purE.783	0	0	.	.	.
purE.784	0	0	.	.	.
purE.785	0	0	.	.	.
purE.79	0	0	.	.	.
purE.8	0	0	.	.	.
purE.80	0	0	.	.	.
purE.81	0	0	.	.	.
purE.82	0	0	.	.	.
purE.83	0	0	.	.	.
purE.84	0	0	.	.	.
purE.85	0	0	.	.	.
purE.86	0	0	.	.	.
purE.88	0	0	.	.	.
purE.89	0	0	.	.	.
purE.9	0	0	.	.	.
purE.90	0	0	.	.	.
purE.91	0	0	.	.	.
purE.92	0	0	.	.	.
purE.93	0	0	.	.	.
purE.94	0	0	.	.	.
purE.95	0	0	.	.	.
purE.96	0	0	.	.	.
purE.97	0	0	.	.	.
purE.98	0	0	.	.	.
purE.99	0	0	.	.	.
sucA.1	0	0	.	.	.
sucA.10	0	0	.	.	.
sucA.100	0	0	.	.	.
sucA.101	0	0	.	.	.
sucA.102	0	0	.	.	.
sucA.103	0	0	.	.	.
sucA.104	0	0	.	.	.
sucA.105	0	0	.	.	.
sucA.106	0	0	.	.	.
sucA.107	0	0	.	.	.
sucA.108	0	0	.	.	.
sucA.109	0	0	.	.	.
sucA.11	0	0	.	.	.
sucA.110	0	0	.	.	.
sucA.111	0	0	.	.	.
sucA.112	0	0	.	.	.
sucA.113	0	0	.	.	.
sucA.114	0	0	.	.	.
sucA.115	0	0	.	.	.
sucA.116	0	0	.	.	.
sucA.117	0	0	.	.	.
sucA.118	0	0	.	.	.
sucA.119	0	0	.	.	.
sucA.12	0	0	.	.	.
sucA.120	0	0	.	.	.
sucA.121	0	0	.	.	.
sucA.122	0	0	.	.	.
sucA.123	0	0	.	.	.
sucA.124	0	0	.	.	.
sucA.126	0	0	.	.	.
sucA.127	0	0	.	.	.
sucA.128	0	0	.	.	.
sucA.129	0	0	.	.	.
sucA.13	0	0	.	.	.
sucA.130	0	0	.	.	.
sucA.131	0	0	.	.	.
sucA.132	0	0	.	.	.
sucA.133	0	0	.	.	.
sucA.134	0	0	.	.	.
sucA.135	0	0	.	.	.
sucA.136	0	0	.	.	.
sucA.137	0	0	.	.	.
sucA.138	0	0	.	.	.
sucA.139	0	0	.	.	.
sucA.14	0	0	.	.	.
sucA.141	0	0	.	.	.
sucA.142	0	0	.	.	.
sucA.143	0	0	.	.	.
sucA.144	0	0	.	.	.
sucA.145	0	0	.	.	.
sucA.146	0	0	.	.	.
sucA.147	0	0	.	.	.
sucA.148	0	0	.	.	.
sucA.149	0	0	.	.	.
sucA.15	0	0	.	.	.
sucA.150	0	0	.	.	.
sucA.151	0	0	.	.	.
sucA.152	0	0	.	.	.
sucA.153	0	0	.	.	.
sucA.154	0	0	.	.	.
sucA.155	0	0	.	.	.
sucA.156	0	0	.	.	.
sucA.157	0	0	.	.	.
sucA.158	0	0	.	.	.
sucA.159	0	0	.	.	.
sucA.16	0	0	.	.	.
sucA.160	0	0	.	.	.
sucA.161	0	0	.	.	.
sucA.162	0	0	.	.	.
sucA.163	0	0	.	.	.
sucA.164	0	0	.	.	.
sucA.165	0	0	.	.	.
sucA.166	0	0	.	.	.
sucA.167	0	0	.	.	.
sucA.168	0	0	.	.	.
sucA.169	0	0	.	.	.
sucA.17	0	0	.	.	.
sucA.170	0	0	.	.	.
sucA.171	0	0	.	.	.
sucA.172	0	0	.	.	.
sucA.173	0	0	.	.	.
sucA.174	0	0	.	.	.
sucA.175	0	0	.	.	.
sucA.176	0	0	.	.	.
sucA.177	0	0	.	.	.
sucA.178	0	0	.	.	.
sucA.179	0	0	.	.	.
sucA.18	0	0	.	.	.
sucA.180	0	0	.	.	.
sucA.181	0	0	.	.	.
sucA.182	0	0	.	.	.
sucA.183	0	0	.	.	.
sucA.184	0	0	.	.	.
sucA.185	0	0	.	.	.
sucA.186	0	0	.	.	.
sucA.187	0	0	.	.	.
sucA.188	0	0	.	.	.
sucA.189	0	0	.	.	.
sucA.19	0	0	.	.	.
sucA.190	0	0	.	.	.
sucA.191	0	0	.	.	.
sucA.192	0	0	.	.	.
sucA.193	0	0	.	.	.
sucA.195	0	0	.	.	.
sucA.196	0	0	.	.	.
sucA.197	0	0	.	.	.
sucA.198	0	0	.	.	.
sucA.199	0	0	.	.	.
sucA.2	0	0	.	.	.
sucA.20	0	0	.	.	.
sucA.200	0	0	.	.	.
sucA.201	0	0	.	.	.
sucA.202	0	0	.	.	.
sucA.203	0	0	.	.	.
sucA.204	0	0	.	.	.
sucA.205	0	0	.	.	.
sucA.206	0	0	.	.	.
sucA.207	0	0	.	.	.
sucA.208	0	0	.	.	.
sucA.209	0	0	.	.	.
sucA.21	0	0	.	.	.
sucA.210	0	0	.	.	.
sucA.211	0	0	.	.	.
sucA.212	0	0	.	.	.
sucA.213	0	0	.	.	.
sucA.214	0	0	.	.	.
sucA.215	0	0	.	.	.
sucA.216	0	0	.	.	.
sucA.219	0	0	.	.	.
sucA.22	0	0	.	.	.
sucA.221	0	0	.	.	.
sucA.222	0	0	.	.	.
sucA.223	0	0	.	.	.
sucA.224	0	0	.	.	.
sucA.225	0	0	.	.	.
sucA.226	0	0	.	.	.
sucA.227	0	0	.	.	.
sucA.228	0	0	.	.	.
sucA.229	0	0	.	.	.
sucA.23	0	0	.	.	.
sucA.230	0	0	.	.	.
sucA.231	0	0	.	.	.
sucA.232	0	0	.	.	.
sucA.233	0	0	.	.	.
sucA.234	0	0	.	.	.
sucA.235	0	0	.	.	.
sucA.236	0	0	.	.	.
sucA.237	0	0	.	.	.
sucA.238	0	0	.	.	.
sucA.239	0	0	.	.	.
sucA.24	0	0	.	.	.
sucA.240	0	0	.	.	.
sucA.241	0	0	.	.	.
sucA.243	0	0	.	.	.
sucA.244	0	0	.	.	.
sucA.245	0	0	.	.	.
sucA.246	0	0	.	.	.
sucA.247	0	0	.	.	.
sucA.248	0	0	.	.	.
sucA.249	0	0	.	.	.
sucA.25	0	0	.	.	.
sucA.250	0	0	.	.	.
sucA.251	0	0	.	.	.
sucA.252	0	0	.	.	.
sucA.253	0	0	.	.	.
sucA.254	0	0	.	.	.
sucA.255	0	0	.	.	.
sucA.256	0	0	.	.	.
sucA.257	0	0	.	.	.
sucA.258	0	0	.	.	.
sucA.259	0	0	.	.	.
sucA.26	0	0	.	.	.
sucA.260	0	0	.	.	.
sucA.261	0	0	.	.	.
sucA.262	0	0	.	.	.
sucA.263	0	0	.	.	.
sucA.264	0	0	.	.	.
sucA.265	0	0	.	.	.
sucA.266	0	0	.	.	.
sucA.267	0	0	.	.	.
sucA.268	0	0	.	.	.
sucA.269	0	0	.	.	.
sucA.27	0	0	.	.	.
sucA.270	0	0	.	.	.
sucA.271	0	0	.	.	.
sucA.272	0	0	.	.	.
sucA.273	0	0	.	.	.
sucA.274	0	0	.	.	.
sucA.275	0	0	.	.	.
sucA.276	0	0	.	.	.
sucA.277	0	0	.	.	.
sucA.278	0	0	.	.	.
sucA.279	0	0	.	.	.
sucA.28	0	0	.	.	.
sucA.280	0	0	.	.	.
sucA.281	0	0	.	.	.
sucA.282	0	0	.	.	.
sucA.283	0	0	.	.	.
sucA.284	0	0	.	.	.
sucA.285	0	0	.	.	.
sucA.287	0	0	.	.	.
sucA.288	0	0	.	.	.
sucA.289	0	0	.	.	.
sucA.29	0	0	.	.	.
sucA.290	0	0	.	.	.
sucA.291	0	0	.	.	.
sucA.292	0	0	.	.	.
sucA.293	0	0	.	.	.
sucA.294	0	0	.	.	.
sucA.295	0	0	.	.	.
sucA.296	0	0	.	.	.
sucA.297	0	0	.	.	.
sucA.298	0	0	.	.	.
sucA.299	0	0	.	.	.
sucA.3	0	0	.	.	.
sucA.30	0	0	.	.	.
sucA.300	0	0	.	.	.
sucA.301	0	0	.	.	.
sucA.302	0	0	.	.	.
sucA.303	0	0	.	.	.
sucA.304	0	0	.	.	.
sucA.305	0	0	.	.	.
sucA.306	0	0	.	.	.
sucA.307	0	0	.	.	.
sucA.308	0	0	.	.	.
sucA.309	0	0	.	.	.
sucA.31	0	0	.	.	.
sucA.310	0	0	.	.	.
sucA.311	0	0	.	.	.
sucA.312	0	0	.	.	.
sucA.313	0	0	.	.	.
sucA.314	0	0	.	.	.
sucA.315	0	0	.	.	.
sucA.316	0	0	.	.	.
sucA.317	0	0	.	.	.
sucA.318	0	0	.	.	.
sucA.319	0	0	.	.	.
sucA.32	0	0	.	.	.
sucA.320	0	0	.	.	.
sucA.321	0	0	.	.	.
sucA.322	0	0	.	.	.
sucA.323	0	0	.	.	.
sucA.324	0	0	.	.	.
sucA.325	0	0	.	.	.
sucA.326	0	0	.	.	.
sucA.327	0	0	.	.	.
sucA.328	0	0	.	.	.
sucA.329	0	0	.	.	.
sucA.33	0	0	.	.	.
sucA.330	0	0	.	.	.
sucA.331	0	0	.	.	.
sucA.332	0	0	.	.	.
sucA.333	0	0	.	.	.
sucA.334	0	0	.	.	.
sucA.335	0	0	.	.	.
sucA.336	0	0	.	.	.
sucA.337	0	0	.	.	.
sucA.338	0	0	.	.	.
sucA.339	0	0	.	.	.
sucA.34	0	0	.	.	.
sucA.340	0	0	.	.	.
sucA.341	0	0	.	.	.
sucA.342	0	0	.	.	.
sucA.343	0	0	.	.	.
sucA.344	0	0	.	.	.
sucA.345	0	0	.	.	.
sucA.346	0	0	.	.	.
sucA.347	0	0	.	.	.
sucA.348	0	0	.	.	.
sucA.349	0	0	.	.	.
sucA.35	0	0	.	.	.
sucA.350	0	0	.	.	.
sucA.351	0	0	.	.	.
sucA.352	0	0	.	.	.
sucA.353	0	0	.	.	.
sucA.354	0	0	.	.	.
sucA.355	0	0	.	.	.
sucA.356	0	0	.	.	.
sucA.357	0	0	.	.	.
sucA.358	0	0	.	.	.
sucA.359	0	0	.	.	.
sucA.36	0	0	.	.	.
sucA.360	0	0	.	.	.
sucA.361	0	0	.	.	.
sucA.362	0	0	.	.	.
sucA.363	0	0	.	.	.
sucA.364	0	0	.	.	.
sucA.365	0	0	.	.	.
sucA.366	0	0	.	.	.
sucA.367	0	0	.	.	.
sucA.368	0	0	.	.	.
sucA.369	0	0	.	.	.
sucA.37	0	0	.	.	.
sucA.370	0	0	.	.	.
sucA.371	0	0	.	.	.
sucA.372	0	0	.	.	.
sucA.373	0	0	.	.	.
sucA.374	0	0	.	.	.
sucA.375	0	0	.	.	.
sucA.376	0	0	.	.	.
sucA.377	0	0	.	.	.
sucA.378	0	0	.	.	.
sucA.379	0	0	.	.	.
sucA.38	0	0	.	.	.
sucA.380	0	0	.	.	.
sucA.381	0	0	.	.	.
sucA.382	0	0	.	.	.
sucA.383	0	0	.	.	.
sucA.384	0	0	.	.	.
sucA.385	0	0	.	.	.
sucA.386	0	0	.	.	.
sucA.387	0	0	.	.	.
sucA.388	0	0	.	.	.
sucA.389	0	0	.	.	.
sucA.39	0	0	.	.	.
sucA.390	0	0	.	.	.
sucA.391	0	0	.	.	.
sucA.392	0	0	.	.	.
sucA.393	0	0	.	.	.
sucA.394	0	0	.	.	.
sucA.395	0	0	.	.	.
sucA.399	0	0	.	.	.
sucA.4	0	0	.	.	.
sucA.40	0	0	.	.	.
sucA.402	0	0	.	.	.
sucA.403	0	0	.	.	.
sucA.404	0	0	.	.	.
sucA.405	0	0	.	.	.
sucA.406	0	0	.	.	.
sucA.407	0	0	.	.	.
sucA.408	0	0	.	.	.
sucA.409	0	0	.	.	.
sucA.41	0	0	.	.	.
sucA.410	0	0	.	.	.
sucA.411	0	0	.	.	.
sucA.412	0	0	.	.	.
sucA.413	0	0	.	.	.
sucA.414	0	0	.	.	.
sucA.415	0	0	.	.	.
sucA.416	0	0	.	.	.
sucA.417	0	0	.	.	.
sucA.418	0	0	.	.	.
sucA.419	0	0	.	.	.
sucA.42	0	0	.	.	.
sucA.420	0	0	.	.	.
sucA.421	0	0	.	.	.
sucA.422	0	0	.	.	.
sucA.423	0	0	.	.	.
sucA.424	0	0	.	.	.
sucA.425	0	0	.	.	.
sucA.426	0	0	.	.	.
sucA.427	0	0	.	.	.
sucA.429	0	0	.	.	.
sucA.43	0	0	.	.	.
sucA.430	0	0	.	.	.
sucA.431	0	0	.	.	.
sucA.433	0	0	.	.	.
sucA.434	0	0	.	.	.
sucA.435	0	0	.	.	.
sucA.436	0	0	.	.	.
sucA.437	0	0	.	.	.
sucA.438	0	0	.	.	.
sucA.439	0	0	.	.	.
sucA.44	0	0	.	.	.
sucA.440	0	0	.	.	.
sucA.441	0	0	.	.	.
sucA.442	0	0	.	.	.
sucA.443	0	0	.	.	.
sucA.444	0	0	.	.	.
sucA.445	0	0	.	.	.
sucA.446	0	0	.	.	.
sucA.447	0	0	.	.	.
sucA.448	0	0	.	.	.
sucA.449	0	0	.	.	.
sucA.45	0	0	.	.	.
sucA.450	0	0	.	.	.
sucA.451	0	0	.	.	.
sucA.452	0	0	.	.	.
sucA.453	0	0	.	.	.
sucA.454	0	0	.	.	.
sucA.455	0	0	.	.	.
sucA.456	0	0	.	.	.
sucA.457	0	0	.	.	.
sucA.458	0	0	.	.	.
sucA.459	0	0	.	.	.
sucA.46	0	0	.	.	.
sucA.460	0	0	.	.	.
sucA.461	0	0	.	.	.
sucA.462	0	0	.	.	.
sucA.463	0	0	.	.	.
sucA.464	0	0	.	.	.
sucA.465	0	0	.	.	.
sucA.466	0	0	.	.	.
sucA.467	0	0	.	.	.
sucA.468	0	0	.	.	.
sucA.469	0	0	.	.	.
sucA.47	0	0	.	.	.
sucA.470	0	0	.	.	.
sucA.471	0	0	.	.	.
sucA.472	0	0	.	.	.
sucA.473	0	0	.	.	.
sucA.474	0	0	.	.	.
sucA.475	0	0	.	.	.
sucA.476	0	0	.	.	.
sucA.477	0	0	.	.	.
sucA.478	0	0	.	.	.
sucA.479	0	0	.	.	.
sucA.48	0	0	.	.	.
sucA.480	0	0	.	.	.
sucA.481	0	0	.	.	.
sucA.482	0	0	.	.	.
sucA.483	0	0	.	.	.
sucA.484	0	0	.	.	.
sucA.485	0	0	.	.	.
sucA.486	0	0	.	.	.
sucA.487	0	0	.	.	.
sucA.488	0	0	.	.	.
sucA.489	0	0	.	.	.
sucA.49	0	0	.	.	.
sucA.490	0	0	.	.	.
sucA.491	0	0	.	.	.
sucA.492	0	0	.	.	.
sucA.493	0	0	.	.	.
sucA.494	0	0	.	.	.
sucA.495	0	0	.	.	.
sucA.496	0	0	.	.	.
sucA.497	0	0	.	.	.
sucA.498	0	0	.	.	.
sucA.499	0	0	.	.	.
sucA.5	0	0	.	.	.
sucA.50	0	0	.	.	.
sucA.500	0	0	.	.	.
sucA.501	0	0	.	.	.
sucA.502	0	0	.	.	.
sucA.503	0	0	.	.	.
sucA.504	0	0	.	.	.
sucA.505	0	0	.	.	.
sucA.506	0	0	.	.	.
sucA.507	0	0	.	.	.
sucA.508	0	0	.	.	.
sucA.51	0	0	.	.	.
sucA.510	0	0	.	.	.
sucA.511	0	0	.	.	.
sucA.512	0	0	.	.	.
sucA.513	0	0	.	.	.
sucA.514	0	0	.	.	.
sucA.515	0	0	.	.	.
sucA.516	0	0	.	.	.
sucA.517	0	0	.	.	.
sucA.518	0	0	.	.	.
sucA.519	0	0	.	.	.
sucA.52	0	0	.	.	.
sucA.521	0	0	.	.	.
sucA.522	0	0	.	.	.
sucA.523	0	0	.	.	.
sucA.524	0	0	.	.	.
sucA.525	0	0	.	.	.
sucA.526	0	0	.	.	.
sucA.527	0	0	.	.	.
sucA.528	0	0	.	.	.
sucA.529	0	0	.	.	.
sucA.53	0	0	.	.	.
sucA.530	0	0	.	.	.
sucA.531	0	0	.	.	.
sucA.532	0	0	.	.	.
sucA.533	0	0	.	.	.
sucA.534	0	0	.	.	.
sucA.535	0	0	.	.	.
sucA.536	0	0	.	.	.
sucA.537	0	0	.	.	.
sucA.538	0	0	.	.	.
sucA.539	0	0	.	.	.
sucA.54	0	0	.	.	.
sucA.540	0	0	.	.	.
sucA.541	0	0	.	.	.
sucA.542	0	0	.	.	.
sucA.543	0	0	.	.	.
sucA.544	0	0	.	.	.
sucA.545	0	0	.	.	.
sucA.546	0	0	.	.	.
sucA.547	0	0	.	.	.
sucA.548	0	0	.	.	.
sucA.549	0	0	.	.	.
sucA.55	0	0	.	.	.
sucA.550	0	0	.	.	.
sucA.551	0	0	.	.	.
sucA.552	0	0	.	.	.
sucA.553	0	0	.	.	.
sucA.555	0	0	.	.	.
sucA.556	0	0	.	.	.
sucA.557	0	0	.	.	.
sucA.558	0	0	.	.	.
sucA.559	0	0	.	.	.
sucA.56	0	0	.	.	.
sucA.560	0	0	.	.	.
sucA.561	0	0	.	.	.
sucA.564	0	0	.	.	.
sucA.565	0	0	.	.	.
sucA.566	0	0	.	.	.
sucA.567	0	0	.	.	.
sucA.568	0	0	.	.	.
sucA.569	0	0	.	.	.
sucA.57	0	0	.	.	.
sucA.570	0	0	.	.	.
sucA.571	0	0	.	.	.
sucA.573	0	0	.	.	.
sucA.576	0	0	.	.	.
sucA.577	0	0	.	.	.
sucA.578	0	0	.	.	.
sucA.579	0	0	.	.	.
sucA.58	0	0	.	.	.
sucA.580	0	0	.	.	.
sucA.581	0	0	.	.	.
sucA.582	0	0	.	.	.
sucA.583	0	0	.	.	.
sucA.584	0	0	.	.	.
sucA.585	0	0	.	.	.
sucA.586	0	0	.	.	.
sucA.587	0	0	.	.	.
sucA.588	0	0	.	.	.
sucA.589	0	0	.	.	.
sucA.59	0	0	.	.	.
sucA.590	0	0	.	.	.
sucA.591	0	0	.	.	.
sucA.592	0	0	.	.	.
sucA.593	0	0	.	.	.
sucA.594	0	0	.	.	.
sucA.595	0	0	.	.	.
sucA.596	0	0	.	.	.
sucA.597	0	0	.	.	.
sucA.598	0	0	.	.	.
sucA.599	0	0	.	.	.
sucA.6	0	0	.	.	.
sucA.60	0	0	.	.	.
sucA.601	0	0	.	.	.
sucA.602	0	0	.	.	.
sucA.603	0	0	.	.	.
sucA.604	0	0	.	.	.
sucA.605	0	0	.	.	.
sucA.606	0	0	.	.	.
sucA.607	0	0	.	.	.
sucA.609	0	0	.	.	.
sucA.61	0	0	.	.	.
sucA.610	0	0	.	.	.
sucA.611	0	0	.	.	.
sucA.612	0	0	.	.	.
sucA.613	0	0	.	.	.
sucA.614	0	0	.	.	.
sucA.615	0	0	.	.	.
sucA.616	0	0	.	.	.
sucA.617	0	0	.	.	.
sucA.618	0	0	.	.	.
sucA.619	0	0	.	.	.
sucA.62	0	0	.	.	.
sucA.620	0	0	.	.	.
sucA.621	0	0	.	.	.
sucA.622	0	0	.	.	.
sucA.623	0	0	.	.	.
sucA.624	0	0	.	.	.
sucA.625	0	0	.	.	.
sucA.626	0	0	.	.	.
sucA.627	0	0	.	.	.
sucA.628	0	0	.	.	.
sucA.629	0	0	.	.	.
sucA.63	0	0	.	.	.
sucA.630	0	0	.	.	.
sucA.631	0	0	.	.	.
sucA.632	0	0	.	.	.
sucA.633	0	0	.	.	.
sucA.635	0	0	.	.	.
sucA.636	0	0	.	.	.
sucA.637	0	0	.	.	.
sucA.638	0	0	.	.	.
sucA.639	0	0	.	.	.
sucA.64	0	0	.	.	.
sucA.640	0	0	.	.	.
sucA.641	0	0	.	.	.
sucA.642	0	0	.	.	.
sucA.643	0	0	.	.	.
sucA.644	0	0	.	.	.
sucA.646	0	0	.	.	.
sucA.647	0	0	.	.	.
sucA.648	0	0	.	.	.
sucA.649	0	0	.	.	.
sucA.65	0	0	.	.	.
sucA.650	0	0	.	.	.
sucA.651	0	0	.	.	.
sucA.652	0	0	.	.	.
sucA.653	0	0	.	.	.
sucA.654	0	0	.	.	.
sucA.655	0	0	.	.	.
sucA.656	0	0	.	.	.
sucA.657	0	0	.	.	.
sucA.658	0	0	.	.	.
sucA.659	0	0	.	.	.
sucA.66	0	0	.	.	.
sucA.660	0	0	.	.	.
sucA.661	0	0	.	.	.
sucA.662	0	0	.	.	.
sucA.663	0	0	.	.	.
sucA.664	0	0	.	.	.
sucA.665	0	0	.	.	.
sucA.668	0	0	.	.	.
sucA.67	0	0	.	.	.
sucA.670	0	0	.	.	.
sucA.671	0	0	.	.	.
sucA.672	0	0	.	.	.
sucA.673	0	0	.	.	.
sucA.674	0	0	.	.	.
sucA.675	0	0	.	.	.
sucA.676	0	0	.	.	.
sucA.677	0	0	.	.	.
sucA.678	0	0	.	.	.
sucA.679	0	0	.	.	.
sucA.68	0	0	.	.	.
sucA.680	0	0	.	.	.
sucA.681	0	0	.	.	.
sucA.682	0	0	.	.	.
sucA.683	0	0	.	.	.
sucA.684	0	0	.	.	.
sucA.685	0	0	.	.	.
sucA.686	0	0	.	.	.
sucA.687	0	0	.	.	.
sucA.688	0	0	.	.	.
sucA.689	0	0	.	.	.
sucA.69	0	0	.	.	.
sucA.690	0	0	.	.	.
sucA.691	0	0	.	.	.
sucA.692	0	0	.	.	.
sucA.693	0	0	.	.	.
sucA.694	0	0	.	.	.
sucA.695	0	0	.	.	.
sucA.696	0	0	.	.	.
sucA.697	0	0	.	.	.
sucA.698	0	0	.	.	.
sucA.699	0	0	.	.	.
sucA.7	0	0	.	.	.
sucA.70	0	0	.	.	.
sucA.700	0	0	.	.	.
sucA.701	0	0	.	.	.
sucA.702	0	0	.	.	.
sucA.703	0	0	.	.	.
sucA.704	0	0	.	.	.
sucA.705	0	0	.	.	.
sucA.706	0	0	.	.	.
sucA.707	0	0	.	.	.
sucA.708	0	0	.	.	.
sucA.709	0	0	.	.	.
sucA.71	0	0	.	.	.
sucA.710	0	0	.	.	.
sucA.711	0	0	.	.	.
sucA.712	0	0	.	.	.
sucA.713	0	0	.	.	.
sucA.714	0	0	.	.	.
sucA.715	0	0	.	.	.
sucA.716	0	0	.	.	.
sucA.717	0	0	.	.	.
sucA.718	0	0	.	.	.
sucA.719	0	0	.	.	.
sucA.72	0	0	.	.	.
sucA.720	0	0	.	.	.
sucA.721	0	0	.	.	.
sucA.722	0	0	.	.	.
sucA.723	0	0	.	.	.
sucA.724	0	0	.	.	.
sucA.725	0	0	.	.	.
sucA.726	0	0	.	.	.
sucA.727	0	0	.	.	.
sucA.728	0	0	.	.	.
sucA.73	0	0	.	.	.
sucA.730	0	0	.	.	.
sucA.732	0	0	.	.	.
sucA.733	0	0	.	.	.
sucA.734	0	0	.	.	.
sucA.735	0	0	.	.	.
sucA.736	0	0	.	.	.
sucA.737	0	0	.	.	.
sucA.738	0	0	.	.	.
sucA.739	0	0	.	.	.
sucA.74	0	0	.	.	.
sucA.741	0	0	.	.	.
sucA.742	0	0	.	.	.
sucA.743	0	0	.	.	.
sucA.744	0	0	.	.	.
sucA.745	0	0	.	.	.
sucA.746	0	0	.	.	.
sucA.747	0	0	.	.	.
sucA.748	0	0	.	.	.
sucA.749	0	0	.	.	.
sucA.75	0	0	.	.	.
sucA.76	0	0	.	.	.
sucA.77	0	0	.	.	.
sucA.78	0	0	.	.	.
sucA.79	0	0	.	.	.
sucA.8	0	0	.	.	.
sucA.83	0	0	.	.	.
sucA.84	0	0	.	.	.
sucA.85	0	0	.	.	.
sucA.86	0	0	.	.	.
sucA.87	0	0	.	.	.
sucA.88	0	0	.	.	.
sucA.89	0	0	.	.	.
sucA.9	0	0	.	.	.
sucA.90	0	0	.	.	.
sucA.91	0	0	.	.	.
sucA.92	0	0	.	.	.
sucA.93	0	0	.	.	.
sucA.94	0	0	.	.	.
sucA.95	0	0	.	.	.
sucA.96	0	0	.	.	.
sucA.97	0	0	.	.	.
sucA.98	0	0	.	.	.
sucA.99	0	0	.	.	.
thrA.1	0	0	.	.	.
thrA.10	0	0	.	.	.
thrA.100	0	0	.	.	.
thrA.101	0	0	.	.	.
thrA.102	0	0	.	.	.
thrA.103	0	0	.	.	.
thrA.104	0	0	.	.	.
thrA.105	0	0	.	.	.
thrA.106	0	0	.	.	.
thrA.107	0	0	.	.	.
thrA.108	0	0	.	.	.
thrA.109	0	0	.	.	.
thrA.11	0	0	.	.	.
thrA.110	0	0	.	.	.
thrA.111	0	0	.	.	.
thrA.112	0	0	.	.	.
thrA.113	0	0	.	.	.
thrA.114	0	0	.	.	.
thrA.115	0	0	.	.	.
thrA.116	0	0	.	.	.
thrA.117	0	0	.	.	.
thrA.118	0	0	.	.	.
thrA.119	0	0	.	.	.
thrA.12	0	0	.	.	.
thrA.120	0	0	.	.	.
thrA.121	0	0	.	.	.
thrA.122	0	0	.	.	.
thrA.123	0	0	.	.	.
thrA.124	0	0	.	.	.
thrA.125	0	0	.	.	.
thrA.126	0	0	.	.	.
thrA.127	0	0	.	.	.
thrA.128	0	0	.	.	.
thrA.129	0	0	.	.	.
thrA.13	0	0	.	.	.
thrA.130	0	0	.	.	.
thrA.131	0	0	.	.	.
thrA.132	0	0	.	.	.
thrA.133	0	0	.	.	.
thrA.134	0	0	.	.	.
thrA.135	0	0	.	.	.
thrA.136	0	0	.	.	.
thrA.137	0	0	.	.	.
thrA.138	0	0	.	.	.
thrA.139	0	0	.	.	.
thrA.14	0	0	.	.	.
thrA.140	0	0	.	.	.
thrA.141	0	0	.	.	.
thrA.142	0	0	.	.	.
thrA.143	0	0	.	.	.
thrA.144	0	0	.	.	.
thrA.145	0	0	.	.	.
thrA.146	0	0	.	.	.
thrA.147	0	0	.	.	.
thrA.148	0	0	.	.	.
thrA.149	0	0	.	.	.
thrA.15	0	0	.	.	.
thrA.150	0	0	.	.	.
thrA.151	0	0	.	.	.
thrA.152	0	0	.	.	.
thrA.153	0	0	.	.	.
thrA.154	0	0	.	.	.
thrA.156	0	0	.	.	.
thrA.157	0	0	.	.	.
thrA.158	0	0	.	.	.
thrA.159	0	0	.	.	.
thrA.16	0	0	.	.	.
thrA.160	0	0	.	.	.
thrA.161	0	0	.	.	.
thrA.162	0	0	.	.	.
thrA.163	0	0	.	.	.
thrA.164	0	0	.	.	.
thrA.165	0	0	.	.	.
thrA.166	0	0	.	.	.
thrA.167	0	0	.	.	.
thrA.168	0	0	.	.	.
thrA.169	0	0	.	.	.
thrA.17	0	0	.	.	.
thrA.170	0	0	.	.	.
thrA.171	0	0	.	.	.
thrA.172	0	0	.	.	.
thrA.173	0	0	.	.	.
thrA.174	0	0	.	.	.
thrA.175	0	0	.	.	.
thrA.176	0	0	.	.	.
thrA.177	0	0	.	.	.
thrA.178	0	0	.	.	.
thrA.179	0	0	.	.	.
thrA.18	0	0	.	.	.
thrA.180	0	0	.	.	.
thrA.181	0	0	.	.	.
thrA.182	0	0	.	.	.
thrA.183	0	0	.	.	.
thrA.184	0	0	.	.	.
thrA.185	0	0	.	.	.
thrA.186	0	0	.	.	.
thrA.187	0	0	.	.	.
thrA.188	0	0	.	.	.
thrA.189	0	0	.	.	.
thrA.19	0	0	.	.	.
thrA.190	0	0	.	.	.
thrA.191	0	0	.	.	.
thrA.192	0	0	.	.	.
thrA.193	0	0	.	.	.
thrA.194	0	0	.	.	.
thrA.195	0	0	.	.	.
thrA.196	0	0	.	.	.
thrA.198	0	0	.	.	.
thrA.199	0	0	.	.	.
thrA.2	0	0	.	.	.
thrA.20	0	0	.	.	.
thrA.200	0	0	.	.	.
thrA.201	0	0	.	.	.
thrA.202	0	0	.	.	.
thrA.203	0	0	.	.	.
thrA.204	0	0	.	.	.
thrA.205	0	0	.	.	.
thrA.206	0	0	.	.	.
thrA.208	0	0	.	.	.
thrA.209	0	0	.	.	.
thrA.21	0	0	.	.	.
thrA.210	0	0	.	.	.
thrA.211	0	0	.	.	.
thrA.214	0	0	.	.	.
thrA.215	0	0	.	.	.
thrA.216	0	0	.	.	.
thrA.217	0	0	.	.	.
thrA.218	0	0	.	.	.
thrA.219	0	0	.	.	.
thrA.22	0	0	.	.	.
thrA.220	0	0	.	.	.
thrA.221	0	0	.	.	.
thrA.222	0	0	.	.	.
thrA.224	0	0	.	.	.
thrA.225	0	0	.	.	.
thrA.226	0	0	.	.	.
thrA.227	0	0	.	.	.
thrA.228	0	0	.	.	.
thrA.229	0	0	.	.	.
thrA.23	0	0	.	.	.
thrA.230	0	0	.	.	.
thrA.231	0	0	.	.	.
thrA.232	0	0	.	.	.
thrA.233	0	0	.	.	.
thrA.234	0	0	.	.	.
thrA.235	0	0	.	.	.
thrA.236	0	0	.	.	.
thrA.237	0	0	.	.	.
thrA.238	0	0	.	.	.
thrA.239	0	0	.	.	.
thrA.24	0	0	.	.	.
thrA.240	0	0	.	.	.
thrA.241	0	0	.	.	.
thrA.242	0	0	.	.	.
thrA.243	0	0	.	.	.
thrA.244	0	0	.	.	.
thrA.245	0	0	.	.	.
thrA.246	0	0	.	.	.
thrA.247	0	0	.	.	.
thrA.248	0	0	.	.	.
thrA.249	0	0	.	.	.
thrA.25	0	0	.	.	.
thrA.250	0	0	.	.	.
thrA.251	0	0	.	.	.
thrA.252	0	0	.	.	.
thrA.253	0	0	.	.	.
thrA.254	0	0	.	.	.
thrA.255	0	0	.	.	.
thrA.256	0	0	.	.	.
thrA.257	0	0	.	.	.
thrA.258	0	0	.	.	.
thrA.259	0	0	.	.	.
thrA.26	0	0	.	.	.
thrA.260	0	0	.	.	.
thrA.261	0	0	.	.	.
thrA.262	0	0	.	.	.
thrA.263	0	0	.	.	.
thrA.264	0	0	.	.	.
thrA.265	0	0	.	.	.
thrA.266	0	0	.	.	.
thrA.267	0	0	.	.	.
thrA.268	0	0	.	.	.
thrA.269	0	0	.	.	.
thrA.27	0	0	.	.	.
thrA.270	0	0	.	.	.
thrA.272	0	0	.	.	.
thrA.273	0	0	.	.	.
thrA.274	0	0	.	.	.
thrA.275	0	0	.	.	.
thrA.276	0	0	.	.	.
thrA.277	0	0	.	.	.
thrA.278	0	0	.	.	.
thrA.28	0	0	.	.	.
thrA.280	0	0	.	.	.
thrA.281	0	0	.	.	.
thrA.282	0	0	.	.	.
thrA.283	0	0	.	.	.
thrA.284	0	0	.	.	.
thrA.285	0	0	.	.	.
thrA.286	0	0	.	.	.
thrA.287	0	0	.	.	.
thrA.288	0	0	.	.	.
thrA.289	0	0	.	.	.
thrA.29	0	0	.	.	.
thrA.290	0	0	.	.	.
thrA.291	0	0	.	.	.
thrA.292	0	0	.	.	.
thrA.293	0	0	.	.	.
thrA.294	0	0	.	.	.
thrA.295	0	0	.	.	.
thrA.296	0	0	.	.	.
thrA.297	0	0	.	.	.
thrA.298	0	0	.	.	.
thrA.299	0	0	.	.	.
thrA.3	0	0	.	.	.
thrA.30	0	0	.	.	.
thrA.300	0	0	.	.	.
thrA.301	0	0	.	.	.
thrA.302	0	0	.	.	.
thrA.303	0	0	.	.	.
thrA.304	0	0	.	.	.
thrA.305	0	0	.	.	.
thrA.306	0	0	.	.	.
thrA.307	0	0	.	.	.
thrA.308	0	0	.	.	.
thrA.309	0	0	.	.	.
thrA.31	0	0	.	.	.
thrA.310	0	0	.	.	.
thrA.311	0	0	.	.	.
thrA.312	0	0	.	.	.
thrA.313	0	0	.	.	.
thrA.314	0	0	.	.	.
thrA.315	0	0	.	.	.
thrA.316	0	0	.	.	.
thrA.317	0	0	.	.	.
thrA.318	0	0	.	.	.
thrA.319	0	0	.	.	.
thrA.32	0	0	.	.	.
thrA.320	0	0	.	.	.
thrA.321	0	0	.	.	.
thrA.322	0	0	.	.	.
thrA.323	0	0	.	.	.
thrA.324	0	0	.	.	.
thrA.325	0	0	.	.	.
thrA.326	0	0	.	.	.
thrA.327	0	0	.	.	.
thrA.328	0	0	.	.	.
thrA.329	0	0	.	.	.
thrA.33	0	0	.	.	.
thrA.330	0	0	.	.	.
thrA.331	0	0	.	.	.
thrA.332	0	0	.	.	.
thrA.333	0	0	.	.	.
thrA.334	0	0	.	.	.
thrA.335	0	0	.	.	.
thrA.336	0	0	.	.	.
thrA.337	0	0	.	.	.
thrA.338	0	0	.	.	.
thrA.339	0	0	.	.	.
thrA.34	0	0	.	.	.
thrA.340	0	0	.	.	.
thrA.341	0	0	.	.	.
thrA.342	0	0	.	.	.
thrA.343	0	0	.	.	.
thrA.344	0	0	.	.	.
thrA.345	0	0	.	.	.
thrA.346	0	0	.	.	.
thrA.347	0	0	.	.	.
thrA.348	0	0	.	.	.
thrA.349	0	0	.	.	.
thrA.350	0	0	.	.	.
thrA.351	0	0	.	.	.
thrA.352	0	0	.	.	.
thrA.353	0	0	.	.	.
thrA.354	0	0	.	.	.
thrA.355	0	0	.	.	.
thrA.356	0	0	.	.	.
thrA.357	0	0	.	.	.
thrA.358	0	0	.	.	.
thrA.359	0	0	.	.	.
thrA.36	0	0	.	.	.
thrA.360	0	0	.	.	.
thrA.361	0	0	.	.	.
thrA.362	0	0	.	.	.
thrA.363	0	0	.	.	.
thrA.364	0	0	.	.	.
thrA.365	0	0	.	.	.
thrA.366	0	0	.	.	.
thrA.367	0	0	.	.	.
thrA.368	0	0	.	.	.
thrA.369	0	0	.	.	.
thrA.37	0	0	.	.	.
thrA.370	0	0	.	.	.
thrA.371	0	0	.	.	.
thrA.372	0	0	.	.	.
thrA.373	0	0	.	.	.
thrA.374	0	0	.	.	.
thrA.375	0	0	.	.	.
thrA.376	0	0	.	.	.
thrA.377	0	0	.	.	.
thrA.378	0	0	.	.	.
thrA.379	0	0	.	.	.
thrA.38	0	0	.	.	.
thrA.380	0	0	.	.	.
thrA.381	0	0	.	.	.
thrA.382	0	0	.	.	.
thrA.383	0	0	.	.	.
thrA.384	0	0	.	.	.
thrA.385	0	0	.	.	.
thrA.386	0	0	.	.	.
thrA.387	0	0	.	.	.
thrA.388	0	0	.	.	.
thrA.389	0	0	.	.	.
thrA.39	0	0	.	.	.
thrA.390	0	0	.	.	.
thrA.391	0	0	.	.	.
thrA.392	0	0	.	.	.
thrA.393	0	0	.	.	.
thrA.394	0	0	.	.	.
thrA.395	0	0	.	.	.
thrA.396	0	0	.	.	.
thrA.397	0	0	.	.	.
thrA.398	0	0	.	.	.
thrA.399	0	0	.	.	.
thrA.4	0	0	.	.	.
thrA.40	0	0	.	.	.
thrA.400	0	0	.	.	.
thrA.401	0	0	.	.	.
thrA.402	0	0	.	.	.
thrA.403	0	0	.	.	.
thrA.404	0	0	.	.	.
thrA.405	0	0	.	.	.
thrA.406	0	0	.	.	.
thrA.407	0	0	.	.	.
thrA.408	0	0	.	.	.
thrA.409	0	0	.	.	.
thrA.41	0	0	.	.	.
thrA.410	0	0	.	.	.
thrA.411	0	0	.	.	.
thrA.412	0	0	.	.	.
thrA.413	0	0	.	.	.
thrA.414	0	0	.	.	.
thrA.415	0	0	.	.	.
thrA.416	0	0	.	.	.
thrA.417	0	0	.	.	.
thrA.418	0	0	.	.	.
thrA.419	0	0	.	.	.
thrA.42	0	0	.	.	.
thrA.420	0	0	.	.	.
thrA.421	0	0	.	.	.
thrA.422	0	0	.	.	.
thrA.423	0	0	.	.	.
thrA.424	0	0	.	.	.
thrA.425	0	0	.	.	.
thrA.426	0	0	.	.	.
thrA.427	0	0	.	.	.
thrA.428	0	0	.	.	.
thrA.43	0	0	.	.	.
thrA.432	0	0	.	.	.
thrA.434	0	0	.	.	.
thrA.435	0	0	.	.	.
thrA.438	0	0	.	.	.
thrA.439	0	0	.	.	.
thrA.44	0	0	.	.	.
thrA.440	0	0	.	.	.
thrA.442	0	0	.	.	.
thrA.443	0	0	.	.	.
thrA.446	0	0	.	.	.
thrA.447	0	0	.	.	.
thrA.448	0	0	.	.	.
thrA.449	0	0	.	.	.
thrA.45	0	0	.	.	.
thrA.450	0	0	.	.	.
thrA.451	0	0	.	.	.
thrA.452	0	0	.	.	.
thrA.453	0	0	.	.	.
thrA.454	0	0	.	.	.
thrA.455	0	0	.	.	.
thrA.456	0	0	.	.	.
thrA.457	0	0	.	.	.
thrA.458	0	0	.	.	.
thrA.459	0	0	.	.	.
thrA.46	0	0	.	.	.
thrA.460	0	0	.	.	.
thrA.461	0	0	.	.	.
thrA.462	0	0	.	.	.
thrA.463	0	0	.	.	.
thrA.464	0	0	.	.	.
thrA.465	0	0	.	.	.
thrA.466	0	0	.	.	.
thrA.467	0	0	.	.	.
thrA.468	0	0	.	.	.
thrA.469	0	0	.	.	.
thrA.47	0	0	.	.	.
thrA.470	0	0	.	.	.
thrA.471	0	0	.	.	.
thrA.472	0	0	.	.	.
thrA.473	0	0	.	.	.
thrA.474	0	0	.	.	.
thrA.475	0	0	.	.	.
thrA.476	0	0	.	.	.
thrA.477	0	0	.	.	.
thrA.478	0	0	.	.	.
thrA.48	0	0	.	.	.
thrA.480	0	0	.	.	.
thrA.481	0	0	.	.	.
thrA.482	0	0	.	.	.
thrA.483	0	0	.	.	.
thrA.484	0	0	.	.	.
thrA.485	0	0	.	.	.
thrA.487	0	0	.	.	.
thrA.488	0	0	.	.	.
thrA.49	0	0	.	.	.
thrA.490	0	0	.	.	.
thrA.491	0	0	.	.	.
thrA.492	0	0	.	.	.
thrA.493	0	0	.	.	.
thrA.494	0	0	.	.	.
thrA.495	0	0	.	.	.
thrA.496	0	0	.	.	.
thrA.497	0	0	.	.	.
thrA.498	0	0	.	.	.
thrA.499	0	0	.	.	.
thrA.5	0	0	.	.	.
thrA.50	0	0	.	.	.
thrA.500	0	0	.	.	.
thrA.501	0	0	.	.	.
thrA.502	0	0	.	.	.
thrA.503	0	0	.	.	.
thrA.504	0	0	.	.	.
thrA.505	0	0	.	.	.
thrA.506	0	0	.	.	.
thrA.507	0	0	.	.	.
thrA.508	0	0	.	.	.
thrA.509	0	0	.	.	.
thrA.51	0	0	.	.	.
thrA.510	0	0	.	.	.
thrA.511	0	0	.	.	.
thrA.512	0	0	.	.	.
thrA.513	0	0	.	.	.
thrA.514	0	0	.	.	.
thrA.515	0	0	.	.	.
thrA.516	0	0	.	.	.
thrA.517	0	0	.	.	.
thrA.518	0	0	.	.	.
thrA.519	0	0	.	.	.
thrA.52	0	0	.	.	.
thrA.520	0	0	.	.	.
thrA.521	0	0	.	.	.
thrA.522	0	0	.	.	.
thrA.523	0	0	.	.	.
thrA.524	0	0	.	.	.
thrA.525	0	0	.	.	.
thrA.526	0	0	.	.	.
thrA.527	0	0	.	.	.
thrA.528	0	0	.	.	.
thrA.529	0	0	.	.	.
thrA.53	0	0	.	.	.
thrA.530	0	0	.	.	.
thrA.531	0	0	.	.	.
thrA.532	0	0	.	.	.
thrA.533	0	0	.	.	.
thrA.534	0	0	.	.	.
thrA.535	0	0	.	.	.
thrA.536	0	0	.	.	.
thrA.537	0	0	.	.	.
thrA.538	0	0	.	.	.
thrA.539	0	0	.	.	.
thrA.54	0	0	.	.	.
thrA.540	0	0	.	.	.
thrA.541	0	0	.	.	.
thrA.542	0	0	.	.	.
thrA.543	0	0	.	.	.
thrA.544	0	0	.	.	.
thrA.545	0	0	.	.	.
thrA.546	0	0	.	.	.
thrA.547	0	0	.	.	.
thrA.548	0	0	.	.	.
thrA.549	0	0	.	.	.
thrA.55	0	0	.	.	.
thrA.550	0	0	.	.	.
thrA.551	0	0	.	.	.
thrA.552	0	0	.	.	.
thrA.553	0	0	.	.	.
thrA.554	0	0	.	.	.
thrA.555	0	0	.	.	.
thrA.558	0	0	.	.	.
thrA.559	0	0	.	.	.
thrA.56	0	0	.	.	.
thrA.560	0	0	.	.	.
thrA.561	0	0	.	.	.
thrA.562	0	0	.	.	.
thrA.564	0	0	.	.	.
thrA.565	0	0	.	.	.
thrA.566	0	0	.	.	.
thrA.567	0	0	.	.	.
thrA.568	0	0	.	.	.
thrA.569	0	0	.	.	.
thrA.57	0	0	.	.	.
thrA.570	0	0	.	.	.
thrA.571	0	0	.	.	.
thrA.572	0	0	.	.	.
thrA.573	0	0	.	.	.
thrA.574	0	0	.	.	.
thrA.575	0	0	.	.	.
thrA.576	0	0	.	.	.
thrA.577	0	0	.	.	.
thrA.578	0	0	.	.	.
thrA.579	0	0	.	.	.
thrA.58	0	0	.	.	.
thrA.580	0	0	.	.	.
thrA.581	0	0	.	.	.
thrA.582	0	0	.	.	.
thrA.583	0	0	.	.	.
thrA.584	0	0	.	.	.
thrA.585	0	0	.	.	.
thrA.586	0	0	.	.	.
thrA.587	0	0	.	.	.
thrA.588	0	0	.	.	.
thrA.589	0	0	.	.	.
thrA.59	0	0	.	.	.
thrA.590	0	0	.	.	.
thrA.591	0	0	.	.	.
thrA.592	0	0	.	.	.
thrA.594	0	0	.	.	.
thrA.595	0	0	.	.	.
thrA.596	0	0	.	.	.
thrA.597	0	0	.	.	.
thrA.598	0	0	.	.	.
thrA.599	0	0	.	.	.
thrA.6	0	0	.	.	.
thrA.60	0	0	.	.	.
thrA.600	0	0	.	.	.
thrA.601	0	0	.	.	.
thrA.602	0	0	.	.	.
thrA.603	0	0	.	.	.
thrA.604	0	0	.	.	.
thrA.606	0	0	.	.	.
thrA.607	0	0	.	.	.
thrA.608	0	0	.	.	.
thrA.609	0	0	.	.	.
thrA.61	0	0	.	.	.
thrA.610	0	0	.	.	.
thrA.611	0	0	.	.	.
thrA.612	0	0	.	.	.
thrA.613	0	0	.	.	.
thrA.615	0	0	.	.	.
thrA.616	0	0	.	.	.
thrA.617	0	0	.	.	.
thrA.618	0	0	.	.	.
thrA.619	0	0	.	.	.
thrA.62	0	0	.	.	.
thrA.620	0	0	.	.	.
thrA.621	0	0	.	.	.
thrA.622	0	0	.	.	.
thrA.623	0	0	.	.	.
thrA.624	0	0	.	.	.
thrA.625	0	0	.	.	.
thrA.626	0	0	.	.	.
thrA.628	0	0	.	.	.
thrA.629	0	0	.	.	.
thrA.63	0	0	.	.	.
thrA.630	0	0	.	.	.
thrA.631	0	0	.	.	.
thrA.632	0	0	.	.	.
thrA.633	0	0	.	.	.
thrA.634	0	0	.	.	.
thrA.635	0	0	.	.	.
thrA.636	0	0	.	.	.
thrA.637	0	0	.	.	.
thrA.638	0	0	.	.	.
thrA.639	0	0	.	.	.
thrA.64	0	0	.	.	.
thrA.640	0	0	.	.	.
thrA.643	0	0	.	.	.
thrA.644	0	0	.	.	.
thrA.645	0	0	.	.	.
thrA.646	0	0	.	.	.
thrA.647	0	0	.	.	.
thrA.648	0	0	.	.	.
thrA.649	0	0	.	.	.
thrA.65	0	0	.	.	.
thrA.650	0	0	.	.	.
thrA.651	0	0	.	.	.
thrA.652	0	0	.	.	.
thrA.653	0	0	.	.	.
thrA.654	0	0	.	.	.
thrA.656	0	0	.	.	.
thrA.657	0	0	.	.	.
thrA.658	0	0	.	.	.
thrA.659	0	0	.	.	.
thrA.66	0	0	.	.	.
thrA.660	0	0	.	.	.
thrA.662	0	0	.	.	.
thrA.663	0	0	.	.	.
thrA.664	0	0	.	.	.
thrA.665	0	0	.	.	.
thrA.666	0	0	.	.	.
thrA.667	0	0	.	.	.
thrA.668	0	0	.	.	.
thrA.669	0	0	.	.	.
thrA.67	0	0	.	.	.
thrA.670	0	0	.	.	.
thrA.671	0	0	.	.	.
thrA.672	0	0	.	.	.
thrA.673	0	0	.	.	.
thrA.674	0	0	.	.	.
thrA.675	0	0	.	.	.
thrA.676	0	0	.	.	.
thrA.677	0	0	.	.	.
thrA.678	0	0	.	.	.
thrA.679	0	0	.	.	.
thrA.68	0	0	.	.	.
thrA.680	0	0	.	.	.
thrA.682	0	0	.	.	.
thrA.683	0	0	.	.	.
thrA.684	0	0	.	.	.
thrA.685	0	0	.	.	.
thrA.686	0	0	.	.	.
thrA.687	0	0	.	.	.
thrA.688	0	0	.	.	.
thrA.689	0	0	.	.	.
thrA.690	0	0	.	.	.
thrA.691	0	0	.	.	.
thrA.692	0	0	.	.	.
thrA.693	0	0	.	.	.
thrA.694	0	0	.	.	.
thrA.695	0	0	.	.	.
thrA.696	0	0	.	.	.
thrA.697	0	0	.	.	.
thrA.698	0	0	.	.	.
thrA.699	0	0	.	.	.
thrA.7	0	0	.	.	.
thrA.70	0	0	.	.	.
thrA.700	0	0	.	.	.
thrA.701	0	0	.	.	.
thrA.702	0	0	.	.	.
thrA.703	0	0	.	.	.
thrA.704	0	0	.	.	.
thrA.705	0	0	.	.	.
thrA.706	0	0	.	.	.
thrA.707	0	0	.	.	.
thrA.708	0	0	.	.	.
thrA.709	0	0	.	.	.
thrA.71	0	0	.	.	.
thrA.710	0	0	.	.	.
thrA.711	0	0	.	.	.
thrA.712	0	0	.	.	.
thrA.713	0	0	.	.	.
thrA.714	0	0	.	.	.
thrA.715	0	0	.	.	.
thrA.716	0	0	.	.	.
thrA.717	0	0	.	.	.
thrA.718	0	0	.	.	.
thrA.719	0	0	.	.	.
thrA.72	0	0	.	.	.
thrA.720	0	0	.	.	.
thrA.723	0	0	.	.	.
thrA.724	0	0	.	.	.
thrA.725	0	0	.	.	.
thrA.726	0	0	.	.	.
thrA.727	0	0	.	.	.
thrA.728	0	0	.	.	.
thrA.729	0	0	.	.	.
thrA.730	0	0	.	.	.
thrA.731	0	0	.	.	.
thrA.732	0	0	.	.	.
thrA.733	0	0	.	.	.
thrA.734	0	0	.	.	.
thrA.735	0	0	.	.	.
thrA.736	0	0	.	.	.
thrA.737	0	0	.	.	.
thrA.738	0	0	.	.	.
thrA.739	0	0	.	.	.
thrA.740	0	0	.	.	.
thrA.741	0	0	.	.	.
thrA.742	0	0	.	.	.
thrA.743	0	0	.	.	.
thrA.744	0	0	.	.	.
thrA.745	0	0	.	.	.
thrA.746	0	0	.	.	.
thrA.747	0	0	.	.	.
thrA.748	0	0	.	.	.
thrA.749	0	0	.	.	.
thrA.75	0	0	.	.	.
thrA.750	0	0	.	.	.
thrA.751	0	0	.	.	.
thrA.753	0	0	.	.	.
thrA.754	0	0	.	.	.
thrA.755	0	0	.	.	.
thrA.756	0	0	.	.	.
thrA.757	0	0	.	.	.
thrA.758	0	0	.	.	.
thrA.759	0	0	.	.	.
thrA.76	0	0	.	.	.
thrA.760	0	0	.	.	.
thrA.761	0	0	.	.	.
thrA.762	0	0	.	.	.
thrA.763	0	0	.	.	.
thrA.764	0	0	.	.	.
thrA.765	0	0	.	.	.
thrA.766	0	0	.	.	.
thrA.767	0	0	.	.	.
thrA.768	0	0	.	.	.
thrA.769	0	0	.	.	.
thrA.77	0	0	.	.	.
thrA.770	0	0	.	.	.
thrA.771	0	0	.	.	.
thrA.772	0	0	.	.	.
thrA.773	0	0	.	.	.
thrA.774	0	0	.	.	.
thrA.775	0	0	.	.	.
thrA.776	0	0	.	.	.
thrA.777	0	0	.	.	.
thrA.778	0	0	.	.	.
thrA.78	0	0	.	.	.
thrA.780	0	0	.	.	.
thrA.781	0	0	.	.	.
thrA.782	0	0	.	.	.
thrA.783	0	0	.	.	.
thrA.784	0	0	.	.	.
thrA.785	0	0	.	.	.
thrA.786	0	0	.	.	.
thrA.787	0	0	.	.	.
thrA.788	0	0	.	.	.
thrA.789	0	0	.	.	.
thrA.79	0	0	.	.	.
thrA.790	0	0	.	.	.
thrA.791	0	0	.	.	.
thrA.792	0	0	.	.	.
thrA.793	0	0	.	.	.
thrA.794	0	0	.	.	.
thrA.795	0	0	.	.	.
thrA.796	0	0	.	.	.
thrA.797	0	0	.	.	.
thrA.798	0	0	.	.	.
thrA.799	0	0	.	.	.
thrA.8	0	0	.	.	.
thrA.80	0	0	.	.	.
thrA.800	0	0	.	.	.
thrA.801	0	0	.	.	.
thrA.802	0	0	.	.	.
thrA.803	0	0	.	.	.
thrA.804	0	0	.	.	.
thrA.805	0	0	.	.	.
thrA.806	0	0	.	.	.
thrA.807	0	0	.	.	.
thrA.808	0	0	.	.	.
thrA.809	0	0	.	.	.
thrA.81	0	0	.	.	.
thrA.810	0	0	.	.	.
thrA.811	0	0	.	.	.
thrA.812	0	0	.	.	.
thrA.813	0	0	.	.	.
thrA.814	0	0	.	.	.
thrA.815	0	0	.	.	.
thrA.816	0	0	.	.	.
thrA.817	0	0	.	.	.
thrA.818	0	0	.	.	.
thrA.819	0	0	.	.	.
thrA.82	0	0	.	.	.
thrA.820	0	0	.	.	.
thrA.821	0	0	.	.	.
thrA.822	0	0	.	.	.
thrA.823	0	0	.	.	.
thrA.824	0	0	.	.	.
thrA.825	0	0	.	.	.
thrA.826	0	0	.	.	.
thrA.827	0	0	.	.	.
thrA.828	0	0	.	.	.
thrA.829	0	0	.	.	.
thrA.83	0	0	.	.	.
thrA.830	0	0	.	.	.
thrA.831	0	0	.	.	.
thrA.832	0	0	.	.	.
thrA.833	0	0	.	.	.
thrA.834	0	0	.	.	.
thrA.84	0	0	.	.	.
thrA.85	0	0	.	.	.
thrA.86	0	0	.	.	.
thrA.87	0	0	.	.	.
thrA.88	0	0	.	.	.
thrA.89	0	0	.	.	.
thrA.9	0	0	.	.	.
thrA.90	0	0	.	.	.
thrA.91	0	0	.	.	.
thrA.92	0	0	.	.	.
thrA.93	0	0	.	.	.
thrA.94	0	0	.	.	.
thrA.95	0	0	.	.	.
thrA.96	0	0	.	.	.
thrA.97	0	0	.	.	.
thrA.98	0	0	.	.	.
thrA.99	0	0	.	.	.
